date,code,name,open,high,low,close,volume,value
2026-04-01,2308,台達電,1465,1495,1450,1475,12559029,18524567775.0
2026-04-01,2317,鴻海,195,197.5,194.5,197,45229464,8910204408.0
2026-04-01,2330,台積電,1840,1855,1830,1855,46457423,86178519665.0
2026-04-01,2382,廣達,287,291,285,290.5,18751067,5447184963.5
2026-04-01,2454,聯發科,1550,1550,1460,1465,11745526,17207195590.0
2026-04-01,2603,長榮,202,205,201,204.5,7574196,1548923082.0
2026-04-01,3017,奇鋐,2120,2135,2065,2110,4034786,8513398460.0
2026-04-01,3231,緯創,126,127.5,125,127,21099952,2679693904.0
2026-04-01,3661,世芯-KY,2660,2730,2635,2730,1709004,4665580920.0
2026-04-01,6669,緯穎,3425,3480,3385,3420,1398118,4781563560.0
2026-04-02,2308,台達電,1480,1510,1420,1430,9953601,14233649430.0
2026-04-02,2317,鴻海,198,199,191.5,193,41954568,8097231624.0
2026-04-02,2330,台積電,1865,1865,1805,1810,29332490,53091806900.0
2026-04-02,2382,廣達,290.5,291.5,284.5,284.5,11221762,3192591289.0
2026-04-02,2454,聯發科,1500,1510,1445,1465,9301597,13626839605.0
2026-04-02,2603,長榮,204,204.5,201,202.5,6011232,1217274480.0
2026-04-02,3017,奇鋐,2140,2150,2065,2070,3100871,6418802970.0
2026-04-02,3231,緯創,127,128,124,125,15663058,1957882250.0
2026-04-02,3661,世芯-KY,2815,2830,2700,2705,2298688,6217951040.0
2026-04-02,6669,緯穎,3495,3510,3375,3410,1307355,4458080550.0
2026-04-07,2308,台達電,1495,1515,1490,1515,11190572,16953716580.0
2026-04-07,2317,鴻海,195,195.5,189.5,192,36598072,7026829824.0
2026-04-07,2330,台積電,1850,1860,1835,1860,19895445,37005527700.0
2026-04-07,2382,廣達,287,289.5,284,289,9060786,2618567154.0
2026-04-07,2454,聯發科,1480,1480,1430,1470,7645561,11238974670.0
2026-04-07,2603,長榮,203,204.5,202.5,203,4466949,906790647.0
2026-04-07,3017,奇鋐,2150,2175,2015,2030,4775019,9693288570.0
2026-04-07,3231,緯創,124.5,125,123,123.5,19598672,2420435992.0
2026-04-07,3661,世芯-KY,2745,2775,2660,2705,1339834,3624250970.0
2026-04-07,6669,緯穎,3500,3510,3330,3395,966320,3280656400.0
2026-04-08,2308,台達電,1630,1665,1615,1665,13400336,22311559440.0
2026-04-08,2317,鴻海,196.5,202,196.5,201.5,66909375,13482239062.5
2026-04-08,2330,台積電,1935,1950,1925,1950,53813263,104935862850.0
2026-04-08,2382,廣達,295,307.5,293.5,307.5,54410413,16731201997.5
2026-04-08,2454,聯發科,1520,1585,1505,1580,14575742,23029672360.0
2026-04-08,2603,長榮,203.5,203.5,200,202,13540511,2735183222.0
2026-04-08,3017,奇鋐,2200,2230,2150,2230,3868944,8627745120.0
2026-04-08,3231,緯創,126.5,131,126.5,131,40544498,5311329238.0
2026-04-08,3661,世芯-KY,2800,2870,2745,2860,2027754,5799376440.0
2026-04-08,6669,緯穎,3495,3570,3450,3570,1673110,5973002700.0
2026-04-09,2308,台達電,1685,1705,1635,1645,15129409,24887877805.0
2026-04-09,2317,鴻海,201,201.5,198,200,43945793,8789158600.0
2026-04-09,2330,台積電,1945,1955,1930,1955,36054784,70487102720.0
2026-04-09,2382,廣達,304.5,314,295,313,46807353,14650701489.0
2026-04-09,2454,聯發科,1600,1600,1550,1575,8422977,13266188775.0
2026-04-09,2603,長榮,201,203,200,203,7093237,1439927111.0
2026-04-09,3017,奇鋐,2260,2290,2200,2235,4576820,10229192700.0
2026-04-09,3231,緯創,132,132.5,130,132.5,37301163,4942404097.5
2026-04-09,3661,世芯-KY,2885,2930,2830,2895,1639285,4745730075.0
2026-04-09,6669,緯穎,3580,3605,3540,3580,1455609,5211080220.0
2026-04-10,2308,台達電,1690,1750,1675,1735,11557080,20051533800.0
2026-04-10,2317,鴻海,200.5,202.5,199.5,200.5,60470665,12124368332.5
2026-04-10,2330,台積電,1975,2000,1970,2000,39096242,78192484000.0
2026-04-10,2382,廣達,315,327.5,312,321.5,39034675,12549648012.5
2026-04-10,2454,聯發科,1600,1605,1570,1575,5738781,9038580075.0
2026-04-10,2603,長榮,203.5,204,201.5,202.5,8319682,1684735605.0
2026-04-10,3017,奇鋐,2305,2320,2230,2265,3201925,7252360125.0
2026-04-10,3231,緯創,134,136.5,133,135,42081754,5681036790.0
2026-04-10,3661,世芯-KY,2985,3075,2985,3025,1912794,5786201850.0
2026-04-10,6669,緯穎,3615,3670,3550,3630,1303965,4733392950.0
2026-04-13,2308,台達電,1730,1760,1710,1740,7069198,12300404520.0
2026-04-13,2317,鴻海,200,202.5,198.5,200,37375471,7475094200.0
2026-04-13,2330,台積電,1985,1995,1975,1990,31882568,63446310320.0
2026-04-13,2382,廣達,320,320.5,313,319,16849027,5374839613.0
2026-04-13,2454,聯發科,1645,1665,1620,1620,9234745,14960286900.0
2026-04-13,2603,長榮,202.5,203,200,200,8348217,1669643400.0
2026-04-13,3017,奇鋐,2280,2280,2185,2200,3120709,6865559800.0
2026-04-13,3231,緯創,135,136.5,132.5,134.5,26991966,3630419427.0
2026-04-13,3661,世芯-KY,3045,3160,3040,3090,2033831,6284537790.0
2026-04-13,6669,緯穎,3595,3665,3535,3645,1350688,4923257760.0
2026-04-14,2308,台達電,1805,1820,1750,1750,12801739,22403043250.0
2026-04-14,2317,鴻海,204,208,203.5,207.5,58959164,12234026530.0
2026-04-14,2330,台積電,2015,2055,2010,2055,46188401,94917164055.0
2026-04-14,2382,廣達,321,329.5,321,323,20523896,6629218408.0
2026-04-14,2454,聯發科,1645,1745,1640,1720,12902742,22192716240.0
2026-04-14,2603,長榮,202,202,200.5,201,7674459,1542566259.0
2026-04-14,3017,奇鋐,2260,2345,2260,2310,3772108,8713569480.0
2026-04-14,3231,緯創,137,139,136,136.5,38753427,5289842785.5
2026-04-14,3661,世芯-KY,3175,3250,3150,3200,2204920,7055744000.0
2026-04-14,6669,緯穎,3695,3815,3675,3755,2138683,8030754665.0
2026-04-15,2308,台達電,1785,1835,1785,1785,12877432,22986216120.0
2026-04-15,2317,鴻海,211.5,211.5,206.5,207.5,71250931,14784568182.5
2026-04-15,2330,台積電,2065,2100,2060,2080,46824833,97395652640.0
2026-04-15,2382,廣達,324,325,307,308.5,34222733,10557713130.5
2026-04-15,2454,聯發科,1805,1845,1770,1790,22780413,40776939270.0
2026-04-15,2603,長榮,202,204,200.5,203,10154229,2061308487.0
2026-04-15,3017,奇鋐,2375,2375,2310,2325,3238805,7530221625.0
2026-04-15,3231,緯創,137.5,138,132,133,39441685,5245744105.0
2026-04-15,3661,世芯-KY,3280,3325,3200,3210,1849245,5936076450.0
2026-04-15,6669,緯穎,3830,3845,3705,3720,1711999,6368636280.0
2026-04-16,2308,台達電,1835,1845,1785,1845,13254811,24455126295.0
2026-04-16,2317,鴻海,207.5,211,206,207,45261862,9369205434.0
2026-04-16,2330,台積電,2080,2090,2055,2085,35974352,75006523920.0
2026-04-16,2382,廣達,314.5,318.5,311,318.5,19430054,6188472199.0
2026-04-16,2454,聯發科,1850,1930,1810,1895,17931934,33981014930.0
2026-04-16,2603,長榮,203,204.5,200,201.5,13533108,2726921262.0
2026-04-16,3017,奇鋐,2380,2515,2365,2440,4611118,11251127920.0
2026-04-16,3231,緯創,134,135.5,131.5,134,35493258,4756096572.0
2026-04-16,3661,世芯-KY,3260,3530,3255,3475,5172101,17973050975.0
2026-04-16,6669,緯穎,3780,3800,3690,3700,1380449,5107661300.0
2026-04-17,2308,台達電,1865,1870,1830,1840,10769751,19816341840.0
2026-04-17,2317,鴻海,207.5,209.5,203.5,206,48943270,10082313620.0
2026-04-17,2330,台積電,2055,2060,2030,2030,44433257,90199511710.0
2026-04-17,2382,廣達,320,327.5,317.5,323,20083510,6486973730.0
2026-04-17,2454,聯發科,1930,1955,1885,1925,16759982,32262965350.0
2026-04-17,2603,長榮,201.5,201.5,198,198,15107817,2991347766.0
2026-04-17,3017,奇鋐,2435,2485,2375,2400,3933545,9440508000.0
2026-04-17,3231,緯創,133,137,132.5,136.5,36847541,5029689346.5
2026-04-17,3661,世芯-KY,3535,3640,3495,3515,3107471,10922760565.0
2026-04-17,6669,緯穎,3755,3915,3755,3805,2838818,10801702490.0
2026-04-20,2308,台達電,1860,1980,1860,1900,12064485,22922521500.0
2026-04-20,2317,鴻海,206,209.5,204.5,207.5,39312365,8157315737.5
2026-04-20,2330,台積電,2030,2055,2025,2025,30566172,61896498300.0
2026-04-20,2382,廣達,320,330.5,320,329,19861377,6534393033.0
2026-04-20,2454,聯發科,1960,1965,1895,1900,11656022,22146441800.0
2026-04-20,2603,長榮,198.5,199,196,197,14106910,2779061270.0
2026-04-20,3017,奇鋐,2410,2515,2395,2490,3547518,8833319820.0
2026-04-20,3231,緯創,137,141,135.5,140.5,79145783,11119982511.5
2026-04-20,3661,世芯-KY,3620,3695,3570,3625,2985778,10823445250.0
2026-04-20,6669,緯穎,3960,3980,3870,3980,2310356,9195216880.0
2026-04-21,2308,台達電,1950,2035,1930,2015,11917108,24012972620.0
2026-04-21,2317,鴻海,210,213,209.5,211,59285018,12509138798.0
2026-04-21,2330,台積電,2050,2075,2045,2050,28055761,57514310050.0
2026-04-21,2382,廣達,333,341,332,340,24631021,8374547140.0
2026-04-21,2454,聯發科,1930,2090,1925,2090,19459855,40671096950.0
2026-04-21,2603,長榮,199,202,198.5,201.5,11588845,2335152267.5
2026-04-21,3017,奇鋐,2560,2585,2450,2565,4107167,10534883355.0
2026-04-21,3231,緯創,142,145.5,141.5,144.5,86280208,12467490056.0
2026-04-21,3661,世芯-KY,3745,3985,3740,3985,4763004,18980570940.0
2026-04-21,6669,緯穎,4030,4270,4030,4220,3796052,16019339440.0
2026-04-22,2308,台達電,2040,2045,1995,2015,10968852,22102236780.0
2026-04-22,2317,鴻海,213,223.5,212.5,221,140959574,31152065854.0
2026-04-22,2330,台積電,2045,2070,2040,2050,27457065,56286983250.0
2026-04-22,2382,廣達,342,345,333.5,335,18439843,6177347405.0
2026-04-22,2454,聯發科,2120,2295,2110,2295,24343038,55867272210.0
2026-04-22,2603,長榮,202,203,201,202,8216975,1659828950.0
2026-04-22,3017,奇鋐,2585,2800,2580,2695,5151543,13883408385.0
2026-04-22,3231,緯創,145,145.5,143,144,50378460,7254498240.0
2026-04-22,3661,世芯-KY,4100,4120,4010,4065,3390818,13783675170.0
2026-04-22,6669,緯穎,4285,4390,4180,4350,3191663,13883734050.0
2026-04-23,2308,台達電,2100,2115,1935,1980,17431212,34513799760.0
2026-04-23,2317,鴻海,229.5,233,218,225,172706743,38859017175.0
2026-04-23,2330,台積電,2090,2135,2055,2080,54918117,114229683360.0
2026-04-23,2382,廣達,337.5,339,317,322,27349239,8806454958.0
2026-04-23,2454,聯發科,2325,2335,2170,2215,29760982,65920575130.0
2026-04-23,2603,長榮,203.5,204.5,199.5,201,13838153,2781468753.0
2026-04-23,3017,奇鋐,2770,2875,2585,2680,6812966,18258748880.0
2026-04-23,3231,緯創,145,146,135,139.5,63203219,8816849050.5
2026-04-23,3661,世芯-KY,4195,4265,3900,3980,4223480,16809450400.0
2026-04-23,6669,緯穎,4410,4480,4130,4250,3548734,15082119500.0
2026-04-24,2308,台達電,2005,2090,1990,2075,11571377,24010607275.0
2026-04-24,2317,鴻海,227,227,218,221.5,77230253,17106501039.5
2026-04-24,2330,台積電,2110,2190,2105,2185,52391785,114476050225.0
2026-04-24,2382,廣達,325,326.5,318,323,18393593,5941130539.0
2026-04-24,2454,聯發科,2340,2435,2330,2435,22985015,55968511525.0
2026-04-24,2603,長榮,202,202.5,199.5,201.5,10071742,2029456013.0
2026-04-24,3017,奇鋐,2770,2945,2760,2945,5243084,15440882380.0
2026-04-24,3231,緯創,140.5,141.5,138,141.5,40785646,5771168909.0
2026-04-24,3661,世芯-KY,4140,4335,4135,4215,3295842,13891974030.0
2026-04-24,6669,緯穎,4335,4675,4320,4635,5019268,23264307180.0
2026-04-27,2308,台達電,2070,2080,1995,2020,15898086,32114133720.0
2026-04-27,2317,鴻海,224,230,220,228,109457408,24956289024.0
2026-04-27,2330,台積電,2280,2330,2265,2265,79778277,180697797405.0
2026-04-27,2382,廣達,328,328.5,319.5,325.5,16453590,5355643545.0
2026-04-27,2454,聯發科,2470,2575,2410,2435,25538897,62187214195.0
2026-04-27,2603,長榮,201.5,202,199,199.5,8671680,1730000160.0
2026-04-27,3017,奇鋐,2990,3010,2820,2835,6583986,18665600310.0
2026-04-27,3231,緯創,143,144,141,142.5,38390654,5470668195.0
2026-04-27,3661,世芯-KY,4355,4380,4080,4160,2685358,11171089280.0
2026-04-27,6669,緯穎,4980,5045,4855,4890,5713367,27938364630.0
2026-04-28,2308,台達電,2030,2160,2030,2125,15038642,31957114250.0
2026-04-28,2317,鴻海,230,234,225,225.5,104089860,23472263430.0
2026-04-28,2330,台積電,2245,2280,2215,2215,57336004,126999248860.0
2026-04-28,2382,廣達,328.5,330,317.5,321,15997095,5135067495.0
2026-04-28,2454,聯發科,2490,2675,2485,2615,24314216,63581674840.0
2026-04-28,2603,長榮,200.5,201.5,199,200,8472131,1694426200.0
2026-04-28,3017,奇鋐,2885,2990,2755,2780,5933190,16494268200.0
2026-04-28,3231,緯創,143.5,144.5,140,140.5,27611271,3879383575.5
2026-04-28,3661,世芯-KY,4185,4245,3990,4000,2376054,9504216000.0
2026-04-28,6669,緯穎,4925,5000,4795,4800,2454291,11780596800.0
2026-04-29,2308,台達電,2040,2170,2035,2165,12261414,26545961310.0
2026-04-29,2317,鴻海,226,226,222,225,43603455,9810777375.0
2026-04-29,2330,台積電,2175,2210,2165,2180,49147402,107141336360.0
2026-04-29,2382,廣達,322,322,317,322,11774226,3791300772.0
2026-04-29,2454,聯發科,2550,2595,2500,2575,13156720,33878554000.0
2026-04-29,2603,長榮,201.5,203,200.5,201.5,5632412,1134931018.0
2026-04-29,3017,奇鋐,2735,2895,2735,2835,4122743,11687976405.0
2026-04-29,3231,緯創,139,140.5,136.5,140.5,23368657,3283296308.5
2026-04-29,3661,世芯-KY,4000,4065,3900,4005,1731909,6936295545.0
2026-04-29,6669,緯穎,4810,4920,4710,4845,2259554,10947539130.0
2026-04-30,2308,台達電,2220,2280,2150,2165,14060511,30441006315.0
2026-04-30,2317,鴻海,224.5,230,219.5,219.5,73683654,16173562053.0
2026-04-30,2330,台積電,2205,2215,2135,2135,59584011,127211863485.0
2026-04-30,2382,廣達,320,321,312,312.5,18917525,5911726562.5
2026-04-30,2454,聯發科,2665,2685,2565,2610,17532158,45758932380.0
2026-04-30,2603,長榮,200.5,203,200,202,6460050,1304930100.0
2026-04-30,3017,奇鋐,2840,2870,2805,2835,3420271,9696468285.0
2026-04-30,3231,緯創,139.5,140.5,136,137,26873000,3681601000.0
2026-04-30,3661,世芯-KY,4135,4275,4130,4135,2862609,11836888215.0
2026-04-30,6669,緯穎,4925,4940,4660,4675,2198340,10277239500.0
2026-05-04,2308,台達電,2250,2260,2150,2220,12649019,28080822180.0
2026-05-04,2317,鴻海,224,229.5,223.5,227.5,57506042,13082624555.0
2026-05-04,2330,台積電,2200,2285,2195,2275,44458732,101143615300.0
2026-05-04,2382,廣達,317.5,321.5,315,318,17713587,5632920666.0
2026-05-04,2454,聯發科,2870,2870,2870,2870,4019865,11537012550.0
2026-05-04,2603,長榮,202,208.5,202,206,13725270,2827405620.0
2026-05-04,3017,奇鋐,2920,2975,2815,2885,3728835,10757688975.0
2026-05-04,3231,緯創,138.5,141,138,140.5,23500802,3301862681.0
2026-05-04,3661,世芯-KY,4290,4340,4135,4250,2805978,11925406500.0
2026-05-04,6669,緯穎,4700,4865,4615,4860,2475286,12029889960.0
2026-05-05,2308,台達電,2185,2195,2145,2165,10559120,22860494800.0
2026-05-05,2317,鴻海,227.5,240,227,239.5,162873566,39008219057.0
2026-05-05,2330,台積電,2250,2270,2240,2250,26644983,59951211750.0
2026-05-05,2382,廣達,317,323.5,315,321,12463306,4000721226.0
2026-05-05,2454,聯發科,3155,3155,3155,3155,10091886,31839900330.0
2026-05-05,2603,長榮,206,211,204.5,208,11638738,2420857504.0
2026-05-05,3017,奇鋐,2815,2845,2655,2705,8453094,22865619270.0
2026-05-05,3231,緯創,140.5,142.5,139,142,24899321,3535703582.0
2026-05-05,3661,世芯-KY,4260,4270,4095,4150,1855207,7699109050.0
2026-05-05,6669,緯穎,4855,4860,4670,4755,2117538,10068893190.0
2026-05-06,2308,台達電,2215,2270,2150,2210,15562046,34392121660.0
2026-05-06,2317,鴻海,246.5,253,245,252,240330399,60563260548.0
2026-05-06,2330,台積電,2250,2285,2240,2250,38026963,85560666750.0
2026-05-06,2382,廣達,328,348,328,346.5,44808704,15526215936.0
2026-05-06,2454,聯發科,3470,3470,3155,3430,39638460,135959917800.0
2026-05-06,2603,長榮,211,213.5,209,212,14157694,3001431128.0
2026-05-06,3017,奇鋐,2680,2685,2435,2435,11438234,27852099790.0
2026-05-06,3231,緯創,143.5,146.5,142.5,146.5,71828870,10522929455.0
2026-05-06,3661,世芯-KY,4270,4565,4150,4565,3304638,15085672470.0
2026-05-06,6669,緯穎,4855,4985,4630,4970,2694820,13393255400.0
2026-05-07,2308,台達電,2275,2370,2250,2280,15656408,35696610240.0
2026-05-07,2317,鴻海,255,258,250,253.5,128767846,32642648961.0
2026-05-07,2330,台積電,2335,2345,2310,2310,41966283,96942113730.0
2026-05-07,2382,廣達,349,352.5,341,344,23382815,8043688360.0
2026-05-07,2454,聯發科,3430,3430,3295,3420,8465341,28951466220.0
2026-05-07,2603,長榮,212.5,214.5,211.5,213.5,10470314,2235412039.0
2026-05-07,3017,奇鋐,2445,2500,2380,2415,11314013,27323341395.0
2026-05-07,3231,緯創,148.5,149,143.5,146,43321585,6324951410.0
2026-05-07,3661,世芯-KY,4770,4870,4635,4795,3079780,14767545100.0
2026-05-07,6669,緯穎,5050,5060,4870,4880,2032564,9918912320.0
2026-05-08,2308,台達電,2230,2250,2170,2200,11802071,25964556200.0
2026-05-08,2317,鴻海,254,256,245.5,250,102375417,25593854250.0
2026-05-08,2330,台積電,2300,2310,2265,2290,31730352,72662506080.0
2026-05-08,2382,廣達,343.5,345.5,335.5,340.5,17406713,5926985776.5
2026-05-08,2454,聯發科,3320,3670,3320,3630,9525653,34578120390.0
2026-05-08,2603,長榮,212.5,214,211,211.5,12482776,2640107124.0
2026-05-08,3017,奇鋐,2405,2500,2350,2445,5937295,14516686275.0
2026-05-08,3231,緯創,146,149,143.5,146.5,44206588,6476265142.0
2026-05-08,3661,世芯-KY,4805,5000,4680,4890,3239543,15841365270.0
2026-05-08,6669,緯穎,4920,5250,4890,5200,4060772,21116014400.0
2026-05-11,2308,台達電,2215,2270,2205,2245,9200516,20655158420.0
2026-05-11,2317,鴻海,256.5,258,251,252,63063740,15892062480.0
2026-05-11,2330,台積電,2265,2275,2235,2235,46172626,103195819110.0
2026-05-11,2382,廣達,350,350,341.5,343.5,14508377,4983627499.5
2026-05-11,2454,聯發科,3575,3985,3565,3880,8690923,33720781240.0
2026-05-11,2603,長榮,213.5,215,212.5,214,9248306,1979137484.0
2026-05-11,3017,奇鋐,2485,2590,2455,2555,6204661,15852908855.0
2026-05-11,3231,緯創,147,147,138,139,114217157,15876184823.0
2026-05-11,3661,世芯-KY,5200,5375,5180,5375,1273298,6843976750.0
2026-05-11,6669,緯穎,5290,5345,5115,5340,2206874,11784707160.0
2026-05-12,2308,台達電,2225,2260,2190,2195,13011711,28560705645.0
2026-05-12,2317,鴻海,254,254,246,250,84325367,21081341750.0
2026-05-12,2330,台積電,2235,2280,2210,2255,54239538,122310158190.0
2026-05-12,2382,廣達,346.5,347.5,338,340,12855467,4370858780.0
2026-05-12,2454,聯發科,3835,3910,3700,3700,11090404,41034494800.0
2026-05-12,2603,長榮,216,216.5,213.5,214,8784167,1879811738.0
2026-05-12,3017,奇鋐,2625,2625,2520,2520,5010847,12627334440.0
2026-05-12,3231,緯創,139,143,135.5,141.5,75965973,10749185179.5
2026-05-12,3661,世芯-KY,5555,5640,5300,5310,3189056,16933887360.0
2026-05-12,6669,緯穎,5480,5870,5415,5790,4213573,24396587670.0
2026-05-13,2308,台達電,2160,2185,2140,2165,7659621,16583079465.0
2026-05-13,2317,鴻海,246.5,251,242.5,251,72415109,18176192359.0
2026-05-13,2330,台積電,2205,2240,2205,2220,43727683,97075456260.0
2026-05-13,2382,廣達,339.5,343,335.5,340.5,13159804,4480913262.0
2026-05-13,2454,聯發科,3625,3680,3400,3495,9694046,33880690770.0
2026-05-13,2603,長榮,215,215,209.5,210,9333619,1960059990.0
2026-05-13,3017,奇鋐,2545,2625,2500,2585,6267261,16200869685.0
2026-05-13,3231,緯創,139,141.5,138,140.5,26883326,3777107303.0
2026-05-13,3661,世芯-KY,5115,5135,4780,4780,3657852,17484532560.0
2026-05-13,6669,緯穎,5555,5800,5500,5580,2928103,16338814740.0
2026-05-14,2308,台達電,2210,2250,2155,2155,7332576,15801701280.0
2026-05-14,2317,鴻海,255,255,244,244.5,73360409,17936620000.5
2026-05-14,2330,台積電,2250,2270,2230,2270,39564699,89811866730.0
2026-05-14,2382,廣達,346,351.5,333,334.5,21733250,7269772125.0
2026-05-14,2454,聯發科,3585,3590,3385,3405,7103890,24188745450.0
2026-05-14,2603,長榮,209.5,213,207,211.5,9016120,1906909380.0
2026-05-14,3017,奇鋐,2700,2775,2555,2555,7168071,18314421405.0
2026-05-14,3231,緯創,140.5,141.5,138,138,42377535,5848099830.0
2026-05-14,3661,世芯-KY,4870,5005,4720,4830,3193261,15423450630.0
2026-05-14,6669,緯穎,5715,5730,5435,5435,1749793,9510124955.0
2026-05-15,2308,台達電,2185,2195,2075,2075,12351492,25629345900.0
2026-05-15,2317,鴻海,249,260,247,248.5,138413483,34395750525.5
2026-05-15,2330,台積電,2310,2325,2250,2265,34360513,77826561945.0
2026-05-15,2382,廣達,310,317,305,306,66013746,20200206276.0
2026-05-15,2454,聯發科,3425,3555,3200,3260,7341025,23931741500.0
2026-05-15,2603,長榮,208,208.5,200.5,200.5,24800761,4972552580.5
2026-05-15,3017,奇鋐,2690,2735,2445,2455,6646560,16317304800.0
2026-05-15,3231,緯創,139.5,144,135,135.5,67278955,9116298402.5
2026-05-15,3661,世芯-KY,4990,5010,4595,4605,2725430,12550605150.0
2026-05-15,6669,緯穎,5575,5575,5095,5115,2346755,12003651825.0
2026-05-18,2308,台達電,1985,2040,1985,2020,10082191,20366025820.0
2026-05-18,2317,鴻海,251,251,241,248.5,63512356,15782820466.0
2026-05-18,2330,台積電,2225,2260,2215,2240,32966937,73845938880.0
2026-05-18,2382,廣達,305,305,296,300,36475336,10942600800.0
2026-05-18,2454,聯發科,3240,3550,3150,3400,7040537,23937825800.0
2026-05-18,2603,長榮,200,200.5,197,197.5,18153627,3585341332.5
2026-05-18,3017,奇鋐,2350,2435,2300,2410,4751185,11450355850.0
2026-05-18,3231,緯創,135,136.5,132,135.5,29121539,3945968534.5
2026-05-18,3661,世芯-KY,4450,4600,4340,4590,1956487,8980275330.0
2026-05-18,6669,緯穎,4920,5110,4920,5090,1405003,7151465270.0
2026-05-19,2308,台達電,2020,2025,1910,1915,16288903,31193249245.0
2026-05-19,2317,鴻海,251,254,244,245,70223341,17204718545.0
2026-05-19,2330,台積電,2220,2230,2205,2205,45585931,100516977855.0
2026-05-19,2382,廣達,300,302.5,290,290,37484794,10870590260.0
2026-05-19,2454,聯發科,3475,3495,3100,3155,10055471,31725011005.0
2026-05-19,2603,長榮,197.5,200,195.5,197,16654864,3281008208.0
2026-05-19,3017,奇鋐,2455,2470,2370,2390,3542685,8467017150.0
2026-05-19,3231,緯創,135.5,136,132.5,132.5,25581469,3389544642.5
2026-05-19,3661,世芯-KY,4420,4615,4410,4430,1403403,6217075290.0
2026-05-19,6669,緯穎,5020,5035,4865,4890,1652246,8079482940.0
2026-05-20,2308,台達電,1880,1960,1880,1915,10890054,20854453410.0
2026-05-20,2317,鴻海,246.5,246.5,239.5,240,62650287,15036068880.0
2026-05-20,2330,台積電,2205,2210,2185,2185,38332945,83757484825.0
2026-05-20,2382,廣達,288.5,294,288.5,290,36185735,10493863150.0
2026-05-20,2454,聯發科,3195,3350,3155,3230,9296108,30026428840.0
2026-05-20,2603,長榮,210,216.5,207,212.5,48098610,10220954625.0
2026-05-20,3017,奇鋐,2425,2435,2325,2340,3568975,8351401500.0
2026-05-20,3231,緯創,134,135.5,132,132.5,20642900,2735184250.0
2026-05-20,3661,世芯-KY,4515,4670,4455,4600,2202342,10130773200.0
2026-05-20,6669,緯穎,4890,4960,4775,4910,1739872,8542771520.0
2026-05-21,2308,台達電,2015,2060,1990,2030,11663874,23677664220.0
2026-05-21,2317,鴻海,245,249,244,247.5,51483466,12742157835.0
2026-05-21,2330,台積電,2240,2255,2230,2230,24929331,55592408130.0
2026-05-21,2382,廣達,296,312.5,295,308,38942347,11994242876.0
2026-05-21,2454,聯發科,3415,3550,3405,3550,5983092,21239976600.0
2026-05-21,2603,長榮,212,214.5,210.5,212,20652548,4378340176.0
2026-05-21,3017,奇鋐,2445,2515,2415,2495,3762794,9388171030.0
2026-05-21,3231,緯創,134.5,141.5,134,140,53678775,7515028500.0
2026-05-21,3661,世芯-KY,5000,5050,4850,4905,1718931,8431356555.0
2026-05-21,6669,緯穎,5350,5400,5190,5345,2379159,12716604855.0
2026-05-22,2308,台達電,2125,2125,2050,2095,8534359,17879482105.0
2026-05-22,2317,鴻海,249,251.5,245,250,56310552,14077638000.0
2026-05-22,2330,台積電,2245,2260,2225,2255,26823133,60486164915.0
2026-05-22,2382,廣達,310,317,305.5,316,36233592,11449815072.0
2026-05-22,2454,聯發科,3765,3880,3675,3860,20839466,80440338760.0
2026-05-22,2603,長榮,214.5,219,214,219,30119281,6596122539.0
2026-05-22,3017,奇鋐,2550,2610,2470,2545,5501063,14000205335.0
2026-05-22,3231,緯創,142.5,146,139.5,144.5,70277790,10155140655.0
2026-05-22,3661,世芯-KY,4955,4960,4750,4895,1648310,8068477450.0
2026-05-22,6669,緯穎,5460,5575,5330,5525,1969769,10882973725.0
2026-05-25,2308,台達電,2205,2300,2185,2290,12049781,27593998490.0
2026-05-25,2330,台積電,2275,2310,2275,2310,28250944,65259680640.0
2026-05-25,2454,聯發科,4245,4245,4245,4245,4616291,19596155295.0
2026-05-25,2603,長榮,220,222,214,214,31059614,6646757396.0
2026-05-25,3231,緯創,148.5,150.5,147,149,70126881,10448905269.0
2026-05-25,3661,世芯-KY,5020,5050,4900,4900,1584407,7763594300.0
2026-05-25,6669,緯穎,5755,5880,5555,5610,2115890,11870142900.0
2026-05-26,2308,台達電,2350,2410,2290,2350,12198582,28666667700.0
2026-05-26,2330,台積電,2320,2325,2270,2270,32781470,74413936900.0
2026-05-26,2454,聯發科,4375,4440,4180,4265,19540872,83341819080.0
2026-05-26,2603,長榮,215.5,218.5,211.5,211.5,27903221,5901531241.5
2026-05-26,3231,緯創,149.5,149.5,145.5,146,35795574,5226153804.0
2026-05-26,3661,世芯-KY,4945,4955,4640,4640,1916456,8892355840.0
2026-05-26,6669,緯穎,5600,5600,5155,5280,2655826,14022761280.0
2026-05-27,2308,台達電,2490,2585,2490,2520,13897689,35022176280.0
2026-05-27,2330,台積電,2310,2330,2290,2300,40272350,92626405000.0
2026-05-27,2454,聯發科,4475,4690,4450,4640,18260840,84730297600.0
2026-05-27,2603,長榮,213,216.5,209,211.5,33951659,7180775878.5
2026-05-27,3231,緯創,147.5,148.5,143.5,145,37563298,5446678210.0
2026-05-27,3661,世芯-KY,4785,4845,4460,4500,2528669,11379010500.0
2026-05-27,6669,緯穎,5300,5350,5060,5075,1997850,10139088750.0
2026-05-28,2308,台達電,2485,2520,2370,2390,11721062,28013338180.0
2026-05-28,2330,台積電,2350,2360,2270,2295,42313277,97108970715.0
2026-05-28,2454,聯發科,4620,4685,4270,4410,16433052,72469759320.0
2026-05-28,2603,長榮,212,215,211,211,27762878,5857967258.0
2026-05-28,3231,緯創,146,149,143,144.5,41753832,6033428724.0
2026-05-28,3661,世芯-KY,4530,4575,4230,4300,2420551,10408369300.0
2026-05-28,6669,緯穎,5100,5260,4900,4950,2157834,10681278300.0
2026-05-29,2308,台達電,2470,2525,2445,2445,16510000,40366950000.0
2026-05-29,2454,聯發科,4460,4485,4235,4310,20517000,88428270000.0
2026-05-29,2603,長榮,212.5,216.5,211,213,30658046,6530163798.0
2026-05-29,3231,緯創,154,158.5,153,158.5,114139019,18091034511.5
2026-05-29,3661,世芯-KY,4470,4575,4315,4415,2199066,9708876390.0
2026-05-29,6669,緯穎,5130,5445,5075,5445,3282663,17874100035.0
2026-06-01,2308,台達電,2450,2520,2410,2420,9840869,23814902980.0
2026-06-01,2317,鴻海,302,304.5,293,293.5,205766647,60392510894.5
2026-06-01,2454,聯發科,4440,4710,4440,4555,20083897,91482150835.0
2026-06-01,2603,長榮,217,225,216.5,224,35161011,7876066464.0
2026-06-01,3017,奇鋐,2705,2835,2705,2785,5090031,14175736335.0
2026-06-01,3231,緯創,174,174,172.5,174,94609409,16462037166.0
2026-06-01,3661,世芯-KY,4485,4855,4450,4855,2425118,11773947890.0
2026-06-01,6669,緯穎,5715,5795,5460,5515,2252805,12424219575.0
2026-06-02,2308,台達電,2430,2455,2330,2360,12331189,29101606040.0
2026-06-02,2454,聯發科,4970,4970,4380,4525,15626708,70710853700.0
2026-06-02,3661,世芯-KY,4870,4870,4500,4575,2077361,9503926575.0
2026-06-02,6669,緯穎,5580,5675,5315,5475,1953015,10692757125.0
2026-06-03,2308,台達電,2420,2460,2410,2455,10882344,26716154520.0
2026-06-03,2454,聯發科,4540,4650,4420,4545,10480184,47632436280.0
2026-06-03,3661,世芯-KY,4600,4685,4530,4595,1171299,5382118905.0
2026-06-03,6669,緯穎,5550,5675,5420,5600,1716435,9612036000.0
2026-06-04,2308,台達電,2440,2465,2405,2425,9416420,22834818500.0
2026-06-04,2454,聯發科,4600,4685,4430,4430,11204169,49634468670.0
2026-06-04,3661,世芯-KY,4530,4555,4335,4340,1544304,6702279360.0
2026-06-04,6669,緯穎,5515,5720,5380,5570,1704775,9495596750.0
2026-06-05,2454,聯發科,4360,4430,4130,4300,11919031,51251833300.0
2026-06-05,3661,世芯-KY,4325,4440,4135,4285,1623019,6954636415.0
2026-06-05,6669,緯穎,5540,5740,5305,5660,2033000,11506780000.0
2026-06-08,2454,聯發科,3935,4090,3935,4070,16219464,66013218480.0
2026-06-08,3661,世芯-KY,3900,4180,3895,4170,1491317,6218791890.0
2026-06-08,6669,緯穎,5200,5330,5135,5275,1928576,10173238400.0
2026-06-09,2454,聯發科,4180,4475,4130,4475,16487210,73780264750.0
2026-06-09,3661,世芯-KY,4185,4265,4115,4250,1261033,5359390250.0
2026-06-09,6669,緯穎,5310,5380,5210,5300,1369099,7256224700.0
2026-06-10,2454,聯發科,4315,4520,4120,4155,17412956,72350832180.0
2026-06-10,3661,世芯-KY,4250,4270,4015,4040,1473935,5954697400.0
2026-06-10,6669,緯穎,5350,5350,5020,5065,2174689,11014799785.0
2026-06-11,2454,聯發科,4085,4150,3880,4085,17556610,71718751850.0
2026-06-11,3661,世芯-KY,4000,4065,3850,4060,2101750,8533105000.0
2026-06-11,6669,緯穎,5000,5040,4745,4900,2945125,14431112500.0
2026-06-12,2454,聯發科,4410,4415,4165,4180,8765007,36637729260.0
2026-06-12,3661,世芯-KY,4295,4295,4105,4105,1326879,5446838295.0
2026-06-12,6669,緯穎,5120,5135,4845,4850,1921274,9318178900.0
2026-06-15,3661,世芯-KY,4280,4380,4240,4250,1292083,5491352750.0
2026-06-15,6669,緯穎,5010,5040,4880,4900,1005218,4925568200.0
2026-06-16,3661,世芯-KY,4335,4335,4225,4315,1281011,5527562465.0
2026-06-16,6669,緯穎,5030,5085,4880,4880,1814616,8855326080.0
2026-06-17,3661,世芯-KY,4265,4385,4195,4320,1603605,6927573600.0
2026-06-17,6669,緯穎,4880,5085,4805,5080,1225155,6223787400.0
2026-06-18,3661,世芯-KY,4320,4530,4270,4380,2341823,10257184740.0
2026-06-18,6669,緯穎,5150,5250,5085,5130,1753502,8995465260.0
2026-06-22,3661,世芯-KY,4510,4580,4285,4325,2381897,10301704525.0
2026-06-23,3661,世芯-KY,4410,4525,4215,4375,2239314,9796998750.0
2026-06-24,3661,世芯-KY,4315,4345,4220,4330,1230751,5329151830.0
2026-07-01,2308,台達電,2020,2020,1965,1990,8753015,17418499850.0
2026-07-01,2317,鴻海,255,255.5,248,248,65880617,16338393016.0
2026-07-01,2330,台積電,2495,2505,2475,2505,37544470,94048897350.0
2026-07-01,2382,廣達,373.5,376.5,368.5,372,13892612,5168051664.0
2026-07-01,2454,聯發科,4315,4380,4225,4335,10163517,44058846195.0
2026-07-01,2603,長榮,186.5,187.5,185,185.5,10739428,1992163894.0
2026-07-01,3017,奇鋐,2615,2665,2500,2620,5567033,14585626460.0
2026-07-01,3231,緯創,161,162,159,159.5,37036945,5907392727.5
2026-07-01,3661,世芯-KY,4200,4455,4175,4450,1831360,8149552000.0
2026-07-01,6669,緯穎,4740,5050,4655,5035,2872601,14463546035.0
2026-07-01,_TAIEX,加權指數,47018.99,47018.99,47018.99,47018.99,0,0
2026-07-02,2308,台達電,1955,2010,1920,1970,6939618,13671047460.0
2026-07-02,2317,鴻海,239,243,238,239,67897136,16227415504.0
2026-07-02,2330,台積電,2450,2480,2445,2465,35919290,88541049850.0
2026-07-02,2382,廣達,366,372,365.5,369,9014780,3326453820.0
2026-07-02,2454,聯發科,4200,4380,4150,4345,8544133,37124257885.0
2026-07-02,2603,長榮,185.5,187,183.5,185.5,6849654,1270610817.0
2026-07-02,3017,奇鋐,2565,2745,2525,2740,5061323,13868025020.0
2026-07-02,3231,緯創,157,160,156,158.5,17411425,2759710862.5
2026-07-02,3661,世芯-KY,4300,4895,4280,4895,4409997,21586935315.0
2026-07-02,6669,緯穎,4905,5200,4865,5200,2817565,14651338000.0
2026-07-02,_TAIEX,加權指數,46744.16,46744.16,46744.16,46744.16,0,0
2026-07-03,2308,台達電,1920,2075,1885,2075,15207642,31555857150.0
2026-07-03,2317,鴻海,237,241,236,240.5,51008242,12267482201.0
2026-07-03,2330,台積電,2415,2465,2415,2445,32905868,80454847260.0
2026-07-03,2382,廣達,369,378,368.5,377,13135151,4951951927.0
2026-07-03,2454,聯發科,4160,4230,4120,4195,12778372,53605270540.0
2026-07-03,2603,長榮,185.5,197.5,185.5,195,25022271,4879342845.0
2026-07-03,3017,奇鋐,2690,2780,2665,2760,4659120,12859171200.0
2026-07-03,3231,緯創,157.5,161.5,157.5,159,24768914,3938257326.0
2026-07-03,3661,世芯-KY,4880,4890,4630,4650,2935747,13651223550.0
2026-07-03,6669,緯穎,5180,5280,5110,5265,1563793,8233370145.0
2026-07-03,_TAIEX,加權指數,46780.62,46780.62,46780.62,46780.62,0,0
2026-07-06,2308,台達電,2120,2135,1995,1995,9220091,18394081545.0
2026-07-06,2317,鴻海,243.5,247.5,240.5,242,43693584,10573847328.0
2026-07-06,2330,台積電,2465,2500,2455,2460,21041918,51763118280.0
2026-07-06,2382,廣達,381.5,393,378,378,24415955,9229230990.0
2026-07-06,2454,聯發科,4250,4325,4110,4125,6897420,28451857500.0
2026-07-06,2603,長榮,197,198.5,194.5,195.5,8533574,1668313717.0
2026-07-06,3017,奇鋐,2790,2790,2615,2670,3733969,9969697230.0
2026-07-06,3231,緯創,161,162,157.5,158,26189698,4137972284.0
2026-07-06,3661,世芯-KY,4700,4700,4210,4215,2252744,9495315960.0
2026-07-06,6669,緯穎,5325,5325,4995,5035,1255424,6321059840.0
2026-07-06,_TAIEX,加權指數,46556.39,46556.39,46556.39,46556.39,0,0
2026-07-07,2308,台達電,2015,2025,1890,1890,9212478,17411583420.0
2026-07-07,2317,鴻海,243,243,236,237,51778760,12271566120.0
2026-07-07,2330,台積電,2480,2500,2440,2440,31400854,76618083760.0
2026-07-07,2382,廣達,374.5,380,372.5,373,15592266,5815915218.0
2026-07-07,2454,聯發科,4200,4250,3955,4030,9083409,36606138270.0
2026-07-07,2603,長榮,191,191.5,186.5,188,23280960,4376820480.0
2026-07-07,3017,奇鋐,2670,2670,2410,2450,4349877,10657198650.0
2026-07-07,3231,緯創,158.5,159.5,155.5,155.5,34773345,5407255147.5
2026-07-07,3661,世芯-KY,4250,4360,4025,4035,1867282,7534482870.0
2026-07-07,6669,緯穎,5025,5235,5010,5015,2201738,11041716070.0
2026-07-07,_TAIEX,加權指數,45479.11,45479.11,45479.11,45479.11,0,0
2026-07-08,2308,台達電,1925,1950,1840,1885,13043190,24586413150.0
2026-07-08,2317,鴻海,240,240.5,234,237.5,37939126,9010542425.0
2026-07-08,2330,台積電,2445,2465,2420,2465,25519599,62905811535.0
2026-07-08,2382,廣達,376,380.5,367,377,15636669,5895024213.0
2026-07-08,2454,聯發科,4000,4040,3955,3995,6728233,26879290835.0
2026-07-08,2603,長榮,190,196,189.5,196,16209496,3177061216.0
2026-07-08,3017,奇鋐,2425,2440,2290,2325,4441500,10326487500.0
2026-07-08,3231,緯創,150,152,145,146.5,59256833,8681126034.5
2026-07-08,3661,世芯-KY,4085,4085,3965,4065,1621563,6591653595.0
2026-07-08,6669,緯穎,5075,5085,4900,5050,1002340,5061817000.0
2026-07-08,_TAIEX,加權指數,45734.41,45734.41,45734.41,45734.41,0,0
2026-07-09,2308,台達電,1890,1935,1870,1880,8337141,15673825080.0
2026-07-09,2317,鴻海,238,240,234.5,237.5,40528079,9625418762.5
2026-07-09,2330,台積電,2450,2460,2415,2415,34681018,83754658470.0
2026-07-09,2382,廣達,379.5,380.5,373.5,373.5,13993644,5226626034.0
2026-07-09,2454,聯發科,3970,4050,3925,3925,7370647,28929789475.0
2026-07-09,2603,長榮,196.5,196.5,193.5,194.5,5366030,1043692835.0
2026-07-09,3017,奇鋐,2380,2435,2335,2350,2889551,6790444850.0
2026-07-09,3231,緯創,147,148,144.5,144.5,29080046,4202066647.0
2026-07-09,3661,世芯-KY,4105,4360,4105,4210,1517028,6386687880.0
2026-07-09,6669,緯穎,5020,5215,4945,5040,2241214,11295718560.0
2026-07-09,_TAIEX,加權指數,45354.61,45354.61,45354.61,45354.61,0,0
2026-07-13,2308,台達電,1970,1980,1885,1890,9299583,17576211870.0
2026-07-13,2317,鴻海,242,242.5,236.5,236.5,37504587,8869834825.5
2026-07-13,2330,台積電,2460,2480,2440,2440,35310380,86157327200.0
2026-07-13,2382,廣達,377,385,374,378,17625716,6662520648.0
2026-07-13,2454,聯發科,4095,4095,3825,3825,7033208,26902020600.0
2026-07-13,2603,長榮,194,196.5,191.5,195,8993958,1753821810.0
2026-07-13,3017,奇鋐,2420,2420,2210,2225,2704759,6018088775.0
2026-07-13,3231,緯創,147,148,142.5,143.5,27031128,3878966868.0
2026-07-13,3661,世芯-KY,4230,4300,4090,4135,1516848,6272166480.0
2026-07-13,6669,緯穎,5170,5230,4940,4960,1106711,5489286560.0
2026-07-13,_TAIEX,加權指數,45380.52,45380.52,45380.52,45380.52,0,0
2026-07-14,2308,台達電,1900,1905,1780,1855,10864234,20153154070.0
2026-07-14,2317,鴻海,236,237,230,235.5,48112076,11330393898.0
2026-07-14,2330,台積電,2410,2430,2390,2420,42857055,103714073100.0
2026-07-14,2382,廣達,378,380,368,380,25976500,9871070000.0
2026-07-14,2454,聯發科,3830,3860,3515,3660,12479607,45675361620.0
2026-07-14,2603,長榮,196.5,197.5,192,194.5,9326188,1813943566.0
2026-07-14,3017,奇鋐,2185,2220,2015,2120,4396274,9320100880.0
2026-07-14,3231,緯創,144,145,139,142.5,27925626,3979401705.0
2026-07-14,3661,世芯-KY,4090,4100,3725,3725,3381802,12597212450.0
2026-07-14,6669,緯穎,4930,4985,4755,4905,1096965,5380613325.0
2026-07-14,_TAIEX,加權指數,44737.95,44737.95,44737.95,44737.95,0,0
2026-07-15,2308,台達電,1930,1930,1865,1890,8792634,16618078260.0
2026-07-15,2317,鴻海,236,241,235.5,239,36108846,8630014194.0
2026-07-15,2330,台積電,2425,2460,2415,2440,33665566,82143981040.0
2026-07-15,2382,廣達,383.5,384,376,381,24915093,9492650433.0
2026-07-15,2454,聯發科,3790,3790,3665,3740,7313796,27353597040.0
2026-07-15,2603,長榮,194.5,200,194,199.5,15588366,3109879017.0
2026-07-15,3017,奇鋐,2140,2200,2120,2165,2129895,4611222675.0
2026-07-15,3231,緯創,144,146.5,142.5,145.5,26071700,3793432350.0
2026-07-15,3661,世芯-KY,3750,3785,3625,3735,2788708,10415824380.0
2026-07-15,6669,緯穎,4950,5160,4870,5095,931011,4743501045.0
2026-07-15,_TAIEX,加權指數,45631.59,45631.59,45631.59,45631.59,0,0
2026-07-16,2308,台達電,1865,1935,1820,1905,8661820,16500767100.0
2026-07-16,2317,鴻海,240.5,244,238,242.5,39074704,9475615720.0
2026-07-16,2330,台積電,2430,2470,2420,2470,30538604,75430351880.0
2026-07-16,2382,廣達,360.5,360.5,349,352,33111611,11655287072.0
2026-07-16,2454,聯發科,3735,3755,3620,3700,6009689,22235849300.0
2026-07-16,2603,長榮,199.5,201,198,200,6497582,1299516400.0
2026-07-16,3017,奇鋐,2275,2290,2155,2225,4220745,9391157625.0
2026-07-16,3231,緯創,144.5,148,143,146.5,30591982,4481725363.0
2026-07-16,3661,世芯-KY,3700,3820,3650,3770,1547816,5835266320.0
2026-07-16,6669,緯穎,5090,5130,5000,5115,638034,3263543910.0
2026-07-16,_TAIEX,加權指數,45624.98,45624.98,45624.98,45624.98,0,0
2026-07-17,0050,元大台灣50,102.9,103.05,100.0,100.15,520545951.0,52822527292.0
2026-07-17,0051,元大中型100,138.8,139.15,135.6,135.6,230425.0,31587434.0
2026-07-17,0052,富邦科技,59.75,60.15,57.9,57.9,66848132.0,3949787792.0
2026-07-17,0053,元大電子,230.15,230.15,221.75,221.75,102290.0,23226904.0
2026-07-17,0055,元大MSCI金融,42.05,42.13,41.75,41.82,319841.0,13408288.0
2026-07-17,0056,元大高股息,51.4,51.45,50.4,50.75,186636686.0,9495032735.0
2026-07-17,0057,富邦摩台,304.5,304.5,295.65,295.65,50327.0,15160240.0
2026-07-17,0061,元大寶滬深,25.0,25.0,24.06,24.06,323412.0,7866440.0
2026-07-17,1101,台泥,23.7,24.2,23.5,23.5,38899989.0,928496290.0
2026-07-17,1102,亞泥,32.8,33.75,32.8,33.25,30738998.0,1026975555.0
2026-07-17,1103,嘉泥,13.65,13.7,13.5,13.6,347463.0,4728114.0
2026-07-17,1104,環泥,27.0,27.1,26.6,26.6,517243.0,13828247.0
2026-07-17,1108,幸福,12.6,12.6,12.25,12.25,1010498.0,12530340.0
2026-07-17,1109,信大,13.85,14.0,13.75,13.8,334822.0,4635413.0
2026-07-17,1110,東泥,15.95,16.25,15.65,15.7,344020.0,5477064.0
2026-07-17,1201,味全,12.7,12.9,12.55,12.6,708176.0,8990228.0
2026-07-17,1203,味王,44.95,45.95,44.05,45.95,38909.0,1753002.0
2026-07-17,1210,大成,58.6,59.2,57.9,57.9,3355073.0,196553083.0
2026-07-17,1213,大飲,0.0,0.0,0.0,0.0,2.0,14.0
2026-07-17,1215,卜蜂,112.0,112.5,110.5,110.5,1942004.0,215877550.0
2026-07-17,1216,統一,78.5,80.0,78.5,80.0,30854709.0,2451170466.0
2026-07-17,1217,愛之味,10.0,10.05,9.93,9.96,773723.0,7729813.0
2026-07-17,1218,泰山,16.55,16.6,16.35,16.4,1366421.0,22504328.0
2026-07-17,1219,福壽,12.3,12.35,12.1,12.15,722125.0,8788795.0
2026-07-17,1220,台榮,11.25,11.35,11.25,11.35,66086.0,747298.0
2026-07-17,1225,福懋油,27.0,27.15,26.7,26.85,129845.0,3499507.0
2026-07-17,1227,佳格,30.15,30.3,29.85,29.95,1197576.0,36006612.0
2026-07-17,1229,聯華,41.0,41.6,40.5,40.85,3087290.0,126457813.0
2026-07-17,1231,聯華食,92.4,93.0,90.1,90.6,898415.0,82257191.0
2026-07-17,1232,大統益,167.0,178.0,164.5,168.5,3376937.0,574971199.0
2026-07-17,1233,天仁,29.3,29.3,28.2,28.45,54024.0,1544016.0
2026-07-17,1234,黑松,33.6,33.85,33.45,33.65,129332.0,4345813.0
2026-07-17,1235,興泰,37.05,37.7,35.9,36.75,42274.0,1541949.0
2026-07-17,1236,宏亞,23.1,24.1,23.0,23.55,196101.0,4648012.0
2026-07-17,1256,鮮活果汁-KY,188.5,188.5,180.5,185.0,85477.0,15710621.0
2026-07-17,1301,台塑,65.0,65.9,62.0,62.8,73534184.0,4673484404.0
2026-07-17,1303,南亞,205.0,211.0,199.0,199.0,118646763.0,23851955158.0
2026-07-17,1304,台聚,14.25,14.4,13.3,13.35,9606097.0,131171285.0
2026-07-17,1305,華夏,13.25,13.25,12.6,12.65,3049506.0,39101032.0
2026-07-17,1307,三芳,32.7,32.85,31.9,32.05,1005377.0,32420264.0
2026-07-17,1308,亞聚,15.05,15.15,14.3,14.35,4865528.0,70799490.0
2026-07-17,1309,台達化,15.25,15.25,14.35,14.4,3533438.0,51744804.0
2026-07-17,1310,台苯,10.55,10.65,10.05,10.15,6467446.0,66238136.0
2026-07-17,1312,國喬,13.4,13.45,12.8,12.85,17938166.0,233528287.0
2026-07-17,1313,聯成,12.7,12.7,12.1,12.2,6920671.0,85032881.0
2026-07-17,1314,中石化,9.03,9.08,8.58,8.64,61550218.0,537878413.0
2026-07-17,1315,達新,64.0,64.3,63.5,63.8,29831.0,1905971.0
2026-07-17,1316,上曜,10.35,10.4,10.05,10.05,2930416.0,29673901.0
2026-07-17,1319,東陽,74.9,75.5,73.5,73.6,2556559.0,189942046.0
2026-07-17,1321,大洋,32.25,32.35,31.45,31.75,124000.0,3943950.0
2026-07-17,1323,永裕,20.35,20.35,19.85,20.2,50146.0,1006541.0
2026-07-17,1324,地球,10.4,10.4,10.0,10.2,222205.0,2257948.0
2026-07-17,1325,恆大,26.0,26.05,25.0,25.1,358678.0,9122497.0
2026-07-17,1326,台化,67.5,70.5,65.4,66.1,81696148.0,5527380970.0
2026-07-17,1337,再生-KY,5.05,5.05,4.91,4.96,452579.0,2243235.0
2026-07-17,1338,廣華-KY,16.6,16.6,15.85,16.25,110364.0,1778392.0
2026-07-17,1339,昭輝,44.2,44.2,43.4,43.4,98633.0,4306427.0
2026-07-17,1340,勝悅-KY,5.29,5.32,5.2,5.25,154297.0,808489.0
2026-07-17,1341,富林-KY,58.9,58.9,57.5,58.6,14013.0,813957.0
2026-07-17,1342,八貫,115.0,116.0,113.0,115.0,589380.0,67581410.0
2026-07-17,1402,遠東新,27.6,28.2,27.6,27.7,23024082.0,642767541.0
2026-07-17,1409,新纖,25.5,25.6,24.1,24.3,24215195.0,598257874.0
2026-07-17,1410,南染,27.55,27.55,26.6,26.6,113120.0,3034384.0
2026-07-17,1413,宏洲,9.46,9.5,9.35,9.5,14033.0,132801.0
2026-07-17,1414,東和,18.1,18.4,17.9,18.3,417796.0,7578086.0
2026-07-17,1416,廣豐,11.1,11.1,11.0,11.1,758661.0,8380984.0
2026-07-17,1417,嘉裕,8.75,8.86,8.73,8.73,310962.0,2728570.0
2026-07-17,1418,東華,18.95,18.95,18.05,18.35,12865.0,236330.0
2026-07-17,1419,新紡,66.4,67.1,65.8,66.1,174945.0,11645501.0
2026-07-17,1423,利華,36.95,37.0,36.35,37.0,26916.0,986737.0
2026-07-17,1432,大魯閣,15.2,15.2,14.85,14.95,545228.0,8187026.0
2026-07-17,1434,福懋,19.5,20.2,19.0,19.2,25296096.0,495735306.0
2026-07-17,1435,中福,22.95,22.95,22.9,22.9,16356.0,375315.0
2026-07-17,1436,華友聯,46.1,46.1,44.9,44.95,672116.0,30455496.0
2026-07-17,1437,勤益控,30.6,30.65,30.3,30.65,154561.0,4715145.0
2026-07-17,1438,三地開發,21.5,21.5,20.8,20.95,70073.0,1472363.0
2026-07-17,1439,雋揚,26.3,26.45,25.55,25.55,253021.0,6605509.0
2026-07-17,1440,南紡,13.2,13.3,12.85,12.95,2967726.0,38698430.0
2026-07-17,1441,大東,9.17,9.17,9.02,9.1,34337.0,312409.0
2026-07-17,1442,名軒,29.4,29.9,29.0,29.55,795965.0,23427674.0
2026-07-17,1443,立益物流,26.6,27.05,25.85,27.05,36749.0,978309.0
2026-07-17,1444,力麗,8.14,8.27,8.0,8.12,3683916.0,29865079.0
2026-07-17,1445,大宇,11.9,11.9,11.25,11.35,66687.0,763260.0
2026-07-17,1446,宏和,14.45,14.45,14.0,14.0,353881.0,5006680.0
2026-07-17,1447,力鵬,8.15,8.3,8.15,8.16,2301151.0,18857458.0
2026-07-17,1449,佳和,13.6,13.6,12.85,13.05,761454.0,9971823.0
2026-07-17,1451,年興,17.3,17.35,17.15,17.25,191826.0,3308380.0
2026-07-17,1452,宏益,11.95,11.95,11.4,11.45,183572.0,2125738.0
2026-07-17,1453,大將,11.0,11.2,10.95,11.1,69937.0,773006.0
2026-07-17,1454,台富,13.0,13.0,12.4,12.55,69247.0,869977.0
2026-07-17,1455,集盛,9.28,9.36,9.12,9.18,1703970.0,15726611.0
2026-07-17,1456,怡華,13.95,14.1,13.35,14.0,102074.0,1416597.0
2026-07-17,1457,宜進,14.3,14.4,14.1,14.25,66043.0,940227.0
2026-07-17,1459,聯發,11.85,11.85,11.55,11.7,85950.0,1001686.0
2026-07-17,1460,宏遠,7.02,7.17,6.96,7.05,869113.0,6099573.0
2026-07-17,1463,強盛新,17.4,17.65,17.35,17.65,107077.0,1872301.0
2026-07-17,1464,得力,10.7,10.85,10.5,10.6,736009.0,7830202.0
2026-07-17,1465,偉全,13.1,13.15,12.7,12.9,94529.0,1220667.0
2026-07-17,1466,聚隆,17.9,18.5,17.0,17.1,1231209.0,21501355.0
2026-07-17,1467,南緯,8.95,8.95,8.55,8.7,692639.0,6016267.0
2026-07-17,1468,昶和,12.6,13.8,12.35,13.6,79075.0,1039782.0
2026-07-17,1470,大統新創,23.0,23.2,22.1,23.1,34021.0,782378.0
2026-07-17,1471,首利,10.05,10.05,9.75,9.76,775726.0,7647164.0
2026-07-17,1472,三洋實業,88.1,90.0,88.1,88.7,192220.0,16996243.0
2026-07-17,1473,台南,20.15,20.15,19.9,20.0,60709.0,1213420.0
2026-07-17,1474,弘裕,10.5,10.55,10.25,10.45,100491.0,1043703.0
2026-07-17,1475,業旺,27.3,27.3,27.3,27.3,10648.0,293767.0
2026-07-17,1476,儒鴻,335.0,342.0,331.5,333.5,1989785.0,666348565.0
2026-07-17,1477,聚陽,216.5,222.0,214.0,216.0,2093556.0,454999288.0
2026-07-17,1503,士電,200.5,201.5,192.0,194.0,3642298.0,713520335.0
2026-07-17,1504,東元,68.5,69.5,66.7,66.8,13757675.0,931426477.0
2026-07-17,1506,正道,10.7,11.4,10.7,11.25,1186378.0,13196624.0
2026-07-17,1512,瑞利,6.78,6.78,6.65,6.75,42409.0,283956.0
2026-07-17,1513,中興電,165.0,166.0,158.5,158.5,5265751.0,849100244.0
2026-07-17,1514,亞力,103.5,105.5,101.0,102.5,3809426.0,392510920.0
2026-07-17,1515,力山,42.0,43.65,40.4,40.95,2601593.0,108186729.0
2026-07-17,1516,川飛,17.25,17.25,16.35,16.4,40384.0,678048.0
2026-07-17,1517,利奇,12.3,13.3,12.0,12.15,12510836.0,159736273.0
2026-07-17,1519,華城,672.0,688.0,655.0,655.0,2550700.0,1693725457.0
2026-07-17,1521,大億,25.4,25.6,25.1,25.6,35698.0,905516.0
2026-07-17,1522,堤維西,29.35,29.65,28.8,28.95,795205.0,23167480.0
2026-07-17,1524,耿鼎,27.0,27.35,26.55,26.6,719652.0,19317178.0
2026-07-17,1525,江申,67.8,68.0,66.0,68.0,33586.0,2268888.0
2026-07-17,1526,日馳,15.1,17.25,15.05,17.25,4027433.0,67854952.0
2026-07-17,1527,鑽全,34.2,34.2,33.5,33.55,204628.0,6900436.0
2026-07-17,1528,恩德,21.35,21.35,19.8,20.15,2239240.0,45544332.0
2026-07-17,1529,樂事綠能,20.25,20.5,20.2,20.25,676454.0,13759633.0
2026-07-17,1530,亞崴,30.05,30.05,29.3,29.6,53051.0,1570541.0
2026-07-17,1531,高林股,12.9,13.0,12.85,12.9,197732.0,2552665.0
2026-07-17,1532,勤美,23.45,23.6,23.0,23.1,595411.0,13833721.0
2026-07-17,1533,車王電,33.5,33.9,32.8,32.95,193226.0,6409587.0
2026-07-17,1535,中宇,50.4,50.4,49.85,50.0,109337.0,5472035.0
2026-07-17,1536,和大,52.0,52.4,49.1,49.45,2940729.0,148070974.0
2026-07-17,1537,廣隆,125.5,126.5,124.5,125.0,321844.0,40254818.0
2026-07-17,1538,正峰,0.0,0.0,0.0,0.0,48.0,460.0
2026-07-17,1539,巨庭,16.75,16.95,16.1,16.3,340239.0,5613052.0
2026-07-17,1540,喬福,22.05,22.25,21.45,21.65,822844.0,17952220.0
2026-07-17,1541,錩泰,21.95,22.4,21.55,22.0,9112.0,200140.0
2026-07-17,1558,伸興,94.3,94.3,92.4,93.1,106445.0,9901589.0
2026-07-17,1560,中砂,688.0,702.0,656.0,656.0,1886676.0,1258260625.0
2026-07-17,1563,巧新,64.5,67.5,61.0,61.0,2525852.0,161238563.0
2026-07-17,1568,倉佑,31.0,31.5,30.0,30.3,539950.0,16491639.0
2026-07-17,1582,信錦,75.0,75.3,71.7,71.7,1705463.0,124611743.0
2026-07-17,1583,程泰,49.5,50.7,49.25,49.3,49541.0,2452420.0
2026-07-17,1587,吉茂,26.15,26.15,25.1,25.1,625056.0,15887062.0
2026-07-17,1590,亞德客-KY,1330.0,1335.0,1245.0,1265.0,893126.0,1143104525.0
2026-07-17,1597,直得,132.5,136.0,127.5,128.0,1006051.0,131813214.0
2026-07-17,1598,岱宇,19.9,20.25,19.45,19.85,341896.0,6768175.0
2026-07-17,1603,華電,29.4,29.4,28.5,28.55,564257.0,16299795.0
2026-07-17,1604,聲寶,23.4,23.6,23.25,23.3,702479.0,16432416.0
2026-07-17,1605,華新,33.8,34.05,32.5,32.6,28250357.0,933798405.0
2026-07-17,1608,華榮,33.0,33.1,32.2,32.25,3338994.0,108709827.0
2026-07-17,1609,大亞,37.9,38.2,36.75,36.8,6772370.0,252208303.0
2026-07-17,1611,中電,12.6,12.65,12.2,12.2,829485.0,10243499.0
2026-07-17,1612,宏泰,31.55,31.55,30.9,31.05,1578462.0,49172569.0
2026-07-17,1614,三洋電,31.4,31.4,30.9,31.4,97847.0,3048303.0
2026-07-17,1615,大山,47.35,47.35,45.5,47.3,286722.0,13428962.0
2026-07-17,1616,億泰,20.5,20.5,19.8,19.8,1077373.0,21596099.0
2026-07-17,1617,榮星,22.65,23.0,21.55,21.55,1113023.0,24294296.0
2026-07-17,1618,合機,37.8,38.05,37.3,37.35,1020585.0,38300717.0
2026-07-17,1623,大東電,227.0,227.0,216.0,217.0,500548.0,110747344.0
2026-07-17,1626,艾美特-KY,10.35,10.35,10.05,10.1,39481.0,399522.0
2026-07-17,1702,南僑,33.65,34.1,33.5,33.9,560844.0,18936278.0
2026-07-17,1707,葡萄王,92.5,93.1,90.9,90.9,447377.0,41104195.0
2026-07-17,1708,東鹼,55.3,56.4,51.5,52.5,7383483.0,395852117.0
2026-07-17,1709,和益,26.7,27.9,25.95,26.05,5891152.0,157296325.0
2026-07-17,1710,東聯,17.2,17.55,16.05,16.4,20656606.0,342806509.0
2026-07-17,1711,永光,42.0,42.5,39.55,39.55,13069074.0,525014544.0
2026-07-17,1712,興農,39.55,39.7,39.4,39.5,533869.0,21100259.0
2026-07-17,1713,國化,48.05,48.05,47.3,47.4,205816.0,9776458.0
2026-07-17,1714,和桐,15.85,15.95,15.15,15.3,23016457.0,354684869.0
2026-07-17,1717,長興,68.6,69.3,64.1,64.5,18722852.0,1238106804.0
2026-07-17,1718,中纖,14.0,14.1,13.4,13.65,10095989.0,139490874.0
2026-07-17,1720,生達,64.5,64.5,63.5,63.5,305364.0,19508237.0
2026-07-17,1721,三晃,23.0,23.0,21.2,21.25,1847076.0,40495168.0
2026-07-17,1722,台肥,47.9,47.9,47.05,47.1,1952905.0,92564113.0
2026-07-17,1723,中碳,88.8,91.9,87.5,88.2,1969387.0,175591969.0
2026-07-17,1725,元禎,29.8,29.95,29.1,29.1,91357.0,2688807.0
2026-07-17,1726,永記,78.9,80.5,78.9,80.5,227355.0,18143921.0
2026-07-17,1727,中華化,88.5,89.2,81.9,82.4,4358116.0,365157829.0
2026-07-17,1730,花仙子,51.7,51.7,51.2,51.4,32199.0,1656598.0
2026-07-17,1731,美吾華,20.7,20.7,20.4,20.55,220563.0,4529635.0
2026-07-17,1732,毛寶,26.6,26.85,26.3,26.35,443181.0,11778158.0
2026-07-17,1733,五鼎,31.55,31.65,31.05,31.15,221430.0,6926884.0
2026-07-17,1734,杏輝,32.4,32.5,32.0,32.25,467429.0,15040195.0
2026-07-17,1735,日勝化,20.8,20.8,19.8,20.0,300345.0,6050014.0
2026-07-17,1736,喬山,128.0,132.5,126.0,126.0,603907.0,77662384.0
2026-07-17,1737,臺鹽,32.0,32.05,31.85,31.85,140806.0,4494451.0
2026-07-17,1752,南光,32.15,32.15,31.4,31.55,113111.0,3569816.0
2026-07-17,1760,寶齡富錦,61.5,61.5,59.9,60.0,300944.0,18170282.0
2026-07-17,1762,中化生,36.75,36.75,35.0,35.15,412253.0,14633815.0
2026-07-17,1773,勝一,178.0,181.5,173.0,174.5,801968.0,141583458.0
2026-07-17,1776,展宇,19.1,19.1,17.85,18.0,197296.0,3568847.0
2026-07-17,1783,和康生,40.8,41.0,40.0,40.15,178223.0,7243539.0
2026-07-17,1786,科妍,51.5,52.0,51.1,51.2,374723.0,19293499.0
2026-07-17,1789,神隆,20.4,20.6,19.85,19.85,822897.0,16483311.0
2026-07-17,1795,美時,195.0,197.5,188.0,188.0,2002053.0,383339639.0
2026-07-17,1802,台玻,59.5,59.5,56.6,56.6,34186803.0,1981840216.0
2026-07-17,1805,寶徠,10.2,10.2,10.0,10.2,162843.0,1638666.0
2026-07-17,1806,冠軍,8.3,8.35,8.15,8.24,440110.0,3626389.0
2026-07-17,1808,潤隆,32.0,32.3,31.7,32.2,2530871.0,81131803.0
2026-07-17,1809,中釉,41.3,41.8,39.45,39.95,2846191.0,115421553.0
2026-07-17,1810,和成,27.5,29.6,27.0,27.15,19243717.0,534445244.0
2026-07-17,1817,凱撒衛,38.35,38.6,38.3,38.6,28150.0,1082038.0
2026-07-17,1903,士紙,48.55,48.95,48.15,48.65,149837.0,7264148.0
2026-07-17,1904,正隆,22.25,22.3,21.85,21.9,1477308.0,32472601.0
2026-07-17,1905,華紙,14.6,14.65,14.1,14.35,3416020.0,49206626.0
2026-07-17,1906,寶隆,10.9,11.0,10.7,10.95,112859.0,1222755.0
2026-07-17,1907,永豐餘,28.4,28.8,27.95,28.15,1878375.0,53241293.0
2026-07-17,1909,榮成,10.25,10.3,10.0,10.1,4112764.0,41599535.0
2026-07-17,2002,中鋼,18.8,18.95,18.6,18.65,49685809.0,933011451.0
2026-07-17,2006,東和鋼鐵,72.3,72.3,70.0,70.2,2363507.0,167130886.0
2026-07-17,2007,燁興,7.03,7.17,7.01,7.12,501194.0,3550256.0
2026-07-17,2008,高興昌,30.45,31.05,30.0,31.05,66133.0,2028523.0
2026-07-17,2009,第一銅,37.9,38.1,37.0,37.0,1276584.0,47875581.0
2026-07-17,2010,春源,21.25,21.25,20.85,20.9,1388307.0,29165553.0
2026-07-17,2012,春雨,15.95,15.95,15.4,15.45,63595.0,988097.0
2026-07-17,2013,中鋼構,41.0,41.0,40.5,40.5,147203.0,6004047.0
2026-07-17,2014,中鴻,17.5,17.75,17.0,17.05,5992115.0,103578656.0
2026-07-17,2015,豐興,63.7,64.1,63.4,63.7,365224.0,23276921.0
2026-07-17,2017,官田鋼,9.11,9.16,8.85,8.91,670164.0,6004669.0
2026-07-17,2020,美亞,21.5,21.5,21.1,21.2,538840.0,11458700.0
2026-07-17,2022,聚亨,7.91,7.91,7.6,7.62,941354.0,7227711.0
2026-07-17,2023,燁輝,13.65,13.8,13.55,13.6,1799674.0,24543548.0
2026-07-17,2024,志聯,14.05,14.05,13.75,14.0,11008.0,153702.0
2026-07-17,2025,千興,11.7,11.75,11.45,11.55,326634.0,3785990.0
2026-07-17,2027,大成鋼,40.65,41.6,40.4,40.65,15766038.0,644468385.0
2026-07-17,2028,威致,15.55,15.7,15.2,15.45,198227.0,3048975.0
2026-07-17,2029,盛餘,20.65,20.7,20.3,20.45,296512.0,6069650.0
2026-07-17,2030,彰源,17.6,17.8,17.25,17.25,859923.0,14983967.0
2026-07-17,2031,新光鋼,40.4,40.45,39.15,39.35,894588.0,35564044.0
2026-07-17,2032,新鋼,16.25,16.25,15.65,15.8,435872.0,6933718.0
2026-07-17,2033,佳大,14.95,14.95,14.55,14.6,174611.0,2558165.0
2026-07-17,2034,允強,20.2,20.2,19.55,19.6,2012597.0,39926597.0
2026-07-17,2038,海光,13.05,13.1,12.3,12.65,1049414.0,13294966.0
2026-07-17,2049,上銀,321.0,325.0,306.0,306.0,2852114.0,894133335.0
2026-07-17,2059,川湖,8575.0,8575.0,7835.0,7890.0,859138.0,6978750095.0
2026-07-17,2062,橋椿,19.15,19.25,18.75,18.8,399135.0,7543238.0
2026-07-17,2069,運錩,18.35,18.65,18.3,18.65,499054.0,9207727.0
2026-07-17,2072,世紀風電,143.5,143.5,138.0,139.5,458465.0,64193793.0
2026-07-17,2101,南港,34.55,35.0,33.75,34.0,3003610.0,103189109.0
2026-07-17,2102,泰豐,18.9,18.95,18.5,18.5,262426.0,4893300.0
2026-07-17,2103,台橡,24.1,24.5,23.35,23.5,8033829.0,190958030.0
2026-07-17,2104,國際中橡,10.95,11.05,10.55,10.6,6123126.0,65966006.0
2026-07-17,2105,正新,33.25,34.6,33.2,33.6,29397587.0,998205125.0
2026-07-17,2106,建大,18.2,18.65,18.0,18.1,1658114.0,30279652.0
2026-07-17,2107,厚生,26.05,26.05,25.65,25.7,400570.0,10341752.0
2026-07-17,2108,南帝,28.55,28.6,27.7,27.75,970067.0,27159645.0
2026-07-17,2109,華豐,14.75,14.75,14.45,14.6,108546.0,1579463.0
2026-07-17,2114,鑫永銓,88.6,88.9,86.7,87.8,190950.0,16789337.0
2026-07-17,2115,六暉-KY,21.75,21.8,21.6,21.7,139301.0,3021820.0
2026-07-17,2201,裕隆,28.9,29.1,28.65,28.8,4424300.0,127605708.0
2026-07-17,2204,中華,57.5,57.9,56.2,56.2,1322593.0,75303536.0
2026-07-17,2206,三陽工業,64.2,64.3,63.4,63.5,1245711.0,79573556.0
2026-07-17,2207,和泰車,493.0,507.0,486.0,486.0,806549.0,398876311.0
2026-07-17,2208,台船,20.35,21.0,19.9,19.9,9310761.0,188137891.0
2026-07-17,2211,長榮鋼,95.2,95.2,94.1,94.2,1391074.0,131517544.0
2026-07-17,2227,裕日車,50.3,50.6,49.8,50.1,86996.0,4350667.0
2026-07-17,2228,劍麟,80.3,81.2,78.0,78.3,202231.0,15995279.0
2026-07-17,2231,為升,115.0,117.5,109.5,109.5,1265284.0,142188355.0
2026-07-17,2233,宇隆,224.5,235.0,214.0,218.5,1930894.0,432363353.0
2026-07-17,2236,百達-KY,157.0,162.0,157.0,161.0,538652.0,85705068.0
2026-07-17,2239,英利-KY,20.4,20.45,19.7,19.85,206616.0,4112253.0
2026-07-17,2241,艾姆勒,39.0,39.0,36.2,36.55,1250123.0,46211451.0
2026-07-17,2243,宏旭-KY,51.9,54.5,51.6,52.0,772791.0,40800653.0
2026-07-17,2247,汎德永業,223.5,226.5,221.5,224.0,94397.0,21131046.0
2026-07-17,2248,華勝-KY,63.4,67.3,62.5,62.5,392024.0,25139643.0
2026-07-17,2250,IKKA-KY,62.8,66.2,61.8,61.8,383997.0,24455585.0
2026-07-17,2254,巨鎧精密-創,60.1,60.2,58.0,58.6,11180.0,662047.0
2026-07-17,2258,鴻華先進-創,32.5,32.55,31.75,32.1,582854.0,18712279.0
2026-07-17,2301,光寶科,209.0,210.0,196.5,196.5,28679929.0,5811093226.0
2026-07-17,2302,麗正,43.3,44.15,40.25,40.3,3867620.0,160833023.0
2026-07-17,2303,聯電,145.5,148.0,144.0,144.0,252067369.0,36420104789.0
2026-07-17,2305,全友,33.8,34.1,31.7,32.15,4890885.0,160214828.0
2026-07-17,2308,台達電,1820,1825,1735,1740,14248513,24792412620.0
2026-07-17,2312,金寶,32.65,33.1,31.2,31.3,22526888.0,718225802.0
2026-07-17,2313,華通,219.5,222.0,212.0,212.0,34563669.0,7373745381.0
2026-07-17,2314,台揚,12.7,13.0,12.6,12.8,162553.0,2066988.0
2026-07-17,2316,楠梓電,172.0,172.0,159.5,159.5,2695065.0,439520718.0
2026-07-17,2317,鴻海,238,241.5,233,234,67033000,15685722000.0
2026-07-17,2321,東訊,14.4,16.45,14.2,16.45,23513.0,345295.0
2026-07-17,2323,中環,10.7,10.75,10.2,10.25,12749640.0,132474010.0
2026-07-17,2324,仁寶,35.6,36.95,35.2,36.0,100499425.0,3632792142.0
2026-07-17,2327,國巨*,710.0,724.0,699.0,699.0,47311948.0,33261065568.0
2026-07-17,2328,廣宇,48.45,49.0,46.15,46.2,4008919.0,189024687.0
2026-07-17,2329,華泰,47.0,47.75,44.8,45.15,7799389.0,358091959.0
2026-07-17,2330,台積電,2375,2395,2290,2290,97362670,222960514300.0
2026-07-17,2331,精英,20.0,20.0,19.4,19.4,2862428.0,56130889.0
2026-07-17,2332,友訊,21.65,22.25,20.45,20.5,33710835.0,713322301.0
2026-07-17,2337,旺宏,127.0,129.5,124.0,125.0,68546901.0,8645455626.0
2026-07-17,2338,光罩,46.15,46.5,43.2,43.2,5492437.0,242319087.0
2026-07-17,2340,台亞,33.9,33.9,32.1,32.45,5255804.0,172322349.0
2026-07-17,2342,茂矽,45.0,45.65,42.3,42.3,4174574.0,181157039.0
2026-07-17,2344,華邦電,159.5,162.5,155.0,155.0,110525648.0,17318240534.0
2026-07-17,2345,智邦,2190.0,2205.0,2090.0,2090.0,3429156.0,7356255795.0
2026-07-17,2347,聯強,85.9,88.2,85.2,85.3,9156645.0,786839105.0
2026-07-17,2348,海悅,79.9,79.9,77.2,78.0,1027175.0,80514656.0
2026-07-17,2349,錸德,11.75,11.75,11.25,11.25,4000082.0,45701727.0
2026-07-17,2351,順德,180.0,183.0,172.5,172.5,4240446.0,740355013.0
2026-07-17,2352,佳世達,30.6,31.25,29.85,30.4,15867366.0,483599912.0
2026-07-17,2353,宏碁,30.5,30.55,29.5,29.6,37559214.0,1122817292.0
2026-07-17,2354,鴻準,55.5,56.0,53.8,54.0,7115922.0,388546591.0
2026-07-17,2355,敬鵬,45.0,45.45,43.2,43.4,6762546.0,297573383.0
2026-07-17,2356,英業達,59.6,61.2,58.4,58.5,43532534.0,2582137827.0
2026-07-17,2357,華碩,705.0,719.0,700.0,700.0,4776948.0,3386699668.0
2026-07-17,2359,所羅門,139.0,145.0,138.5,141.0,9184934.0,1294602288.0
2026-07-17,2360,致茂,1810.0,1905.0,1810.0,1850.0,4068026.0,7606420743.0
2026-07-17,2362,藍天,41.85,42.15,40.4,40.4,1224294.0,50151458.0
2026-07-17,2363,矽統,60.0,60.4,56.7,56.7,13570328.0,779776271.0
2026-07-17,2364,倫飛,69.1,70.2,66.8,67.1,271606.0,18487042.0
2026-07-17,2365,昆盈,31.3,31.6,29.65,29.65,3299309.0,101008646.0
2026-07-17,2367,燿華,46.5,46.75,44.65,44.8,13846991.0,626793064.0
2026-07-17,2368,金像電,964.0,980.0,927.0,927.0,5632652.0,5336846851.0
2026-07-17,2369,菱生,38.0,38.2,35.9,35.9,14815237.0,541252117.0
2026-07-17,2371,大同,26.9,26.9,26.05,26.05,16581015.0,436408189.0
2026-07-17,2373,震旦行,54.2,54.3,53.6,54.3,56032.0,3019820.0
2026-07-17,2374,佳能,70.1,71.6,67.7,67.7,6013426.0,417303884.0
2026-07-17,2375,凱美,156.5,159.0,148.5,148.5,5818872.0,883589520.0
2026-07-17,2376,技嘉,330.0,332.0,323.5,325.0,8552370.0,2792358800.0
2026-07-17,2377,微星,142.0,146.5,137.5,141.5,15886902.0,2252846582.0
2026-07-17,2379,瑞昱,699.0,733.0,696.0,718.0,7045073.0,5047330129.0
2026-07-17,2380,虹光,19.6,19.9,18.8,18.8,56847.0,1081556.0
2026-07-17,2382,廣達,346,349,324.5,325.5,33474930,10896089715.0
2026-07-17,2383,台光電,4715.0,4835.0,4495.0,4495.0,3166294.0,14640682465.0
2026-07-17,2385,群光,105.5,106.0,102.5,102.5,6905032.0,716497930.0
2026-07-17,2387,精元,38.75,38.75,37.8,38.1,782854.0,29823489.0
2026-07-17,2388,威盛,71.0,71.0,65.8,65.9,8071677.0,550098912.0
2026-07-17,2390,云辰,11.7,11.85,11.15,11.2,1158178.0,13276143.0
2026-07-17,2392,正崴,37.0,37.6,35.55,35.55,3824857.0,138977623.0
2026-07-17,2393,億光,68.8,69.1,66.5,66.5,3865261.0,261076694.0
2026-07-17,2395,研華,518.0,519.0,502.0,513.0,2570650.0,1312083866.0
2026-07-17,2397,友通,57.1,57.2,54.7,54.8,723159.0,40381389.0
2026-07-17,2399,映泰,39.05,39.6,37.15,37.3,4199975.0,159932496.0
2026-07-17,2401,凌陽,29.2,29.25,27.3,27.4,6993370.0,196069779.0
2026-07-17,2402,毅嘉,61.3,62.2,58.5,58.5,4004389.0,240470718.0
2026-07-17,2404,漢唐,1210.0,1250.0,1160.0,1160.0,3355987.0,4017226545.0
2026-07-17,2405,輔信,16.95,17.1,16.6,16.6,3328203.0,55720239.0
2026-07-17,2406,國碩,33.1,33.1,30.6,30.75,13351419.0,419705701.0
2026-07-17,2408,南亞科,400.5,413.5,395.5,395.5,82626113.0,33153398478.0
2026-07-17,2409,友達,26.5,26.75,25.55,25.8,210939319.0,5497167013.0
2026-07-17,2412,中華電,136.5,140.0,136.0,138.0,37689493.0,5207048921.0
2026-07-17,2413,環科,43.2,43.2,40.45,40.7,1364647.0,56880630.0
2026-07-17,2414,精技,61.1,61.2,59.6,60.0,487955.0,29434979.0
2026-07-17,2415,錩新,34.0,34.0,32.3,32.75,577882.0,19015108.0
2026-07-17,2417,圓剛,41.8,41.8,39.5,39.65,1256491.0,50837910.0
2026-07-17,2419,仲琦,26.65,26.7,25.25,25.5,1307011.0,33886660.0
2026-07-17,2420,新巨,59.1,59.1,56.9,57.7,956591.0,55170033.0
2026-07-17,2421,建準,131.0,133.5,127.0,127.0,2469056.0,318169603.0
2026-07-17,2423,固緯,81.5,81.5,75.0,77.7,443325.0,34570682.0
2026-07-17,2424,隴華,9.23,9.23,8.88,8.88,66284.0,593266.0
2026-07-17,2425,承啟,42.1,42.7,40.9,41.25,1641305.0,68214198.0
2026-07-17,2426,鼎元,58.5,59.8,55.7,55.7,10110891.0,573825007.0
2026-07-17,2427,三商電,24.45,24.45,23.25,23.75,1483153.0,35462815.0
2026-07-17,2428,興勤,280.0,280.0,263.0,264.0,1623802.0,438801382.0
2026-07-17,2429,銘旺科,45.15,46.0,42.55,42.55,987378.0,43114915.0
2026-07-17,2430,燦坤,18.0,18.1,17.85,18.0,135316.0,2423287.0
2026-07-17,2431,聯昌,10.9,10.9,10.5,10.55,491281.0,5228377.0
2026-07-17,2432,倚天酷碁-創,28.55,28.55,28.05,28.05,65000.0,1837150.0
2026-07-17,2433,互盛電,42.4,42.4,41.8,41.8,80887.0,3388504.0
2026-07-17,2434,統懋,88.5,88.5,81.8,81.8,428072.0,35790255.0
2026-07-17,2436,偉詮電,60.3,60.3,57.5,57.7,4412186.0,258007505.0
2026-07-17,2438,翔耀,19.55,19.55,18.55,18.55,174181.0,3277578.0
2026-07-17,2439,美律,84.7,85.5,82.1,82.1,2247959.0,187666447.0
2026-07-17,2440,太空梭,16.5,16.55,15.5,15.55,665216.0,10572638.0
2026-07-17,2441,超豐,135.0,136.0,125.5,126.5,9771318.0,1263901644.0
2026-07-17,2442,新美齊,19.5,19.5,19.0,19.15,1832802.0,35230857.0
2026-07-17,2444,兆勁,12.1,12.1,11.35,11.35,799294.0,9241276.0
2026-07-17,2449,京元電子,306.0,306.0,286.5,286.5,38187576.0,11063421477.0
2026-07-17,2450,神腦,28.85,28.95,28.65,28.65,175125.0,5038877.0
2026-07-17,2451,創見,237.5,242.5,230.0,230.0,4691737.0,1101241641.0
2026-07-17,2453,凌群,52.2,52.7,51.1,51.1,723353.0,37440133.0
2026-07-17,2454,聯發科,3470,3570,3370,3370,10967157,36959319090.0
2026-07-17,2455,全新,295.0,297.5,282.0,282.0,5171996.0,1481050001.0
2026-07-17,2457,飛宏,26.4,26.4,24.55,24.55,3977487.0,99900806.0
2026-07-17,2458,義隆,170.5,172.0,163.0,164.5,3391412.0,566038339.0
2026-07-17,2459,敦吉,66.0,67.0,65.2,65.3,357478.0,23526715.0
2026-07-17,2460,建通,31.5,32.5,30.5,31.65,928046.0,28976994.0
2026-07-17,2461,光群雷,16.85,16.85,15.9,16.05,978374.0,15874827.0
2026-07-17,2462,良得電,21.2,21.2,20.4,20.45,416678.0,8607009.0
2026-07-17,2464,盟立,152.0,154.0,142.0,143.0,7441355.0,1092690651.0
2026-07-17,2465,麗臺,79.3,79.9,75.5,76.4,1782214.0,137450255.0
2026-07-17,2466,冠西電,119.5,122.0,113.0,122.0,1299122.0,151967212.0
2026-07-17,2467,志聖,595.0,604.0,558.0,558.0,2141488.0,1229554047.0
2026-07-17,2468,華經,36.05,36.8,34.7,34.8,428236.0,15211562.0
2026-07-17,2471,資通,52.9,52.9,51.6,51.8,293325.0,15263157.0
2026-07-17,2472,立隆電,293.5,307.5,288.0,288.0,4980041.0,1459304049.0
2026-07-17,2474,可成,186.5,190.0,185.5,186.5,5042503.0,945345060.0
2026-07-17,2476,鉅祥,128.0,129.0,118.5,118.5,3795806.0,466182713.0
2026-07-17,2477,美隆電,21.45,21.6,20.65,20.95,260129.0,5473186.0
2026-07-17,2478,大毅,150.0,154.0,142.5,142.5,4609738.0,672312657.0
2026-07-17,2480,敦陽科,159.0,159.5,156.5,156.5,256507.0,40437679.0
2026-07-17,2481,強茂,154.0,159.5,151.0,151.5,17063887.0,2633517486.0
2026-07-17,2482,連宇,18.75,19.2,18.0,18.1,1031069.0,19155183.0
2026-07-17,2483,百容,45.35,47.25,43.5,43.5,4113165.0,184616649.0
2026-07-17,2484,希華,86.5,87.4,80.7,80.7,22534430.0,1859213290.0
2026-07-17,2485,兆赫,45.85,45.9,43.2,43.4,6470706.0,285379542.0
2026-07-17,2486,一詮,250.0,251.5,235.5,235.5,9630353.0,2314042181.0
2026-07-17,2488,漢平,49.0,49.5,48.7,49.1,172755.0,8482042.0
2026-07-17,2489,瑞軒,34.4,34.5,32.05,32.15,14492969.0,476825278.0
2026-07-17,2491,吉祥全,33.3,34.2,30.7,31.55,702608.0,22601592.0
2026-07-17,2492,華新科,307.5,307.5,307.5,307.5,3561269.0,1095089740.0
2026-07-17,2493,揚博,218.5,229.5,211.5,211.5,7562871.0,1651498557.0
2026-07-17,2495,普安,40.9,41.65,39.35,39.4,3855257.0,154292732.0
2026-07-17,2496,卓越,61.0,61.0,60.0,60.5,31243.0,1889026.0
2026-07-17,2497,怡利電,58.5,59.0,55.8,55.8,611701.0,34947789.0
2026-07-17,2498,宏達電,42.3,42.75,41.0,41.05,6695792.0,279236074.0
2026-07-17,2501,國建,22.8,23.0,22.3,22.4,2903041.0,65353753.0
2026-07-17,2504,國產,31.4,32.25,31.4,31.8,4141826.0,132400214.0
2026-07-17,2505,國揚,18.1,18.1,17.6,17.6,270587.0,4807189.0
2026-07-17,2506,太設,8.7,8.84,8.65,8.76,234924.0,2056400.0
2026-07-17,2509,全坤建,13.55,13.65,13.05,13.2,205117.0,2715336.0
2026-07-17,2511,太子,8.63,8.67,8.47,8.53,2145338.0,18341288.0
2026-07-17,2514,龍邦,12.7,12.95,12.7,12.85,183573.0,2359574.0
2026-07-17,2515,中工,12.9,12.9,12.2,12.25,17678419.0,220249634.0
2026-07-17,2516,新建,14.0,14.0,13.7,13.9,224640.0,3113338.0
2026-07-17,2520,冠德,36.0,36.15,35.5,35.7,3190506.0,114342323.0
2026-07-17,2524,京城,37.95,38.45,37.2,37.2,131894.0,5006443.0
2026-07-17,2527,宏璟,49.05,49.95,47.45,48.1,3693888.0,178760195.0
2026-07-17,2528,皇普,22.2,22.3,21.9,22.05,323081.0,7120067.0
2026-07-17,2530,華建,19.1,19.75,19.1,19.5,824099.0,16034187.0
2026-07-17,2534,宏盛,17.15,17.35,16.8,17.05,595331.0,10149761.0
2026-07-17,2535,達欣工,89.4,89.4,86.0,86.5,453414.0,39522254.0
2026-07-17,2536,宏普,19.6,19.95,19.3,19.45,2422026.0,47588533.0
2026-07-17,2537,聯上發,11.3,11.3,10.85,10.95,1176262.0,12937505.0
2026-07-17,2538,基泰,9.9,9.91,9.77,9.86,544213.0,5356755.0
2026-07-17,2539,櫻花建,40.8,41.6,40.8,40.8,1771263.0,72707306.0
2026-07-17,2540,愛山林,54.3,54.5,53.5,53.5,715388.0,38597741.0
2026-07-17,2542,興富發,43.5,43.55,42.5,43.3,13232423.0,571852774.0
2026-07-17,2543,皇昌,39.5,40.6,38.2,38.25,2345321.0,91937696.0
2026-07-17,2545,皇翔,35.2,35.2,34.2,34.3,378507.0,13051964.0
2026-07-17,2546,根基,95.3,96.4,94.7,96.1,320483.0,30646773.0
2026-07-17,2547,日勝生,10.3,10.45,10.2,10.3,5348058.0,55088135.0
2026-07-17,2548,華固,102.0,102.5,101.0,101.0,1995186.0,202566476.0
2026-07-17,2597,潤弘,165.0,165.5,163.5,164.5,364835.0,59974100.0
2026-07-17,2601,益航,6.95,6.95,6.67,6.7,5726389.0,38629682.0
2026-07-17,2603,長榮,200,202.5,198,198,17171251,3399907698.0
2026-07-17,2605,新興,31.0,31.6,30.5,31.0,5547824.0,171376036.0
2026-07-17,2606,裕民,62.8,62.9,60.8,60.8,3654468.0,225262587.0
2026-07-17,2607,榮運,47.25,47.25,45.85,46.1,450052.0,20902428.0
2026-07-17,2608,嘉里大榮,29.35,29.6,29.25,29.4,398264.0,11735756.0
2026-07-17,2609,陽明,49.5,50.3,49.2,49.2,16323681.0,809342134.0
2026-07-17,2610,華航,20.75,20.9,20.35,20.75,37907575.0,784080128.0
2026-07-17,2611,志信,14.45,14.45,13.95,14.0,419352.0,5883974.0
2026-07-17,2612,中航,53.8,53.8,51.2,51.3,825924.0,42879298.0
2026-07-17,2613,中櫃,21.55,21.8,21.0,21.0,309566.0,6567371.0
2026-07-17,2614,東森,18.5,18.5,18.0,18.0,627457.0,11414059.0
2026-07-17,2615,萬海,80.3,81.5,79.5,79.5,8251508.0,662248886.0
2026-07-17,2616,山隆,13.7,13.75,13.45,13.6,291867.0,3966767.0
2026-07-17,2617,台航,28.85,28.95,28.3,28.45,903153.0,25788412.0
2026-07-17,2618,長榮航,41.7,42.1,41.15,41.2,37789355.0,1565117317.0
2026-07-17,2630,亞航,55.9,58.4,53.4,53.4,10665607.0,588580812.0
2026-07-17,2633,台灣高鐵,26.0,26.25,25.8,25.95,6460053.0,168178503.0
2026-07-17,2634,漢翔,62.0,65.0,60.8,61.2,37076047.0,2305195077.0
2026-07-17,2636,台驊控股,63.7,64.0,62.5,62.5,678800.0,42966718.0
2026-07-17,2637,慧洋-KY,81.6,81.9,79.2,79.4,2795263.0,224408254.0
2026-07-17,2642,宅配通,20.65,20.65,20.1,20.1,105783.0,2161953.0
2026-07-17,2645,長榮航太,222.0,231.5,214.5,216.5,7507056.0,1648978390.0
2026-07-17,2646,星宇航空,21.55,21.55,21.1,21.2,6506005.0,138528688.0
2026-07-17,2701,萬企,10.75,10.85,10.65,10.85,157316.0,1691232.0
2026-07-17,2702,華園,13.15,13.15,12.85,13.0,55432.0,719622.0
2026-07-17,2704,國賓,45.65,45.8,44.6,45.55,94167.0,4267886.0
2026-07-17,2705,六福,16.2,16.55,16.05,16.2,229547.0,3733951.0
2026-07-17,2706,第一店,12.75,12.8,12.55,12.75,335197.0,4239791.0
2026-07-17,2707,晶華,178.0,179.5,177.0,178.5,161714.0,28816197.0
2026-07-17,2712,遠雄來,15.0,15.0,14.25,14.35,52018.0,757370.0
2026-07-17,2722,夏都,22.5,22.7,21.85,22.15,132195.0,2928007.0
2026-07-17,2723,美食-KY,65.3,65.4,63.0,63.0,384232.0,24516388.0
2026-07-17,2727,王品,214.0,219.5,214.0,218.5,880882.0,191544356.0
2026-07-17,2731,雄獅,146.5,146.5,143.0,143.0,543723.0,78431246.0
2026-07-17,2739,寒舍,34.7,35.15,34.0,34.0,137750.0,4734366.0
2026-07-17,2748,雲品,40.3,40.35,39.25,39.6,262467.0,10400159.0
2026-07-17,2753,八方雲集,175.0,177.5,175.0,175.0,317435.0,55866343.0
2026-07-17,2762,世界健身-KY,85.7,85.8,83.4,83.9,61313.0,5171992.0
2026-07-17,2801,彰銀,23.75,24.05,23.75,23.9,26104491.0,623948315.0
2026-07-17,2812,台中銀,20.25,20.55,20.2,20.55,31205183.0,636011186.0
2026-07-17,2816,旺旺保,34.35,34.55,33.65,33.65,390639.0,13282321.0
2026-07-17,2820,華票,16.6,16.65,16.4,16.45,4251155.0,70060128.0
2026-07-17,2832,台產,56.9,57.5,56.4,56.4,225664.0,12821646.0
2026-07-17,2834,臺企銀,18.0,18.2,17.95,18.05,36418045.0,657598093.0
2026-07-17,2836,高雄銀,12.7,12.7,12.55,12.6,2957101.0,37410745.0
2026-07-17,2838,聯邦銀,20.75,20.9,20.4,20.5,5659626.0,113738433.0
2026-07-17,2845,遠東銀,13.45,13.6,13.3,13.4,12354336.0,166344848.0
2026-07-17,2849,安泰銀,14.65,14.95,14.6,14.95,305797.0,4502166.0
2026-07-17,2850,新產,146.5,148.5,144.0,145.0,334877.0,48778158.0
2026-07-17,2851,中再保,36.55,37.4,35.8,36.0,2203755.0,80607318.0
2026-07-17,2852,第一保,26.9,26.9,26.45,26.5,415069.0,11044741.0
2026-07-17,2855,統一證,44.85,44.95,43.9,44.15,7363368.0,326830347.0
2026-07-17,2867,三商壽,8.9,9.13,8.88,8.98,37939427.0,342349292.0
2026-07-17,2880,華南金,39.3,40.25,39.05,40.15,40233191.0,1605478473.0
2026-07-17,2881,富邦金,124.5,125.5,123.0,124.5,33387724.0,4147340201.0
2026-07-17,2882,國泰金,97.0,97.4,94.3,94.3,28465794.0,2720768652.0
2026-07-17,2883,凱基金,30.0,30.45,29.7,30.0,52680322.0,1583370086.0
2026-07-17,2884,玉山金,34.6,35.5,34.5,35.1,97753866.0,3437953911.0
2026-07-17,2885,元大金,66.4,66.5,64.0,65.0,53549728.0,3488748922.0
2026-07-17,2886,兆豐金,46.6,47.6,46.3,47.6,52531019.0,2488424758.0
2026-07-17,2887,台新新光金,36.0,36.0,35.05,35.55,96011039.0,3410368655.0
2026-07-17,2889,國票金,15.8,15.85,15.6,15.7,7668636.0,120539042.0
2026-07-17,2890,永豐金,39.75,40.05,39.4,40.0,49256681.0,1962588217.0
2026-07-17,2891,中信金,62.8,62.9,61.3,62.1,85999991.0,5337648599.0
2026-07-17,2892,第一金,33.8,34.3,33.55,34.1,45041190.0,1532986125.0
2026-07-17,2897,王道銀行,10.45,10.55,10.4,10.4,6677357.0,69883464.0
2026-07-17,2901,欣欣,23.85,24.1,23.8,24.05,22160.0,532129.0
2026-07-17,2903,遠百,22.35,22.6,22.2,22.35,2034389.0,45638785.0
2026-07-17,2904,匯僑,13.9,13.9,13.7,13.85,35556.0,490454.0
2026-07-17,2905,三商,15.3,15.45,15.15,15.2,1213043.0,18525878.0
2026-07-17,2906,高林,14.05,14.1,13.75,14.1,454289.0,6327720.0
2026-07-17,2908,特力,21.8,22.0,21.8,21.95,188732.0,4137577.0
2026-07-17,2910,統領,23.05,23.8,22.8,23.45,234798.0,5476713.0
2026-07-17,2911,麗嬰房,7.5,7.5,7.12,7.13,277585.0,2013177.0
2026-07-17,2912,統一超,245.0,246.5,240.5,243.0,5619379.0,1371165275.0
2026-07-17,2913,農林,11.35,11.45,11.1,11.2,2680878.0,30169105.0
2026-07-17,2915,潤泰全,51.0,51.7,50.7,50.9,3925368.0,200866881.0
2026-07-17,2923,鼎固-KY,33.7,36.45,32.75,35.8,275014.0,9719776.0
2026-07-17,2929,淘帝-KY,5.79,5.9,5.64,5.88,272081.0,1550249.0
2026-07-17,2939,永邑-KY,18.8,19.2,18.8,19.15,7000.0,133450.0
2026-07-17,2945,三商家購,41.0,41.0,40.1,40.1,20083.0,814395.0
2026-07-17,3002,歐格,19.2,19.2,17.9,18.15,415990.0,7612513.0
2026-07-17,3003,健和興,65.0,65.0,60.0,60.0,1604430.0,99002753.0
2026-07-17,3004,豐達科,146.0,149.5,141.5,141.5,775732.0,111749213.0
2026-07-17,3005,神基,111.0,114.5,109.0,110.0,6620178.0,735335720.0
2026-07-17,3006,晶豪科,209.0,211.0,198.0,198.0,11459777.0,2314502600.0
2026-07-17,3008,大立光,4090.0,4200.0,3985.0,4010.0,2064267.0,8418089105.0
2026-07-17,3010,華立,115.0,116.5,113.0,113.0,1291090.0,147937377.0
2026-07-17,3011,今皓,12.45,12.45,12.0,12.0,1111809.0,13443279.0
2026-07-17,3013,晟銘電,93.1,93.9,88.4,88.8,2508350.0,226964077.0
2026-07-17,3014,聯陽,129.0,130.0,125.0,125.0,1668803.0,212100685.0
2026-07-17,3015,全漢,57.7,58.4,55.4,55.9,1260320.0,71350733.0
2026-07-17,3016,嘉晶,108.0,111.0,104.5,104.5,5936314.0,631526003.0
2026-07-17,3017,奇鋐,2160,2335,2145,2200,5543230,12195106000.0
2026-07-17,3018,隆銘綠能,11.75,11.75,11.65,11.65,9957.0,116180.0
2026-07-17,3019,亞光,138.0,139.0,130.0,131.0,5479792.0,734894334.0
2026-07-17,3021,鴻名,23.2,23.2,21.45,21.75,334896.0,7372084.0
2026-07-17,3022,威強電,83.0,84.3,79.4,79.5,1371158.0,111311825.0
2026-07-17,3023,信邦,315.0,319.5,302.0,303.0,1832154.0,566228106.0
2026-07-17,3024,憶聲,13.6,14.65,13.6,14.2,9581674.0,135952465.0
2026-07-17,3025,星通,57.4,57.7,55.6,55.8,503976.0,28458319.0
2026-07-17,3026,禾伸堂,690.0,720.0,690.0,690.0,9139921.0,6397579223.0
2026-07-17,3027,盛達,19.1,19.1,18.25,18.35,430582.0,7963597.0
2026-07-17,3028,增你強,70.1,71.3,67.4,68.0,3317724.0,229195319.0
2026-07-17,3029,零壹,103.5,106.5,101.5,102.5,1883005.0,196039973.0
2026-07-17,3030,德律,299.0,306.0,288.0,288.0,2374581.0,701202407.0
2026-07-17,3031,佰鴻,27.95,27.95,26.2,26.2,1413057.0,37947331.0
2026-07-17,3032,偉訓,79.0,79.3,75.8,76.1,757531.0,58263322.0
2026-07-17,3033,威健,51.7,52.6,48.8,48.8,27583986.0,1380014897.0
2026-07-17,3034,聯詠,461.0,473.0,456.0,460.5,5508622.0,2561516094.0
2026-07-17,3035,智原,195.0,198.0,183.5,184.0,7282714.0,1376208596.0
2026-07-17,3036,文曄,193.0,197.0,187.0,188.5,9447981.0,1799454633.0
2026-07-17,3037,欣興,809.0,842.0,794.0,794.0,30076422.0,24294663987.0
2026-07-17,3038,全台,20.8,21.0,20.5,20.55,308074.0,6380663.0
2026-07-17,3040,遠見,38.2,39.0,38.05,38.65,265841.0,10234760.0
2026-07-17,3041,揚智,25.1,25.1,23.1,23.25,2171724.0,51797662.0
2026-07-17,3042,晶技,177.5,179.5,168.0,168.5,12317985.0,2112203555.0
2026-07-17,3043,科風,21.7,21.7,20.35,20.45,272001.0,5680868.0
2026-07-17,3044,健鼎,408.0,412.0,394.0,397.5,4152785.0,1663164659.0
2026-07-17,3045,台灣大,110.5,113.0,110.5,111.0,30120065.0,3353890531.0
2026-07-17,3046,建碁,53.0,54.1,52.1,52.4,357480.0,18947703.0
2026-07-17,3047,訊舟,15.55,15.55,14.6,14.65,2454528.0,36614114.0
2026-07-17,3048,益登,52.9,53.7,50.5,50.7,2870790.0,148072521.0
2026-07-17,3049,精金,11.8,11.85,11.3,11.4,4030697.0,46476754.0
2026-07-17,3050,鈺德,11.9,12.1,11.5,11.5,876015.0,10265348.0
2026-07-17,3051,力特,23.8,23.85,22.75,22.9,829821.0,19181143.0
2026-07-17,3052,夆典,10.85,10.85,10.7,10.8,355842.0,3826501.0
2026-07-17,3054,立萬利,56.6,60.8,55.0,55.5,64441.0,3633366.0
2026-07-17,3055,蔚華科,168.0,174.5,162.0,163.0,1487720.0,246910383.0
2026-07-17,3056,富華新,14.75,14.8,14.3,14.45,1486001.0,21593063.0
2026-07-17,3057,喬鼎,16.4,16.4,15.6,15.7,159855.0,2547938.0
2026-07-17,3058,立德,9.0,9.01,8.6,8.62,1332573.0,11660019.0
2026-07-17,3059,華晶科,43.0,43.5,41.35,41.55,3693732.0,155808910.0
2026-07-17,3060,銘異,31.6,31.6,29.2,29.45,3772668.0,113636975.0
2026-07-17,3062,建漢,22.7,22.7,21.4,21.4,4025752.0,88362030.0
2026-07-17,3090,日電貿,201.0,210.0,191.0,194.5,16650576.0,3306674509.0
2026-07-17,3092,鴻碩,25.8,25.8,24.0,24.0,543766.0,13261296.0
2026-07-17,3094,聯傑,38.9,39.4,36.9,36.9,4085113.0,154871833.0
2026-07-17,3130,一零四,205.0,205.5,203.0,203.5,108565.0,22144040.0
2026-07-17,3135,凌航,149.5,153.5,143.5,144.5,1411681.0,207647133.0
2026-07-17,3138,耀登,109.5,109.5,100.0,100.5,616262.0,62598489.0
2026-07-17,3149,正達,81.8,89.8,79.3,79.6,15884113.0,1333236473.0
2026-07-17,3150,鈺寶-創,17.25,17.45,17.0,17.2,31001.0,531917.0
2026-07-17,3164,景岳,16.45,16.45,16.2,16.3,42890.0,697717.0
2026-07-17,3167,大量,802.0,821.0,766.0,766.0,3085624.0,2417240495.0
2026-07-17,3168,眾福科,43.6,43.6,43.05,43.5,18805.0,816919.0
2026-07-17,3189,景碩,705.0,711.0,693.0,693.0,3693770.0,2573124165.0
2026-07-17,3209,全科,59.2,59.2,55.6,55.9,1855710.0,106121251.0
2026-07-17,3229,晟鈦,40.6,43.5,39.25,40.9,938806.0,38754143.0
2026-07-17,3231,緯創,144,144.5,139,139,38762694,5388014466.0
2026-07-17,3257,虹冠電,56.2,56.2,54.1,54.1,750002.0,41306434.0
2026-07-17,3266,昇陽,14.15,14.15,13.7,14.05,106617.0,1493827.0
2026-07-17,3296,勝德,27.0,27.0,25.4,25.6,145959.0,3789261.0
2026-07-17,3305,昇貿,117.0,117.0,109.0,109.0,2859889.0,319964779.0
2026-07-17,3308,聯德,20.65,20.7,19.8,19.9,128686.0,2582197.0
2026-07-17,3311,閎暉,35.5,36.0,33.05,33.8,878340.0,29950403.0
2026-07-17,3312,弘憶股,50.6,51.3,48.1,48.3,2083960.0,102746420.0
2026-07-17,3321,同泰,20.0,20.0,18.65,18.9,583660.0,11060116.0
2026-07-17,3338,泰碩,67.7,67.7,63.8,63.8,587746.0,38230035.0
2026-07-17,3346,麗清,22.1,22.1,20.65,20.7,1265481.0,26776328.0
2026-07-17,3356,奇偶,58.5,58.5,55.9,56.2,956404.0,54754625.0
2026-07-17,3376,新日興,192.0,194.0,186.0,187.0,4050712.0,766178076.0
2026-07-17,3380,明泰,31.8,31.8,29.7,29.8,3844346.0,117031154.0
2026-07-17,3406,玉晶光,543.0,547.0,515.0,519.0,1723470.0,913045364.0
2026-07-17,3413,京鼎,355.5,383.5,352.0,371.0,7028634.0,2617300802.0
2026-07-17,3416,融程電,168.5,170.0,161.0,162.0,618809.0,102000371.0
2026-07-17,3419,譁裕,12.35,12.65,12.3,12.55,373426.0,4660065.0
2026-07-17,3432,台端,17.5,17.5,16.7,17.0,39880.0,679568.0
2026-07-17,3437,榮創,18.8,18.85,17.8,17.9,1147798.0,20902843.0
2026-07-17,3443,創意,3950.0,4050.0,3780.0,3835.0,2361511.0,9221110205.0
2026-07-17,3447,展達,32.0,32.0,30.15,30.25,539505.0,16584457.0
2026-07-17,3450,聯鈞,450.0,457.0,432.0,432.0,4187634.0,1832785893.0
2026-07-17,3481,群創,53.4,55.1,52.6,52.6,343294756.0,18422033674.0
2026-07-17,3494,誠研,8.02,8.02,7.63,7.63,91149.0,701819.0
2026-07-17,3501,維熹,40.4,40.6,39.8,39.95,379057.0,15197872.0
2026-07-17,3504,揚明光,68.3,68.5,63.6,64.0,781771.0,51204297.0
2026-07-17,3515,華擎,205.0,205.5,200.0,200.5,564225.0,114439110.0
2026-07-17,3518,柏騰,27.9,27.9,26.0,26.7,1319332.0,35474274.0
2026-07-17,3528,安馳,85.3,86.6,82.5,84.0,508536.0,43091674.0
2026-07-17,3530,晶相光,60.0,60.0,56.4,56.8,326582.0,18907491.0
2026-07-17,3532,台勝科,424.0,470.0,424.0,424.0,9795006.0,4317382701.0
2026-07-17,3533,嘉澤,1985.0,2005.0,1860.0,1865.0,1577240.0,3043268226.0
2026-07-17,3535,晶彩科,93.7,94.4,90.0,91.7,1919406.0,176479208.0
2026-07-17,3543,州巧,30.4,30.6,29.05,29.05,917090.0,27206554.0
2026-07-17,3545,敦泰,51.0,51.1,48.5,48.5,1657344.0,82366747.0
2026-07-17,3550,聯穎,24.1,24.25,22.25,22.5,3356607.0,76499138.0
2026-07-17,3557,嘉威,26.0,26.45,25.1,25.55,107731.0,2751207.0
2026-07-17,3563,牧德,682.0,685.0,631.0,631.0,1013888.0,657585668.0
2026-07-17,3576,聯合再生,17.65,17.85,16.85,17.85,59360600.0,1047483800.0
2026-07-17,3583,辛耘,800.0,801.0,747.0,747.0,1414605.0,1080581874.0
2026-07-17,3588,通嘉,59.5,59.5,54.2,54.9,778857.0,43548019.0
2026-07-17,3591,艾笛森,22.8,22.8,21.1,21.25,1554684.0,33875794.0
2026-07-17,3592,瑞鼎,241.5,242.5,230.0,232.0,700818.0,164707583.0
2026-07-17,3593,力銘,16.95,16.95,15.3,15.35,31110.0,484901.0
2026-07-17,3596,智易,187.0,190.0,181.0,181.5,905371.0,167234804.0
2026-07-17,3605,宏致,83.0,84.7,78.7,79.3,4997023.0,406027733.0
2026-07-17,3607,谷崧,15.8,15.8,14.75,14.75,801689.0,12079926.0
2026-07-17,3617,碩天,212.0,214.5,204.0,204.0,591379.0,123458047.0
2026-07-17,3622,洋華,55.2,55.2,53.1,53.2,558894.0,30011036.0
2026-07-17,3645,達邁,74.0,74.1,69.0,69.4,2188150.0,154796416.0
2026-07-17,3652,精聯,30.05,30.05,28.8,29.0,260971.0,7620869.0
2026-07-17,3653,健策,3260.0,3350.0,3150.0,3210.0,1110713.0,3604319270.0
2026-07-17,3661,世芯-KY,3585,3655,3480,3480,2162718,7526258640.0
2026-07-17,3665,貿聯-KY,1855.0,1915.0,1765.0,1765.0,3375931.0,6200655565.0
2026-07-17,3669,圓展,35.15,35.15,33.0,33.6,311696.0,10493593.0
2026-07-17,3673,TPK-KY,69.0,69.5,64.5,65.5,8741193.0,579720845.0
2026-07-17,3679,新至陞,110.5,110.5,108.5,109.5,80072.0,8756845.0
2026-07-17,3686,達能,16.4,16.4,15.5,15.5,284481.0,4455418.0
2026-07-17,3694,海華,62.5,64.0,60.0,60.1,1688312.0,103926596.0
2026-07-17,3701,大眾控,40.3,40.6,39.2,39.2,1094875.0,43506622.0
2026-07-17,3702,大聯大,111.5,113.0,108.0,109.5,11654119.0,1285579201.0
2026-07-17,3703,欣陸,20.75,20.75,20.4,20.5,1564713.0,32160521.0
2026-07-17,3704,合勤控,44.9,46.9,44.8,45.7,4787968.0,220442659.0
2026-07-17,3705,永信,55.6,55.6,54.2,54.2,265888.0,14585717.0
2026-07-17,3706,神達,88.2,88.5,86.0,88.3,14420694.0,1259621258.0
2026-07-17,3708,上緯投控,99.8,99.9,95.1,95.1,835237.0,81498639.0
2026-07-17,3711,日月光投控,625.0,635.0,614.0,614.0,27892135.0,17319327044.0
2026-07-17,3712,永崴投控,16.75,17.05,16.3,16.55,1268431.0,21185169.0
2026-07-17,3714,富采,55.5,56.0,52.5,52.5,11845962.0,636183240.0
2026-07-17,3715,定穎投控,132.5,133.0,123.5,123.5,11026800.0,1393630799.0
2026-07-17,3716,中化控股,34.4,34.5,33.9,33.9,193666.0,6604261.0
2026-07-17,3717,聯嘉投控,23.75,23.75,22.1,22.45,4629743.0,105599118.0
2026-07-17,4104,佳醫,72.0,72.0,70.6,70.7,287245.0,20402600.0
2026-07-17,4106,雃博,25.3,25.3,24.7,25.0,300788.0,7502732.0
2026-07-17,4108,懷特,12.0,12.0,11.55,11.7,267143.0,3137548.0
2026-07-17,4119,旭富,46.8,47.45,45.8,46.35,193244.0,8969388.0
2026-07-17,4133,亞諾法,20.35,22.35,20.35,22.35,1530488.0,33705140.0
2026-07-17,4137,麗豐-KY,96.7,97.0,95.0,95.0,158255.0,15172493.0
2026-07-17,4142,國光生,17.35,17.35,16.8,16.8,1458918.0,24715431.0
2026-07-17,4148,全宇生技-KY,30.0,30.2,29.5,30.05,44629.0,1334291.0
2026-07-17,4155,訊映,15.85,16.35,15.7,16.05,530277.0,8498830.0
2026-07-17,4164,承業醫,27.5,27.55,26.75,26.9,1002810.0,27147591.0
2026-07-17,4169,泰宗,259.5,273.0,241.0,252.0,378620.0,96927981.0
2026-07-17,4178,永笙-KY,19.2,20.35,19.2,20.0,2145619.0,43264628.0
2026-07-17,4190,佐登-KY,25.55,25.55,24.9,25.25,44344.0,1119817.0
2026-07-17,4195,基米-創,16.5,16.6,16.3,16.4,160881.0,2639499.0
2026-07-17,4306,炎洲,15.05,15.05,14.6,14.75,1633780.0,24130377.0
2026-07-17,4414,如興,8.57,8.6,8.4,8.41,170337.0,1442650.0
2026-07-17,4426,利勤,8.58,8.58,8.15,8.25,166128.0,1371559.0
2026-07-17,4438,廣越,61.7,61.8,60.2,60.9,83596.0,5098007.0
2026-07-17,4439,冠星-KY,100.0,102.5,98.5,100.0,24810.0,2482582.0
2026-07-17,4440,宜新實業,17.3,17.55,17.3,17.5,54318.0,948621.0
2026-07-17,4441,振大環球,177.5,179.0,172.0,174.0,299965.0,52373049.0
2026-07-17,4526,東台,33.85,34.4,32.4,32.55,2710408.0,89936044.0
2026-07-17,4532,瑞智,25.25,25.3,24.4,24.7,2128943.0,52686216.0
2026-07-17,4536,拓凱,163.5,167.5,163.5,165.5,572723.0,94818687.0
2026-07-17,4540,全球傳動,54.1,55.8,51.6,51.6,1843706.0,97913332.0
2026-07-17,4545,銘鈺,34.45,34.7,34.0,34.1,287737.0,9834904.0
2026-07-17,4551,智伸科,193.0,196.0,185.0,188.0,1105782.0,208638626.0
2026-07-17,4552,力達-KY,19.3,19.35,19.0,19.1,85432.0,1634606.0
2026-07-17,4555,氣立,49.1,50.8,46.4,46.5,601909.0,29053379.0
2026-07-17,4557,永新-KY,51.3,51.7,49.6,50.9,84267.0,4224572.0
2026-07-17,4560,強信-KY,34.05,34.05,33.5,33.8,205030.0,6928738.0
2026-07-17,4562,穎漢,33.15,33.2,32.05,32.05,288572.0,9387958.0
2026-07-17,4564,元翎,19.95,21.5,19.3,19.3,11696258.0,237695373.0
2026-07-17,4566,時碩工業,65.0,65.3,60.5,60.6,1225369.0,76183842.0
2026-07-17,4569,六方科-KY,165.0,166.0,156.5,158.5,122977.0,19729733.0
2026-07-17,4571,鈞興-KY,157.5,157.5,150.5,152.0,341097.0,52273352.0
2026-07-17,4572,駐龍,147.0,147.0,143.0,145.0,49409.0,7134003.0
2026-07-17,4576,大銀微系統,201.0,206.0,192.5,194.0,1438327.0,284171407.0
2026-07-17,4581,光隆精密-KY,50.5,51.0,50.1,50.8,22070.0,1110462.0
2026-07-17,4582,聚恆-創,28.0,28.35,26.95,27.8,265914.0,7355614.0
2026-07-17,4583,台灣精銳,577.0,589.0,557.0,560.0,89867.0,51373165.0
2026-07-17,4585,達明,318.0,324.0,301.0,301.5,573405.0,177374432.0
2026-07-17,4588,玖鼎電力,53.2,53.3,51.3,51.6,176888.0,9241502.0
2026-07-17,4590,富田-創,91.0,91.0,86.1,88.0,444258.0,39053752.0
2026-07-17,4720,德淵,21.3,21.35,20.2,20.35,1461971.0,30196234.0
2026-07-17,4722,國精化,242.0,245.5,228.0,228.0,1567730.0,365312057.0
2026-07-17,4736,泰博,130.0,130.0,126.5,129.0,302089.0,38771958.0
2026-07-17,4737,華廣,55.9,55.9,54.8,54.8,138084.0,7619538.0
2026-07-17,4739,康普,88.3,89.0,82.5,84.1,2666107.0,228289475.0
2026-07-17,4746,台耀,53.0,53.0,51.9,52.0,500995.0,26217226.0
2026-07-17,4755,三福化,131.0,132.0,126.0,126.5,555614.0,71436055.0
2026-07-17,4763,材料*-KY,46.8,47.75,45.1,45.35,9555433.0,441613776.0
2026-07-17,4764,雙鍵,300.0,313.0,296.0,296.0,2330379.0,700509377.0
2026-07-17,4766,南寶,338.0,345.0,331.5,332.0,441177.0,148231008.0
2026-07-17,4770,上品,226.5,230.0,213.0,214.0,576870.0,127589164.0
2026-07-17,4771,望隼,196.5,203.0,193.5,195.5,199754.0,39346940.0
2026-07-17,4807,日成-KY,40.15,41.45,39.4,40.6,642927.0,25951754.0
2026-07-17,4904,遠傳,101.0,104.5,101.0,103.0,20826869.0,2149379073.0
2026-07-17,4906,正文,37.1,37.55,35.35,35.65,7509331.0,271302758.0
2026-07-17,4912,聯德控股-KY,86.0,86.0,82.0,82.4,391678.0,32700458.0
2026-07-17,4915,致伸,66.5,67.0,64.9,64.9,4100636.0,269133554.0
2026-07-17,4916,事欣科,106.0,108.5,100.0,102.0,6467375.0,674807438.0
2026-07-17,4919,新唐,145.0,148.5,141.0,141.0,7758251.0,1109285045.0
2026-07-17,4927,泰鼎-KY,38.35,38.35,36.15,36.5,4544987.0,168605125.0
2026-07-17,4930,燦星網,16.95,16.95,16.65,16.75,34563.0,581141.0
2026-07-17,4934,太極,16.05,16.05,15.2,15.25,1266801.0,19585832.0
2026-07-17,4935,茂林-KY,35.8,35.8,34.5,34.75,348134.0,12184691.0
2026-07-17,4938,和碩,82.3,83.7,82.1,82.2,15671687.0,1296388275.0
2026-07-17,4942,嘉彰,37.6,37.7,36.7,36.7,226766.0,8391465.0
2026-07-17,4943,康控-KY,8.89,8.89,8.68,8.68,5090.0,44523.0
2026-07-17,4949,有成精密,75.8,75.8,69.1,69.1,1441792.0,101484332.0
2026-07-17,4952,凌通,50.7,51.0,48.4,48.4,814561.0,40355624.0
2026-07-17,4956,光鋐,31.5,31.7,29.3,29.65,1751306.0,52752253.0
2026-07-17,4958,臻鼎-KY,525.0,542.0,521.0,521.0,21751343.0,11452719387.0
2026-07-17,4960,誠美材,22.7,22.7,21.3,21.55,3748646.0,82180029.0
2026-07-17,4961,天鈺,164.0,164.0,154.0,154.0,1062102.0,168173792.0
2026-07-17,4967,十銓,217.0,224.5,208.0,209.0,3409697.0,728633903.0
2026-07-17,4968,立積,102.0,102.0,99.8,100.0,1430597.0,143916441.0
2026-07-17,4976,佳凌,34.5,35.35,33.05,33.05,1164781.0,39742414.0
2026-07-17,4977,眾達-KY,137.0,139.5,130.0,130.0,1711769.0,227231543.0
2026-07-17,4989,榮科,75.0,76.0,70.4,70.4,7565468.0,544731195.0
2026-07-17,4994,傳奇,89.1,92.4,89.1,92.3,19105.0,1752310.0
2026-07-17,4999,鑫禾,19.75,19.75,19.3,19.35,105997.0,2063609.0
2026-07-17,5007,三星,56.0,56.5,55.5,55.5,50881.0,2845423.0
2026-07-17,5203,訊連,66.5,67.2,64.9,65.1,289617.0,19032682.0
2026-07-17,5215,科嘉-KY,40.25,40.25,38.45,38.5,195500.0,7645513.0
2026-07-17,5222,全訊,120.5,121.0,115.0,115.0,659619.0,77326743.0
2026-07-17,5225,東科-KY,71.4,71.5,69.5,69.5,419616.0,29520889.0
2026-07-17,5234,達興材料,350.0,358.0,343.5,344.0,488050.0,170173778.0
2026-07-17,5236,凌陽創新,150.0,150.0,144.0,144.5,329775.0,48265412.0
2026-07-17,5243,乙盛-KY,92.5,93.8,88.5,88.7,1989552.0,179923417.0
2026-07-17,5244,弘凱,32.5,32.65,31.0,31.15,345573.0,10979869.0
2026-07-17,5258,虹堡,54.0,54.3,50.7,50.8,810414.0,42275815.0
2026-07-17,5269,祥碩,1480.0,1495.0,1395.0,1435.0,703710.0,1024588920.0
2026-07-17,5283,禾聯碩,52.8,53.3,52.2,53.0,110089.0,5816266.0
2026-07-17,5284,jpp-KY,293.0,295.0,276.0,278.0,704436.0,200152305.0
2026-07-17,5285,界霖,89.0,89.2,84.4,85.1,1826755.0,157505288.0
2026-07-17,5288,豐祥-KY,186.0,190.0,183.5,184.5,190031.0,35403790.0
2026-07-17,5292,華懋,173.5,173.5,164.0,167.0,246739.0,41274256.0
2026-07-17,5306,桂盟,96.8,100.0,94.9,95.9,1237890.0,120622612.0
2026-07-17,5388,中磊,85.0,86.2,83.1,83.3,4564591.0,384844429.0
2026-07-17,5434,崇越,579.0,602.0,562.0,562.0,3120683.0,1821230117.0
2026-07-17,5469,瀚宇博,71.0,71.2,68.0,68.0,4258828.0,295347486.0
2026-07-17,5471,松翰,58.7,59.0,55.2,55.9,3245960.0,184542376.0
2026-07-17,5484,慧友,46.9,46.9,42.5,42.5,453647.0,19967787.0
2026-07-17,5515,建國,41.9,41.9,41.2,41.6,364157.0,15113302.0
2026-07-17,5519,隆大,28.35,28.5,28.0,28.0,757682.0,21299932.0
2026-07-17,5521,工信,10.3,10.3,9.99,10.05,6467763.0,65150727.0
2026-07-17,5522,遠雄,69.4,70.0,68.1,68.1,1203903.0,82770157.0
2026-07-17,5525,順天,21.8,22.1,21.5,21.8,99173.0,2160128.0
2026-07-17,5531,鄉林,7.78,7.86,7.73,7.73,603092.0,4693897.0
2026-07-17,5533,皇鼎,14.0,14.05,13.75,13.95,351902.0,4899289.0
2026-07-17,5534,長虹,81.7,82.6,80.9,81.2,1169886.0,95493647.0
2026-07-17,5538,東明-KY,34.6,34.85,33.9,34.8,40421.0,1397432.0
2026-07-17,5546,永固-KY,17.0,17.0,16.35,16.7,34170.0,570065.0
2026-07-17,5607,遠雄港,50.0,50.8,49.05,49.05,636724.0,31632943.0
2026-07-17,5608,四維航,14.25,14.25,13.55,13.55,3361883.0,46481568.0
2026-07-17,5706,鳳凰,46.85,46.85,45.7,45.9,335111.0,15420285.0
2026-07-17,5871,中租-KY,120.0,121.5,119.0,119.5,10604544.0,1273394946.0
2026-07-17,5876,上海商銀,44.9,45.65,44.75,45.2,24572743.0,1114690703.0
2026-07-17,5880,合庫金,25.5,25.55,25.25,25.35,27329813.0,695167643.0
2026-07-17,5906,台南-KY,37.95,38.0,37.95,38.0,3040.0,115354.0
2026-07-17,5907,大洋-KY,4.83,4.93,4.83,4.9,257449.0,1252511.0
2026-07-17,6005,群益證,34.0,34.1,33.0,33.0,14506061.0,484509232.0
2026-07-17,6024,群益期,64.5,65.2,64.0,64.5,563545.0,36301109.0
2026-07-17,6108,競國,17.25,17.3,16.5,16.5,926351.0,15469896.0
2026-07-17,6112,邁達特,42.15,42.6,41.3,41.55,502268.0,20966035.0
2026-07-17,6115,鎰勝,45.65,45.8,45.1,45.15,175270.0,7943151.0
2026-07-17,6116,彩晶,15.5,15.65,15.0,15.0,35264620.0,536911091.0
2026-07-17,6117,迎廣,66.6,67.5,66.2,66.2,385915.0,25682771.0
2026-07-17,6120,達運,13.5,13.55,13.2,13.2,6051906.0,80663664.0
2026-07-17,6128,上福,20.3,20.3,20.0,20.0,118574.0,2389293.0
2026-07-17,6133,金橋,22.4,22.55,21.0,21.05,2140867.0,46386657.0
2026-07-17,6136,富爾特,24.0,24.3,24.0,24.15,173740.0,4188083.0
2026-07-17,6139,亞翔,832.0,863.0,794.0,799.0,4892811.0,4000087496.0
2026-07-17,6141,柏承,42.0,44.0,40.6,40.7,4392534.0,186096202.0
2026-07-17,6142,友勁,9.58,9.8,9.33,9.39,1924517.0,18320139.0
2026-07-17,6152,百一,12.65,12.65,12.0,12.0,794079.0,9635521.0
2026-07-17,6153,嘉聯益,17.8,17.8,16.85,16.95,6011354.0,103216604.0
2026-07-17,6155,鈞寶,64.4,64.9,60.2,60.2,2070003.0,127882803.0
2026-07-17,6164,華興,13.75,13.75,12.6,12.75,1393784.0,18169161.0
2026-07-17,6165,浪凡,50.5,50.6,49.4,49.5,2184948.0,108324404.0
2026-07-17,6166,凌華,125.0,126.5,118.0,119.5,1935083.0,232792346.0
2026-07-17,6168,宏齊,26.0,26.05,24.5,24.75,2864289.0,71912447.0
2026-07-17,6176,瑞儀,87.8,87.9,84.5,84.5,6280539.0,538100958.0
2026-07-17,6177,達麗,47.5,48.95,47.3,47.5,2462112.0,118467408.0
2026-07-17,6183,關貿,91.0,91.4,89.7,91.4,87890.0,7994082.0
2026-07-17,6184,大豐電,42.7,43.0,42.6,42.6,54421.0,2325620.0
2026-07-17,6189,豐藝,49.3,49.3,47.3,47.35,879700.0,42179439.0
2026-07-17,6191,精成科,92.0,92.0,87.8,89.2,6423729.0,572300645.0
2026-07-17,6192,巨路,119.0,119.0,115.0,115.0,328740.0,38231802.0
2026-07-17,6196,帆宣,557.0,580.0,535.0,542.0,2481756.0,1381423360.0
2026-07-17,6197,佳必琪,312.0,320.5,302.5,304.5,2735728.0,848359200.0
2026-07-17,6201,亞弘電,49.15,49.15,47.85,49.05,69131.0,3358695.0
2026-07-17,6202,盛群,61.5,62.0,57.7,57.7,5877481.0,345520781.0
2026-07-17,6205,詮欣,66.0,66.0,61.0,61.4,768301.0,48126766.0
2026-07-17,6206,飛捷,123.5,123.5,118.0,119.0,1516681.0,181854857.0
2026-07-17,6209,今國光,74.5,74.8,69.3,69.3,7468902.0,529258972.0
2026-07-17,6213,聯茂,312.5,336.0,311.0,319.0,28504801.0,9260069327.0
2026-07-17,6214,精誠,138.0,139.5,136.0,137.0,1463916.0,201374581.0
2026-07-17,6215,和椿,103.0,105.5,99.4,99.9,1104367.0,111468773.0
2026-07-17,6216,居易,22.5,22.65,21.8,21.8,329774.0,7285826.0
2026-07-17,6224,聚鼎,61.8,61.8,57.8,58.5,900757.0,53438813.0
2026-07-17,6225,天瀚,26.4,26.5,23.75,26.0,79019.0,2039952.0
2026-07-17,6226,光鼎,22.75,23.5,22.55,22.55,1628680.0,37030007.0
2026-07-17,6230,尼得科超眾,118.0,118.0,111.5,113.0,65826.0,7447279.0
2026-07-17,6235,華孚,41.45,41.9,39.6,39.75,1199208.0,48488513.0
2026-07-17,6239,力成,320.5,325.0,286.5,288.0,43365963.0,13107441543.0
2026-07-17,6243,迅杰,48.0,52.5,47.5,51.6,15677569.0,791495279.0
2026-07-17,6257,矽格,230.5,230.5,214.5,214.5,7864448.0,1717477588.0
2026-07-17,6269,台郡,59.5,59.8,56.0,56.2,6524741.0,374406808.0
2026-07-17,6271,同欣電,214.5,220.0,202.0,203.0,8637163.0,1786869153.0
2026-07-17,6272,驊陞,28.7,28.7,27.05,27.05,583259.0,16066793.0
2026-07-17,6277,宏正,74.0,81.6,73.2,80.5,3666335.0,294397816.0
2026-07-17,6278,台表科,172.5,172.5,164.5,164.5,5182165.0,864658344.0
2026-07-17,6281,全國電,51.5,51.5,51.0,51.1,105502.0,5403745.0
2026-07-17,6282,康舒,50.6,51.1,48.6,48.8,23945206.0,1186588838.0
2026-07-17,6283,淳安,21.45,21.75,21.15,21.2,287289.0,6141578.0
2026-07-17,6285,啟碁,246.5,249.0,232.5,234.5,8847055.0,2108161669.0
2026-07-17,6405,悅城,47.75,47.75,43.6,44.0,1324996.0,59630471.0
2026-07-17,6409,旭隼,993.0,1025.0,964.0,967.0,846942.0,834018307.0
2026-07-17,6412,群電,82.0,82.7,78.7,78.9,1759405.0,141278485.0
2026-07-17,6414,樺漢,392.0,415.0,392.0,395.0,2520535.0,1017801574.0
2026-07-17,6415,矽力*-KY,441.0,468.5,434.5,435.0,8284139.0,3721698667.0
2026-07-17,6416,瑞祺電通,93.2,95.8,90.7,91.3,646995.0,60048215.0
2026-07-17,6426,統新,168.0,168.0,154.5,157.0,632605.0,100792125.0
2026-07-17,6431,光麗-KY,17.5,18.1,16.5,17.5,245112.0,4184386.0
2026-07-17,6438,迅得,152.5,153.5,145.0,145.0,853369.0,126870528.0
2026-07-17,6442,光聖,1280.0,1325.0,1230.0,1300.0,2497384.0,3229546125.0
2026-07-17,6443,元晶,29.3,29.85,28.0,29.85,9872529.0,283842615.0
2026-07-17,6446,藥華藥,1225.0,1260.0,1190.0,1195.0,3377763.0,4108886810.0
2026-07-17,6449,鈺邦,261.0,267.0,250.5,254.0,1871537.0,481431561.0
2026-07-17,6451,訊芯-KY,458.0,461.5,429.5,429.5,1959118.0,855395332.0
2026-07-17,6456,GIS-KY,67.5,68.3,64.8,64.8,2981499.0,197666237.0
2026-07-17,6464,台數科,74.6,78.0,74.6,77.1,130649.0,10071399.0
2026-07-17,6472,保瑞,412.0,417.0,392.5,396.0,1636354.0,654392153.0
2026-07-17,6477,安集,39.75,41.25,38.1,38.1,5899872.0,233183688.0
2026-07-17,6491,晶碩,353.0,356.5,333.0,335.0,613660.0,209945949.0
2026-07-17,6504,南六,36.35,36.35,35.55,35.8,70466.0,2521457.0
2026-07-17,6505,台塑化,79.6,84.0,78.2,81.3,165705194.0,13356058442.0
2026-07-17,6515,穎崴,6600.0,6600.0,6030.0,6055.0,746101.0,4594958720.0
2026-07-17,6525,捷敏-KY,183.0,186.0,172.5,172.5,4734953.0,844272059.0
2026-07-17,6526,達發,595.0,599.0,561.0,563.0,909195.0,525024502.0
2026-07-17,6531,愛普*,863.0,877.0,819.0,819.0,3134508.0,2602405085.0
2026-07-17,6533,晶心科,221.0,228.0,210.0,210.0,1510088.0,329057087.0
2026-07-17,6534,正瀚-創,92.6,93.5,90.8,91.8,107755.0,9930899.0
2026-07-17,6541,泰福-KY,39.75,39.75,38.3,38.4,655861.0,25439333.0
2026-07-17,6550,北極星藥業-KY,12.65,12.75,12.1,12.2,1333703.0,16399551.0
2026-07-17,6552,易華電,27.4,27.4,25.65,25.75,261039.0,6848501.0
2026-07-17,6558,興能高,28.6,28.6,27.3,27.3,492939.0,13685728.0
2026-07-17,6573,虹揚-KY,20.6,21.7,19.95,20.25,1113852.0,22749735.0
2026-07-17,6579,研揚,153.5,156.5,150.0,150.0,497085.0,75750325.0
2026-07-17,6581,鋼聯,109.0,109.0,107.0,109.0,45050.0,4865435.0
2026-07-17,6582,申豐,32.8,32.8,32.05,32.3,45387.0,1463773.0
2026-07-17,6585,鼎基,126.0,126.0,122.0,123.5,441390.0,54677672.0
2026-07-17,6589,台康生技,45.4,46.05,44.75,44.85,831576.0,37736175.0
2026-07-17,6591,動力-KY,44.75,44.75,43.0,43.4,316838.0,13936522.0
2026-07-17,6592,和潤企業,61.9,62.0,60.3,60.4,703621.0,42974461.0
2026-07-17,6598,ABC-KY,25.0,27.7,25.0,27.65,1790410.0,48763220.0
2026-07-17,6605,帝寶,130.0,132.5,128.5,129.0,624735.0,81482731.0
2026-07-17,6606,建德工業,25.6,26.1,25.55,25.9,296358.0,7649030.0
2026-07-17,6614,資拓宏宇,39.0,39.05,38.1,38.2,125814.0,4848817.0
2026-07-17,6625,必應,78.0,78.0,76.6,77.0,290116.0,22375138.0
2026-07-17,6641,基士德-KY,18.2,18.2,17.7,17.7,24355.0,433626.0
2026-07-17,6645,金萬林-創,14.35,14.35,13.4,13.45,106268.0,1478703.0
2026-07-17,6655,科定,118.5,121.0,116.0,121.0,23224.0,2759283.0
2026-07-17,6657,華安,35.3,35.8,33.8,33.95,252890.0,8700505.0
2026-07-17,6658,聯策,169.5,172.5,160.0,160.5,919293.0,151231570.0
2026-07-17,6666,羅麗芬-KY,44.0,44.9,43.75,44.9,46271.0,2047710.0
2026-07-17,6668,中揚光,35.6,35.6,34.6,34.6,470919.0,16468303.0
2026-07-17,6669,緯穎,4900,4995,4620,4620,1627532,7519197840.0
2026-07-17,6670,復盛應用,261.0,265.0,257.5,259.5,387631.0,100940065.0
2026-07-17,6671,三能-KY,23.95,24.0,23.9,24.0,29000.0,695550.0
2026-07-17,6672,騰輝電子-KY,255.0,257.0,241.0,241.0,3321978.0,813158813.0
2026-07-17,6674,鋐寶科技,16.65,16.8,15.85,15.95,54071.0,875402.0
2026-07-17,6689,伊雲谷,62.3,63.0,60.6,60.9,260768.0,15979153.0
2026-07-17,6691,洋基工程,733.0,758.0,702.0,704.0,1159148.0,832116467.0
2026-07-17,6695,芯鼎,55.1,55.4,51.2,52.3,1157646.0,61698504.0
2026-07-17,6698,旭暉應材,38.1,38.1,35.5,35.6,424557.0,15454259.0
2026-07-17,6706,惠特,117.0,118.0,110.0,110.5,2842108.0,319918885.0
2026-07-17,6715,嘉基,392.0,412.5,385.0,391.0,660291.0,261988279.0
2026-07-17,6719,力智,238.0,238.0,222.0,223.5,2059899.0,470425235.0
2026-07-17,6722,輝創,33.6,34.45,33.0,33.05,51736.0,1734174.0
2026-07-17,6742,澤米,49.95,49.95,46.1,46.4,1015051.0,48466232.0
2026-07-17,6743,安普新,30.05,30.4,29.4,29.5,361715.0,10763157.0
2026-07-17,6753,龍德造船,142.0,148.0,137.0,139.0,3568894.0,507170953.0
2026-07-17,6754,匯僑設計,43.4,43.4,42.0,42.45,16678.0,705098.0
2026-07-17,6756,威鋒電子,95.3,95.3,90.5,91.6,308803.0,28454068.0
2026-07-17,6757,台灣虎航,57.5,57.5,56.1,56.2,1658124.0,93950728.0
2026-07-17,6768,志強-KY,70.3,71.1,69.9,70.0,595020.0,41797791.0
2026-07-17,6770,力積電,72.4,73.4,68.9,68.9,273270140.0,19269894321.0
2026-07-17,6771,平和環保-創,38.7,38.9,38.45,38.5,38563.0,1487879.0
2026-07-17,6776,展碁國際,55.1,55.1,53.3,53.5,308504.0,16622016.0
2026-07-17,6781,AES-KY,1010.0,1020.0,946.0,960.0,1317599.0,1288786155.0
2026-07-17,6782,視陽,196.0,198.0,192.0,193.0,290566.0,56439526.0
2026-07-17,6789,采鈺,506.0,507.0,473.5,473.5,2792545.0,1355219083.0
2026-07-17,6790,永豐實,38.9,38.95,38.45,38.9,294243.0,11402243.0
2026-07-17,6792,詠業,56.0,56.0,53.0,53.5,175200.0,9522500.0
2026-07-17,6794,向榮生技,78.8,81.0,77.0,77.4,57038.0,4448067.0
2026-07-17,6796,晉弘,59.2,59.9,57.3,57.4,72728.0,4218435.0
2026-07-17,6799,來頡,88.8,88.8,82.0,82.2,606495.0,51443095.0
2026-07-17,6805,富世達,1350.0,1440.0,1340.0,1345.0,967492.0,1337742760.0
2026-07-17,6807,峰源-KY,33.3,33.55,32.5,33.55,31111.0,1029379.0
2026-07-17,6830,汎銓,367.5,383.0,356.0,358.5,1051797.0,386210274.0
2026-07-17,6831,邁科,622.0,636.0,612.0,612.0,640741.0,395975160.0
2026-07-17,6834,天二科技,98.8,102.0,96.3,96.3,3987512.0,392204860.0
2026-07-17,6835,圓裕,32.8,32.8,31.75,32.05,124095.0,3984025.0
2026-07-17,6838,台新藥,24.15,24.15,22.8,22.8,224042.0,5199170.0
2026-07-17,6854,錼創科技-KY創,108.0,108.0,101.5,103.0,477389.0,49261194.0
2026-07-17,6861,睿生光電,245.0,245.0,225.0,225.0,676294.0,155390821.0
2026-07-17,6862,三集瑞-KY,161.5,161.5,151.5,154.0,533729.0,83323614.0
2026-07-17,6863,永道-KY,104.5,104.5,98.1,99.1,197855.0,19887164.0
2026-07-17,6869,雲豹能源,69.2,69.4,66.2,66.2,906338.0,61162201.0
2026-07-17,6873,泓德能源,86.8,86.8,80.4,81.4,557052.0,46130608.0
2026-07-17,6885,全福生技,21.6,21.6,20.65,20.75,442891.0,9324026.0
2026-07-17,6887,寶綠特-KY,37.6,40.75,37.6,39.45,144265.0,5662897.0
2026-07-17,6890,來億-KY,170.0,177.0,168.0,173.0,688249.0,117868096.0
2026-07-17,6901,鑽石投資,19.0,19.7,18.1,18.35,6631224.0,125522241.0
2026-07-17,6902,GOGOLOOK,128.0,129.5,124.0,125.0,135103.0,17037825.0
2026-07-17,6906,現觀科,72.9,72.9,69.0,70.3,102108.0,7136307.0
2026-07-17,6908,宏碁遊戲-創,35.6,35.6,34.95,35.6,21340.0,751151.0
2026-07-17,6909,創控,46.0,46.2,43.5,43.9,800993.0,35901484.0
2026-07-17,6914,阜爾運通,145.5,146.0,144.0,144.0,148479.0,21580551.0
2026-07-17,6916,華凌,20.65,20.65,19.45,19.45,78334.0,1548476.0
2026-07-17,6918,愛派司,72.2,72.8,71.6,71.6,61444.0,4435038.0
2026-07-17,6919,康霈*,115.0,116.5,102.5,103.5,12681670.0,1388224454.0
2026-07-17,6921,嘉雨思-創,68.8,68.8,63.5,64.4,34242.0,2230893.0
2026-07-17,6923,中台,78.8,78.8,76.0,76.8,141702.0,10926835.0
2026-07-17,6924,榮惠-KY創,113.5,113.5,112.0,113.0,15687.0,1767156.0
2026-07-17,6928,攸泰科技,51.8,53.5,48.95,49.1,375770.0,18965787.0
2026-07-17,6931,青松健康,39.1,39.4,38.8,38.8,74840.0,2922603.0
2026-07-17,6933,AMAX-KY,156.0,160.5,153.5,154.0,272715.0,42649989.0
2026-07-17,6934,心誠鎂,79.5,79.5,76.5,79.5,42900.0,3320193.0
2026-07-17,6936,永鴻生技,32.0,32.1,31.75,31.75,87279.0,2782926.0
2026-07-17,6937,天虹,281.5,291.0,264.0,269.0,971123.0,269883068.0
2026-07-17,6944,兆聯實業,1000.0,1035.0,971.0,976.0,667458.0,664013808.0
2026-07-17,6949,沛爾生醫-創,1100.0,1120.0,1025.0,1030.0,450939.0,479378855.0
2026-07-17,6951,青新-創,73.1,73.1,71.5,72.2,94574.0,6825073.0
2026-07-17,6952,大武山,35.8,35.8,35.4,35.75,27100.0,962669.0
2026-07-17,6955,邦睿生技-創,111.0,112.0,109.0,112.0,34001.0,3760113.0
2026-07-17,6957,裕慶-KY,248.5,254.0,241.0,246.5,410818.0,101561720.0
2026-07-17,6958,日盛台駿,17.5,18.0,17.5,18.0,81027.0,1448638.0
2026-07-17,6962,奕力-KY,33.85,33.95,32.35,32.45,3465010.0,114435718.0
2026-07-17,6965,中傑-KY,78.1,79.2,78.0,79.0,30349.0,2393543.0
2026-07-17,6969,成信實業*-創,25.3,25.3,24.0,24.0,105642.0,2595957.0
2026-07-17,6988,威力暘-創,13.05,13.3,12.55,12.8,89109.0,1154391.0
2026-07-17,6994,富威電力,40.4,40.4,39.45,39.45,720993.0,28640844.0
2026-07-17,7610,聯友金屬-創,2565.0,2570.0,2365.0,2410.0,903514.0,2220125965.0
2026-07-17,7631,聚賢研發-創,142.0,142.0,137.5,138.5,41562.0,5802241.0
2026-07-17,7705,三商餐飲,31.05,31.05,30.45,30.45,48998.0,1499620.0
2026-07-17,7711,永擎,303.5,308.0,295.0,295.0,311672.0,93467357.0
2026-07-17,7721,微程式,65.2,67.3,61.6,61.8,260519.0,16471862.0
2026-07-17,7722,LINEPAY,311.0,311.0,296.5,300.0,126831.0,38285366.0
2026-07-17,7730,暉盛-創,175.0,175.5,168.0,168.0,121284.0,20797759.0
2026-07-17,7732,金興精密,35.5,35.8,35.2,35.65,16000.0,567850.0
2026-07-17,7736,虎山,70.8,71.1,70.0,70.1,38135.0,2685031.0
2026-07-17,7740,熙特爾-創,156.0,159.0,152.0,153.0,303480.0,46939572.0
2026-07-17,7749,意騰-KY,372.0,380.0,358.0,358.5,255400.0,93773416.0
2026-07-17,7750,新代,1880.0,1940.0,1805.0,1815.0,216264.0,402077320.0
2026-07-17,7760,享溫馨,33.2,34.2,33.2,34.2,68338.0,2312547.0
2026-07-17,7765,中華資安,225.5,228.0,222.5,222.5,79320.0,17804697.0
2026-07-17,7768,頌勝科技,318.0,320.0,300.0,303.0,177079.0,54185338.0
2026-07-17,7769,鴻勁,6430.0,6460.0,6030.0,6070.0,809842.0,5017435757.0
2026-07-17,7780,大研生醫*,17.8,17.95,17.25,17.3,3000830.0,52514647.0
2026-07-17,7786,東方風能,130.0,130.5,126.5,127.5,245483.0,31356547.0
2026-07-17,7788,松川精密,250.5,256.5,235.0,235.0,5342296.0,1292984407.0
2026-07-17,7791,皇家可口,63.0,63.6,62.4,63.6,57758.0,3645592.0
2026-07-17,7795,長廣,510.0,518.0,507.0,507.0,434928.0,221077030.0
2026-07-17,7799,禾榮科,426.5,458.0,406.0,415.5,1662962.0,714931011.0
2026-07-17,7803,雲象科技-創,22.3,22.35,20.85,21.15,392163.0,8484220.0
2026-07-17,7818,溢泰實業,69.8,69.8,66.8,68.6,205869.0,14035573.0
2026-07-17,7821,神數,41.3,41.3,40.0,40.0,134748.0,5426048.0
2026-07-17,7822,倍利科,949.0,949.0,873.0,874.0,221388.0,198500592.0
2026-07-17,7823,奧義賽博-KY創,84.8,84.8,82.6,83.9,34358.0,2864272.0
2026-07-17,7827,漢康-KY創,165.5,167.0,158.5,159.0,222940.0,36019644.0
2026-07-17,8011,台通,16.8,16.8,16.1,16.25,1048503.0,17156752.0
2026-07-17,8016,矽創,285.5,292.0,282.0,286.0,1571382.0,451347921.0
2026-07-17,8021,尖點,473.0,473.0,454.5,454.5,953467.0,435082502.0
2026-07-17,8028,昇陽半導體,331.0,351.5,315.0,315.0,14239467.0,4752488131.0
2026-07-17,8033,雷虎,219.0,219.0,219.0,219.0,3089355.0,676568745.0
2026-07-17,8039,台虹,194.0,201.0,188.0,192.5,57744349.0,11263134818.0
2026-07-17,8045,達運光電,59.5,59.7,55.5,55.8,294837.0,16840058.0
2026-07-17,8046,南電,1155.0,1220.0,1150.0,1150.0,16446877.0,19277185740.0
2026-07-17,8070,長華*,49.6,50.7,47.85,48.1,5296785.0,258898622.0
2026-07-17,8072,陞泰,28.05,28.5,27.0,27.05,327289.0,8953624.0
2026-07-17,8081,致新,251.5,256.0,240.0,240.5,1405521.0,345642172.0
2026-07-17,8101,華冠,13.4,13.4,13.4,13.4,1739.0,22905.0
2026-07-17,8103,瀚荃,80.6,82.2,78.2,78.7,1208316.0,96477645.0
2026-07-17,8104,錸寶,36.55,36.55,34.3,34.3,1016999.0,35648852.0
2026-07-17,8105,凌巨,17.3,17.3,16.55,16.65,5047309.0,84779914.0
2026-07-17,8110,華東,45.9,46.4,43.6,43.65,6774000.0,301818546.0
2026-07-17,8112,至上,84.3,85.5,81.8,81.9,14255947.0,1186802561.0
2026-07-17,8114,振樺電,193.5,193.5,183.5,184.5,612407.0,114364063.0
2026-07-17,8131,福懋科,74.2,75.5,69.0,69.0,9985222.0,711951230.0
2026-07-17,8150,南茂,116.0,119.0,110.5,110.5,76481631.0,8740408598.0
2026-07-17,8162,微矽電子-創,68.3,70.1,65.0,66.0,434937.0,29100892.0
2026-07-17,8163,達方,34.35,34.6,32.65,32.8,1541158.0,51477316.0
2026-07-17,8201,無敵,12.45,12.45,12.1,12.25,72342.0,886468.0
2026-07-17,8210,勤誠,1125.0,1175.0,1095.0,1095.0,1157719.0,1299228505.0
2026-07-17,8213,志超,33.8,33.9,32.8,32.8,942037.0,31278566.0
2026-07-17,8215,明基材,26.3,26.55,25.2,25.3,1353118.0,34728287.0
2026-07-17,8222,寶一,39.45,41.0,37.05,37.25,1385183.0,53173040.0
2026-07-17,8249,菱光,46.5,46.5,44.2,44.2,503858.0,22693788.0
2026-07-17,8261,富鼎,251.0,260.0,251.0,251.0,4198508.0,1060414327.0
2026-07-17,8271,宇瞻,185.5,205.5,184.0,190.0,10777264.0,2078712278.0
2026-07-17,8341,日友,76.5,77.1,75.8,76.1,346169.0,26382835.0
2026-07-17,8367,建新國際,40.5,40.5,40.1,40.3,39000.0,1569400.0
2026-07-17,8374,羅昇,80.0,82.3,76.3,77.1,404619.0,31890648.0
2026-07-17,8404,百和興業-KY,17.25,17.25,16.75,16.8,402037.0,6829071.0
2026-07-17,8411,福貞-KY,12.6,12.7,12.3,12.5,143342.0,1796211.0
2026-07-17,8422,可寧衛*,26.7,26.75,25.85,25.85,8952661.0,233562130.0
2026-07-17,8429,金麗-KY,6.25,6.26,6.1,6.11,201018.0,1244964.0
2026-07-17,8438,昶昕,83.9,85.8,76.6,77.5,710389.0,55987938.0
2026-07-17,8442,威宏-KY,45.8,45.8,44.9,45.0,143296.0,6452143.0
2026-07-17,8443,阿瘦,11.25,11.35,11.25,11.35,11167.0,126385.0
2026-07-17,8454,富邦媒,264.0,266.5,253.0,254.0,967959.0,249553935.0
2026-07-17,8462,柏文,160.0,161.0,153.5,156.5,271928.0,42715847.0
2026-07-17,8463,潤泰材,21.6,21.6,21.2,21.5,56484.0,1211013.0
2026-07-17,8464,億豐,361.0,364.0,357.0,359.0,598429.0,215395321.0
2026-07-17,8466,美吉吉-KY,17.65,17.75,16.75,16.95,94272.0,1616715.0
2026-07-17,8467,波力-KY,106.5,107.0,100.0,102.5,30935.0,3158946.0
2026-07-17,8473,山林水,46.3,46.3,43.9,44.0,773860.0,34743470.0
2026-07-17,8476,台境*,23.5,24.1,23.35,23.85,1507957.0,35899394.0
2026-07-17,8478,東哥遊艇,154.5,158.0,150.5,150.5,399450.0,61622867.0
2026-07-17,8481,政伸,44.4,44.5,41.6,41.6,153897.0,6595344.0
2026-07-17,8482,商億-KY,49.45,49.45,47.05,47.8,9060.0,432287.0
2026-07-17,8487,愛爾達-創,75.5,76.8,75.5,76.0,57433.0,4361252.0
2026-07-17,8488,吉源-KY,10.05,10.1,10.05,10.1,10000.0,100950.0
2026-07-17,8499,鼎炫-KY,278.0,288.5,275.0,277.5,95318.0,26603943.0
2026-07-17,8926,台汽電,65.9,67.1,65.3,65.5,4995161.0,329346838.0
2026-07-17,8940,新天地,16.25,16.6,16.05,16.05,102630.0,1663503.0
2026-07-17,8996,高力,1025.0,1060.0,1015.0,1015.0,1707983.0,1745808365.0
2026-07-17,9103,美德醫療-DR,5.07,5.42,5.03,5.28,4231006.0,22219265.0
2026-07-17,9105,泰金寶-DR,8.55,8.72,8.31,8.39,29288266.0,249415676.0
2026-07-17,9110,越南控-DR,3.1,3.1,3.1,3.1,14000.0,43400.0
2026-07-17,9136,巨騰-DR,12.7,12.7,11.6,12.1,339666.0,4115082.0
2026-07-17,9802,鈺齊-KY,75.0,75.8,73.4,73.7,721605.0,53661708.0
2026-07-17,9902,台火,13.9,13.9,13.5,13.5,159060.0,2155211.0
2026-07-17,9904,寶成,24.8,25.45,24.45,24.6,48298513.0,1203031098.0
2026-07-17,9905,大華,20.65,20.8,20.55,20.7,94155.0,1943328.0
2026-07-17,9906,欣巴巴,41.7,42.35,39.7,41.0,140039.0,5744264.0
2026-07-17,9907,統一實,15.3,15.3,15.0,15.1,5724440.0,86401810.0
2026-07-17,9908,大台北,29.05,29.2,29.05,29.15,314578.0,9159776.0
2026-07-17,9910,豐泰,67.9,69.3,66.8,66.8,2924044.0,198100693.0
2026-07-17,9911,櫻花,84.1,84.4,83.4,83.8,299831.0,25149166.0
2026-07-17,9912,偉聯,12.45,12.6,12.35,12.6,36758.0,459548.0
2026-07-17,9914,美利達,82.2,87.7,82.0,84.0,26060205.0,2213106010.0
2026-07-17,9917,中保科,107.5,109.5,107.0,109.0,1261508.0,136862960.0
2026-07-17,9918,欣天然,43.3,44.25,43.3,44.2,52383.0,2304929.0
2026-07-17,9919,康那香,14.1,14.1,13.8,13.95,660802.0,9190183.0
2026-07-17,9921,巨大,85.8,89.4,84.9,86.6,13375509.0,1164572791.0
2026-07-17,9924,福興,41.05,41.05,40.15,40.25,115427.0,4673992.0
2026-07-17,9925,新保,41.4,41.45,41.15,41.25,301097.0,12429657.0
2026-07-17,9926,新海,50.1,50.8,49.8,50.8,71884.0,3609509.0
2026-07-17,9927,泰銘,70.3,70.3,68.4,68.9,195055.0,13490049.0
2026-07-17,9928,中視,18.3,18.3,17.2,17.55,131471.0,2358559.0
2026-07-17,9929,秋雨,11.0,11.4,11.0,11.4,12000.0,135800.0
2026-07-17,9930,中聯資源,63.6,63.7,63.2,63.2,233549.0,14807767.0
2026-07-17,9931,欣高,34.0,34.0,33.7,33.95,562980.0,20686519.0
2026-07-17,9933,中鼎,40.1,40.55,39.15,39.15,3370530.0,133653423.0
2026-07-17,9934,成霖,10.7,10.8,10.55,10.6,1090053.0,11623855.0
2026-07-17,9935,慶豐富,18.7,18.7,18.35,18.45,339219.0,6267913.0
2026-07-17,9937,全國,55.8,55.8,54.7,55.0,65989.0,3634127.0
2026-07-17,9938,百和,46.5,47.1,45.75,45.85,2428967.0,112832527.0
2026-07-17,9939,宏全,124.5,126.0,123.5,125.5,2866062.0,357396678.0
2026-07-17,9940,信義,20.3,20.45,19.9,19.95,813786.0,16359299.0
2026-07-17,9941,裕融,83.9,84.6,82.1,82.4,1664306.0,138564784.0
2026-07-17,9942,茂順,124.5,125.5,123.0,123.0,220812.0,27401786.0
2026-07-17,9943,好樂迪,53.0,53.6,52.8,52.8,179976.0,9553944.0
2026-07-17,9944,新麗,17.9,18.1,17.6,17.95,78804.0,1408597.0
2026-07-17,9945,潤泰新,26.7,26.9,26.0,26.25,7713371.0,204631496.0
2026-07-17,9946,三發地產,18.45,18.55,17.75,17.95,917502.0,16556453.0
2026-07-17,9955,佳龍,24.95,24.95,24.0,24.0,360096.0,8739168.0
2026-07-17,9958,世紀鋼,116.5,118.0,111.0,111.0,2818095.0,320018344.0
2026-07-17,_TAIEX,加權指數,42671.27,42671.27,42671.27,42671.27,0,0
2026-07-20,0050,元大台灣50,100.2,100.6,98.3,99.2,373784717.0,37210773781.0
2026-07-20,0051,元大中型100,135.65,136.75,131.0,134.0,127698.0,17082432.0
2026-07-20,0052,富邦科技,58.3,58.4,57.1,57.6,38675342.0,2239800396.0
2026-07-20,0053,元大電子,222.65,222.85,217.1,222.85,77845.0,17226335.0
2026-07-20,0055,元大MSCI金融,41.97,42.15,41.27,41.52,390935.0,16280801.0
2026-07-20,0056,元大高股息,50.85,50.85,49.07,49.95,166201337.0,8291600176.0
2026-07-20,0057,富邦摩台,295.25,297.6,292.4,297.6,137499.0,40630314.0
2026-07-20,0061,元大寶滬深,24.05,24.69,24.01,24.32,175417.0,4287529.0
2026-07-20,1101,台泥,24.0,24.4,23.6,23.8,43224315.0,1038948080.0
2026-07-20,1102,亞泥,33.25,33.6,32.7,33.0,14124752.0,465933378.0
2026-07-20,1103,嘉泥,13.8,13.8,13.6,13.65,264058.0,3610680.0
2026-07-20,1104,環泥,26.95,27.0,26.5,26.5,592134.0,15790501.0
2026-07-20,1108,幸福,12.4,12.4,12.15,12.15,315804.0,3866039.0
2026-07-20,1109,信大,14.0,14.05,13.85,13.9,114248.0,1592675.0
2026-07-20,1110,東泥,15.95,16.05,15.8,15.95,195983.0,3116867.0
2026-07-20,1201,味全,12.75,12.75,12.55,12.7,488211.0,6176303.0
2026-07-20,1203,味王,47.5,47.5,46.0,47.1,88288.0,4139648.0
2026-07-20,1210,大成,58.0,58.2,57.3,57.7,2162211.0,124839053.0
2026-07-20,1213,大飲,0.0,0.0,0.0,0.0,0,0
2026-07-20,1215,卜蜂,111.0,111.5,108.5,109.5,1269156.0,138975706.0
2026-07-20,1216,統一,80.1,80.7,78.9,80.3,30472521.0,2436736700.0
2026-07-20,1217,愛之味,9.96,10.0,9.93,9.95,243533.0,2428145.0
2026-07-20,1218,泰山,16.4,16.5,16.2,16.35,897364.0,14633557.0
2026-07-20,1219,福壽,12.15,12.15,11.6,11.75,1631049.0,19156072.0
2026-07-20,1220,台榮,11.35,11.45,11.35,11.4,117167.0,1334913.0
2026-07-20,1225,福懋油,27.1,27.5,26.8,27.05,143502.0,3887364.0
2026-07-20,1227,佳格,30.25,30.25,29.8,30.15,1016515.0,30515264.0
2026-07-20,1229,聯華,41.35,41.35,40.0,40.05,2207174.0,88911176.0
2026-07-20,1231,聯華食,90.6,91.3,89.1,90.6,455900.0,41146104.0
2026-07-20,1232,大統益,168.0,168.0,159.5,159.5,1129233.0,183095268.0
2026-07-20,1233,天仁,28.55,29.95,28.55,29.0,30824.0,889899.0
2026-07-20,1234,黑松,33.9,34.1,33.75,34.0,170809.0,5804555.0
2026-07-20,1235,興泰,37.5,37.95,37.4,37.4,28432.0,1069180.0
2026-07-20,1236,宏亞,23.55,23.7,22.8,23.55,169475.0,3953142.0
2026-07-20,1256,鮮活果汁-KY,186.5,189.0,184.0,186.0,73383.0,13618536.0
2026-07-20,1301,台塑,63.7,63.7,60.0,60.6,46496573.0,2849523660.0
2026-07-20,1303,南亞,191.5,195.5,179.5,186.5,112072991.0,21137199791.0
2026-07-20,1304,台聚,13.55,13.55,12.85,12.95,5295296.0,69122901.0
2026-07-20,1305,華夏,12.8,12.8,12.2,12.35,2661629.0,33112539.0
2026-07-20,1307,三芳,32.05,32.3,31.25,31.5,1469686.0,46335286.0
2026-07-20,1308,亞聚,14.5,14.55,14.0,14.05,1768910.0,25054594.0
2026-07-20,1309,台達化,14.85,14.9,14.35,14.55,2806871.0,41071906.0
2026-07-20,1310,台苯,10.25,10.3,9.86,9.92,4338037.0,43244452.0
2026-07-20,1312,國喬,13.0,13.2,12.6,12.7,10430833.0,133596476.0
2026-07-20,1313,聯成,12.35,12.35,11.65,11.8,5378428.0,63809431.0
2026-07-20,1314,中石化,8.65,8.65,8.27,8.28,49820266.0,417997093.0
2026-07-20,1315,達新,64.0,64.1,63.9,64.1,20954.0,1340993.0
2026-07-20,1316,上曜,10.1,10.4,10.0,10.15,1799857.0,18237312.0
2026-07-20,1319,東陽,74.5,74.5,71.6,72.5,3714690.0,268980413.0
2026-07-20,1321,大洋,32.2,32.25,31.5,32.0,95500.0,3041374.0
2026-07-20,1323,永裕,20.2,20.2,19.9,20.2,41750.0,838484.0
2026-07-20,1324,地球,10.2,10.2,10.1,10.2,77753.0,791652.0
2026-07-20,1325,恆大,25.4,26.3,25.35,25.6,563976.0,14519331.0
2026-07-20,1326,台化,67.2,67.4,63.7,64.2,52416077.0,3423309741.0
2026-07-20,1337,再生-KY,5.0,5.0,4.84,4.86,382422.0,1868502.0
2026-07-20,1338,廣華-KY,16.4,16.4,15.8,16.15,116457.0,1859022.0
2026-07-20,1339,昭輝,43.95,44.7,43.55,44.2,124183.0,5468920.0
2026-07-20,1340,勝悅-KY,5.28,5.28,5.16,5.2,354455.0,1838513.0
2026-07-20,1341,富林-KY,59.5,59.6,58.6,58.6,3002.0,177816.0
2026-07-20,1342,八貫,115.0,115.0,108.5,110.5,474571.0,53012965.0
2026-07-20,1402,遠東新,27.9,28.15,27.25,27.3,18759029.0,517009557.0
2026-07-20,1409,新纖,24.3,24.5,22.6,23.7,21243688.0,503906323.0
2026-07-20,1410,南染,26.9,28.6,26.7,27.6,178602.0,4907112.0
2026-07-20,1413,宏洲,9.59,9.59,9.23,9.48,22945.0,216341.0
2026-07-20,1414,東和,18.35,18.7,18.15,18.7,278888.0,5129515.0
2026-07-20,1416,廣豐,11.1,11.1,10.8,11.0,266998.0,2932140.0
2026-07-20,1417,嘉裕,8.84,8.84,8.59,8.64,230988.0,2002121.0
2026-07-20,1418,東華,18.6,18.6,18.45,18.45,3218.0,59352.0
2026-07-20,1419,新紡,66.7,67.3,65.7,66.9,127571.0,8497777.0
2026-07-20,1423,利華,37.9,37.9,36.6,36.6,953808.0,31885780.0
2026-07-20,1432,大魯閣,15.05,15.1,14.95,14.95,169471.0,2541673.0
2026-07-20,1434,福懋,19.3,19.3,18.4,18.55,6977965.0,130639214.0
2026-07-20,1435,中福,22.65,22.65,20.65,20.65,36603.0,760617.0
2026-07-20,1436,華友聯,45.9,46.0,44.3,44.55,520283.0,23401717.0
2026-07-20,1437,勤益控,30.6,31.15,30.55,31.05,228126.0,7040483.0
2026-07-20,1438,三地開發,20.6,21.1,20.45,20.8,50231.0,1042311.0
2026-07-20,1439,雋揚,26.35,27.0,25.75,25.85,55504.0,1459131.0
2026-07-20,1440,南紡,13.1,13.1,12.7,12.75,1783480.0,22858924.0
2026-07-20,1441,大東,9.19,9.19,9.1,9.1,14698.0,134279.0
2026-07-20,1442,名軒,29.6,30.0,29.2,29.85,546594.0,16200596.0
2026-07-20,1443,立益物流,27.05,27.4,26.45,26.65,31647.0,854707.0
2026-07-20,1444,力麗,8.13,8.3,7.9,8.1,2910032.0,23458849.0
2026-07-20,1445,大宇,11.45,11.65,11.1,11.3,73290.0,831419.0
2026-07-20,1446,宏和,14.25,14.25,13.75,13.9,216905.0,3023883.0
2026-07-20,1447,力鵬,8.16,8.16,7.7,7.75,2454453.0,19200968.0
2026-07-20,1449,佳和,13.15,13.15,12.3,12.7,655435.0,8295858.0
2026-07-20,1451,年興,17.25,17.35,17.2,17.35,189218.0,3271912.0
2026-07-20,1452,宏益,11.6,11.75,11.5,11.5,50360.0,582036.0
2026-07-20,1453,大將,11.4,11.45,11.1,11.1,34749.0,389357.0
2026-07-20,1454,台富,12.55,13.0,12.55,12.95,31451.0,403858.0
2026-07-20,1455,集盛,9.19,9.28,8.98,9.11,1009556.0,9177439.0
2026-07-20,1456,怡華,14.0,14.1,13.55,13.55,68772.0,950103.0
2026-07-20,1457,宜進,14.3,14.4,14.2,14.25,102724.0,1470289.0
2026-07-20,1459,聯發,11.95,11.95,11.65,11.65,99829.0,1176788.0
2026-07-20,1460,宏遠,7.08,7.08,6.92,6.99,541272.0,3779333.0
2026-07-20,1463,強盛新,17.95,18.0,17.55,18.0,106014.0,1885595.0
2026-07-20,1464,得力,10.4,10.6,10.35,10.45,426508.0,4477594.0
2026-07-20,1465,偉全,12.9,13.0,12.75,12.9,73549.0,944886.0
2026-07-20,1466,聚隆,17.1,18.65,16.8,17.3,2688331.0,48394961.0
2026-07-20,1467,南緯,8.82,9.57,8.82,9.57,1153351.0,10951772.0
2026-07-20,1468,昶和,14.25,14.95,14.25,14.95,137324.0,2038998.0
2026-07-20,1470,大統新創,23.05,23.05,23.0,23.0,5015.0,115546.0
2026-07-20,1471,首利,9.76,10.0,9.61,9.84,457186.0,4482480.0
2026-07-20,1472,三洋實業,87.8,89.7,87.6,89.0,74907.0,6624848.0
2026-07-20,1473,台南,20.15,20.3,20.05,20.25,46504.0,939970.0
2026-07-20,1474,弘裕,10.45,10.55,10.3,10.5,107860.0,1119752.0
2026-07-20,1475,業旺,27.5,27.55,26.8,27.45,18800.0,512450.0
2026-07-20,1476,儒鴻,338.5,341.0,330.0,336.5,2768304.0,931738176.0
2026-07-20,1477,聚陽,218.5,221.0,213.5,216.0,1071118.0,231711188.0
2026-07-20,1503,士電,193.0,201.0,189.0,200.0,2217815.0,434334737.0
2026-07-20,1504,東元,68.0,68.0,64.2,66.3,9254281.0,612784316.0
2026-07-20,1506,正道,11.25,11.3,10.75,10.8,595079.0,6494159.0
2026-07-20,1512,瑞利,6.75,6.88,6.62,6.73,57271.0,383675.0
2026-07-20,1513,中興電,160.5,162.0,154.0,157.5,4311536.0,683019836.0
2026-07-20,1514,亞力,104.0,105.0,99.8,104.0,2539248.0,261595449.0
2026-07-20,1515,力山,41.1,44.15,39.0,44.0,2615568.0,109899365.0
2026-07-20,1516,川飛,16.4,16.75,15.7,15.7,31088.0,500800.0
2026-07-20,1517,利奇,13.0,13.0,11.6,11.6,4061549.0,49715502.0
2026-07-20,1519,華城,672.0,682.0,647.0,668.0,2159488.0,1438383270.0
2026-07-20,1521,大億,25.9,25.9,24.9,25.15,47020.0,1179531.0
2026-07-20,1522,堤維西,29.3,29.3,28.3,28.7,422424.0,12133298.0
2026-07-20,1524,耿鼎,26.9,26.95,26.1,26.5,470334.0,12404788.0
2026-07-20,1525,江申,68.8,68.9,66.4,67.4,13218.0,897802.0
2026-07-20,1526,日馳,17.25,18.35,16.8,17.35,5368249.0,93964191.0
2026-07-20,1527,鑽全,33.7,33.95,33.45,33.6,201768.0,6791677.0
2026-07-20,1528,恩德,20.3,20.5,18.65,19.75,1581499.0,31025480.0
2026-07-20,1529,樂事綠能,20.6,20.8,20.1,20.4,731906.0,14970352.0
2026-07-20,1530,亞崴,29.8,30.15,29.5,29.7,58974.0,1762207.0
2026-07-20,1531,高林股,13.0,13.05,12.85,13.0,99809.0,1293714.0
2026-07-20,1532,勤美,23.4,23.45,23.0,23.15,315275.0,7319684.0
2026-07-20,1533,車王電,33.25,34.15,32.35,33.65,105838.0,3503797.0
2026-07-20,1535,中宇,50.5,51.3,50.0,50.3,263457.0,13294680.0
2026-07-20,1536,和大,49.55,50.6,47.65,49.3,2495958.0,122093577.0
2026-07-20,1537,廣隆,126.0,127.0,125.5,126.0,83634.0,10547540.0
2026-07-20,1538,正峰,10.15,10.15,9.8,9.8,14323.0,141497.0
2026-07-20,1539,巨庭,16.35,16.35,15.85,15.85,103378.0,1656840.0
2026-07-20,1540,喬福,21.9,22.0,21.45,21.45,270558.0,5854644.0
2026-07-20,1541,錩泰,22.85,22.85,21.75,22.05,38560.0,850918.0
2026-07-20,1558,伸興,94.8,95.5,93.4,94.3,615826.0,58427094.0
2026-07-20,1560,中砂,656.0,672.0,607.0,647.0,2601632.0,1677643881.0
2026-07-20,1563,巧新,62.1,62.8,58.5,59.0,1684875.0,101779721.0
2026-07-20,1568,倉佑,30.7,30.7,28.7,28.85,990060.0,28959383.0
2026-07-20,1582,信錦,71.7,72.4,68.5,70.4,1217125.0,85300387.0
2026-07-20,1583,程泰,49.4,50.2,49.15,49.45,23171.0,1149858.0
2026-07-20,1587,吉茂,25.3,25.6,24.9,25.1,286233.0,7186276.0
2026-07-20,1590,亞德客-KY,1290.0,1380.0,1250.0,1335.0,1342429.0,1790879125.0
2026-07-20,1597,直得,127.0,128.0,117.0,122.0,2049571.0,247752755.0
2026-07-20,1598,岱宇,20.05,20.05,19.55,19.9,180498.0,3565058.0
2026-07-20,1603,華電,29.0,29.0,28.1,28.6,215973.0,6157251.0
2026-07-20,1604,聲寶,23.3,23.45,23.3,23.4,254987.0,5952707.0
2026-07-20,1605,華新,33.25,33.25,31.1,31.8,21523818.0,688878797.0
2026-07-20,1608,華榮,32.3,32.5,31.1,31.45,3897016.0,123158059.0
2026-07-20,1609,大亞,37.0,37.55,35.6,36.35,4315679.0,157186517.0
2026-07-20,1611,中電,12.4,12.4,11.9,12.15,782680.0,9458828.0
2026-07-20,1612,宏泰,31.05,31.25,30.3,31.0,1344774.0,41441243.0
2026-07-20,1614,三洋電,31.45,31.45,30.8,31.1,84467.0,2626959.0
2026-07-20,1615,大山,47.7,47.7,46.45,46.55,300674.0,14112898.0
2026-07-20,1616,億泰,19.95,20.2,19.65,19.9,579075.0,11524196.0
2026-07-20,1617,榮星,21.05,21.05,19.4,19.4,1202051.0,23471268.0
2026-07-20,1618,合機,37.5,37.75,36.7,37.5,520010.0,19262409.0
2026-07-20,1623,大東電,220.5,226.5,216.5,219.5,223491.0,49152839.0
2026-07-20,1626,艾美特-KY,10.2,10.3,10.0,10.05,67455.0,681033.0
2026-07-20,1702,南僑,34.15,34.15,33.35,33.9,361614.0,12218258.0
2026-07-20,1707,葡萄王,92.5,93.0,91.1,92.7,544586.0,50214537.0
2026-07-20,1708,東鹼,52.6,53.5,50.0,52.5,5519120.0,286141324.0
2026-07-20,1709,和益,25.8,27.0,25.55,26.2,4381044.0,114847588.0
2026-07-20,1710,東聯,16.5,16.5,15.35,15.45,8337541.0,130727036.0
2026-07-20,1711,永光,39.1,39.55,36.0,36.75,6709716.0,250779136.0
2026-07-20,1712,興農,39.95,40.1,39.4,39.85,1045791.0,41495623.0
2026-07-20,1713,國化,47.55,47.9,47.1,47.4,137258.0,6535659.0
2026-07-20,1714,和桐,15.55,15.6,14.5,15.0,20737149.0,309746620.0
2026-07-20,1717,長興,64.3,65.2,59.7,62.1,13114082.0,814289344.0
2026-07-20,1718,中纖,13.95,13.95,12.45,13.0,8613985.0,110248592.0
2026-07-20,1720,生達,63.8,64.4,63.6,63.6,338400.0,21632386.0
2026-07-20,1721,三晃,21.5,21.5,19.8,20.35,1388643.0,28424612.0
2026-07-20,1722,台肥,47.8,47.8,46.75,46.85,1995856.0,93826839.0
2026-07-20,1723,中碳,88.2,89.0,85.0,86.6,947478.0,82107733.0
2026-07-20,1725,元禎,29.75,29.9,28.7,29.0,98399.0,2875960.0
2026-07-20,1726,永記,81.1,81.1,79.9,80.2,148873.0,11981557.0
2026-07-20,1727,中華化,83.0,83.0,74.5,77.0,3530670.0,273436320.0
2026-07-20,1730,花仙子,51.6,51.6,51.1,51.4,40190.0,2066774.0
2026-07-20,1731,美吾華,20.7,20.75,20.6,20.65,171130.0,3535717.0
2026-07-20,1732,毛寶,26.65,27.55,26.25,26.4,333169.0,8938439.0
2026-07-20,1733,五鼎,31.6,31.9,31.0,31.65,323100.0,10189074.0
2026-07-20,1734,杏輝,32.45,32.6,32.1,32.35,451012.0,14578836.0
2026-07-20,1735,日勝化,20.0,20.35,19.1,19.8,238443.0,4713776.0
2026-07-20,1736,喬山,130.0,136.5,125.5,135.0,1448064.0,191715341.0
2026-07-20,1737,臺鹽,32.05,32.2,31.8,31.95,103153.0,3298024.0
2026-07-20,1752,南光,31.55,31.85,31.35,31.55,55005.0,1735119.0
2026-07-20,1760,寶齡富錦,62.9,65.0,61.1,61.4,740886.0,46403529.0
2026-07-20,1762,中化生,35.55,35.55,34.55,34.8,229708.0,8051395.0
2026-07-20,1773,勝一,176.5,176.5,165.0,167.5,1116007.0,189541022.0
2026-07-20,1776,展宇,18.2,18.2,17.55,17.95,102314.0,1815659.0
2026-07-20,1783,和康生,40.45,40.6,40.0,40.15,119902.0,4836781.0
2026-07-20,1786,科妍,51.5,51.6,49.0,50.3,299181.0,15036815.0
2026-07-20,1789,神隆,20.3,20.3,19.7,19.95,809554.0,16114677.0
2026-07-20,1795,美時,189.5,192.5,187.5,189.0,1387480.0,263274303.0
2026-07-20,1802,台玻,57.2,57.3,51.7,53.3,33569742.0,1815153673.0
2026-07-20,1805,寶徠,10.3,10.45,10.0,10.05,126096.0,1277258.0
2026-07-20,1806,冠軍,8.34,8.34,8.21,8.23,186543.0,1540655.0
2026-07-20,1808,潤隆,32.55,32.6,31.8,31.8,1130605.0,36328302.0
2026-07-20,1809,中釉,40.45,40.5,36.25,38.05,2255921.0,86235580.0
2026-07-20,1810,和成,27.0,29.85,26.5,28.25,39284589.0,1132781174.0
2026-07-20,1817,凱撒衛,38.6,38.6,38.2,38.55,33593.0,1292382.0
2026-07-20,1903,士紙,49.15,49.15,48.4,48.65,103059.0,5019808.0
2026-07-20,1904,正隆,22.25,22.4,21.35,21.35,1760726.0,38310696.0
2026-07-20,1905,華紙,14.65,14.65,13.85,13.85,3342737.0,47010703.0
2026-07-20,1906,寶隆,10.95,11.05,10.85,10.9,316987.0,3473492.0
2026-07-20,1907,永豐餘,28.8,28.8,27.6,27.75,1430442.0,40066113.0
2026-07-20,1909,榮成,10.05,10.15,9.85,9.9,3595981.0,35707406.0
2026-07-20,2002,中鋼,18.9,18.95,18.5,18.55,40618078.0,758170143.0
2026-07-20,2006,東和鋼鐵,71.2,71.2,69.5,70.0,3116691.0,218452814.0
2026-07-20,2007,燁興,7.19,7.21,7.1,7.11,196524.0,1406775.0
2026-07-20,2008,高興昌,30.95,31.9,30.95,31.3,67409.0,2116181.0
2026-07-20,2009,第一銅,37.1,37.1,35.0,36.1,1772072.0,63543997.0
2026-07-20,2010,春源,21.2,21.2,20.65,20.85,1025149.0,21377233.0
2026-07-20,2012,春雨,15.9,15.9,15.4,15.55,70266.0,1098040.0
2026-07-20,2013,中鋼構,41.0,41.25,40.8,41.1,129319.0,5301129.0
2026-07-20,2014,中鴻,17.2,17.2,16.75,16.9,2625756.0,44441030.0
2026-07-20,2015,豐興,64.5,64.5,63.3,63.7,211770.0,13530452.0
2026-07-20,2017,官田鋼,9.1,9.1,8.8,8.82,377786.0,3350808.0
2026-07-20,2020,美亞,21.35,21.35,21.0,21.1,268989.0,5681732.0
2026-07-20,2022,聚亨,7.68,7.72,7.57,7.63,555419.0,4240599.0
2026-07-20,2023,燁輝,13.85,13.85,13.55,13.7,1191988.0,16306266.0
2026-07-20,2024,志聯,13.95,14.2,13.95,14.05,25715.0,362696.0
2026-07-20,2025,千興,11.65,11.75,11.2,11.25,276393.0,3155871.0
2026-07-20,2027,大成鋼,40.95,41.35,40.05,40.45,10955143.0,445274354.0
2026-07-20,2028,威致,15.6,15.65,15.4,15.55,80677.0,1254384.0
2026-07-20,2029,盛餘,20.7,20.7,20.4,20.6,216551.0,4449886.0
2026-07-20,2030,彰源,17.5,17.5,16.9,17.15,571089.0,9762470.0
2026-07-20,2031,新光鋼,39.8,40.2,38.5,39.05,714350.0,28077089.0
2026-07-20,2032,新鋼,15.8,16.0,15.6,15.65,267461.0,4222113.0
2026-07-20,2033,佳大,14.6,14.9,14.45,14.9,91000.0,1333100.0
2026-07-20,2034,允強,20.0,20.0,19.3,19.35,1403535.0,27348928.0
2026-07-20,2038,海光,12.7,12.9,12.25,12.4,427591.0,5367367.0
2026-07-20,2049,上銀,307.0,310.0,291.0,300.0,2284977.0,685334230.0
2026-07-20,2059,川湖,7970.0,8090.0,7610.0,7750.0,797667.0,6244304770.0
2026-07-20,2062,橋椿,19.2,19.2,18.65,18.85,227948.0,4289633.0
2026-07-20,2069,運錩,18.8,18.95,18.6,18.6,308341.0,5787423.0
2026-07-20,2072,世紀風電,143.0,143.0,138.5,141.5,278164.0,39138195.0
2026-07-20,2101,南港,34.6,34.8,33.5,33.5,1943500.0,65927982.0
2026-07-20,2102,泰豐,18.85,19.0,18.75,18.85,196460.0,3703791.0
2026-07-20,2103,台橡,23.45,23.9,22.9,23.05,6323933.0,146859466.0
2026-07-20,2104,國際中橡,10.6,10.65,10.25,10.4,3665208.0,38006133.0
2026-07-20,2105,正新,34.15,34.15,33.0,33.2,12767361.0,425647534.0
2026-07-20,2106,建大,18.4,18.4,17.95,18.1,957555.0,17321969.0
2026-07-20,2107,厚生,25.9,26.0,25.75,25.8,271023.0,7010784.0
2026-07-20,2108,南帝,28.15,28.35,27.3,27.55,1040909.0,28859818.0
2026-07-20,2109,華豐,14.6,14.6,14.5,14.6,97755.0,1423162.0
2026-07-20,2114,鑫永銓,88.0,88.9,87.2,88.0,59367.0,5215031.0
2026-07-20,2115,六暉-KY,21.85,22.05,21.7,22.0,72701.0,1588871.0
2026-07-20,2201,裕隆,29.05,29.25,28.1,28.3,2975562.0,84772331.0
2026-07-20,2204,中華,57.2,57.3,56.1,56.4,923044.0,52159045.0
2026-07-20,2206,三陽工業,64.0,65.1,63.1,64.8,4242994.0,272980337.0
2026-07-20,2207,和泰車,500.0,502.0,490.0,490.0,482302.0,238484754.0
2026-07-20,2208,台船,19.9,21.1,19.8,20.15,8119090.0,166259795.0
2026-07-20,2211,長榮鋼,87.0,87.9,86.2,87.0,1119814.0,97435714.0
2026-07-20,2227,裕日車,51.5,51.5,49.8,49.8,64127.0,3247692.0
2026-07-20,2228,劍麟,78.5,79.2,76.3,77.5,152058.0,11744562.0
2026-07-20,2231,為升,109.0,116.0,106.5,107.0,1383593.0,152173661.0
2026-07-20,2233,宇隆,217.0,224.5,197.0,202.0,2014907.0,418397657.0
2026-07-20,2236,百達-KY,155.5,156.5,146.0,153.0,941031.0,142172152.0
2026-07-20,2239,英利-KY,20.3,20.3,19.65,19.95,74000.0,1474400.0
2026-07-20,2241,艾姆勒,36.55,37.1,35.3,35.65,953972.0,34375624.0
2026-07-20,2243,宏旭-KY,50.6,52.9,48.5,51.8,833848.0,41825807.0
2026-07-20,2247,汎德永業,227.0,227.0,220.0,220.0,68489.0,15175779.0
2026-07-20,2248,華勝-KY,63.0,66.7,62.5,65.2,454898.0,29496266.0
2026-07-20,2250,IKKA-KY,62.1,62.2,60.2,60.4,312368.0,19056330.0
2026-07-20,2254,巨鎧精密-創,58.9,63.7,58.9,61.2,29382.0,1804978.0
2026-07-20,2258,鴻華先進-創,32.95,32.95,32.15,32.45,589032.0,19238265.0
2026-07-20,2301,光寶科,196.0,200.0,187.5,193.5,16919854.0,3286276729.0
2026-07-20,2302,麗正,40.5,41.1,37.35,39.15,3704657.0,144054911.0
2026-07-20,2303,聯電,141.0,141.0,130.0,130.0,297589744.0,39091767011.0
2026-07-20,2305,全友,32.3,33.0,30.0,32.35,6375895.0,201644890.0
2026-07-20,2308,台達電,1695.0,1785.0,1665.0,1705.0,11567901.0,19883325570.0
2026-07-20,2312,金寶,31.0,31.35,28.85,30.1,19469537.0,583581168.0
2026-07-20,2313,華通,205.0,205.5,191.0,199.0,42275231.0,8319360274.0
2026-07-20,2314,台揚,12.8,12.8,12.4,12.45,120717.0,1510571.0
2026-07-20,2316,楠梓電,158.5,158.5,144.0,153.0,3593844.0,545248654.0
2026-07-20,2317,鴻海,235.5,238.5,230.5,234.5,48579978.0,11422510146.0
2026-07-20,2321,東訊,15.2,15.2,15.2,15.2,1100.0,16800.0
2026-07-20,2323,中環,10.35,10.4,9.98,10.25,7071503.0,71723439.0
2026-07-20,2324,仁寶,36.05,36.2,33.7,34.4,58621914.0,2024619549.0
2026-07-20,2327,國巨*,663.0,666.0,630.0,630.0,39385060.0,25211432022.0
2026-07-20,2328,廣宇,46.35,46.6,43.8,45.1,2932732.0,132258588.0
2026-07-20,2329,華泰,45.95,45.95,41.85,43.8,5307545.0,232177216.0
2026-07-20,2330,台積電,2300.0,2345.0,2300.0,2320.0,55790346.0,129815956839.0
2026-07-20,2331,精英,19.7,19.7,18.75,19.2,1785869.0,34209415.0
2026-07-20,2332,友訊,20.65,20.95,19.8,20.65,27528170.0,562417051.0
2026-07-20,2337,旺宏,126.0,127.0,115.5,117.5,71475589.0,8542824697.0
2026-07-20,2338,光罩,43.05,43.25,40.1,41.75,2656235.0,110809010.0
2026-07-20,2340,台亞,32.6,33.1,30.25,31.25,4112954.0,129319784.0
2026-07-20,2342,茂矽,39.35,41.9,38.5,40.4,3330138.0,133046490.0
2026-07-20,2344,華邦電,155.0,157.0,146.0,151.0,107223362.0,16338516837.0
2026-07-20,2345,智邦,2035.0,2150.0,2000.0,2090.0,3939531.0,8248378455.0
2026-07-20,2347,聯強,87.5,88.1,83.0,84.0,8756979.0,743169252.0
2026-07-20,2348,海悅,78.7,78.9,76.5,77.5,686156.0,53241670.0
2026-07-20,2349,錸德,11.5,11.5,10.8,11.1,2440465.0,27128429.0
2026-07-20,2351,順德,167.0,167.0,155.5,156.0,5734007.0,909309344.0
2026-07-20,2352,佳世達,30.8,30.8,29.2,29.85,10241030.0,305574253.0
2026-07-20,2353,宏碁,30.0,30.2,28.65,29.25,25088311.0,733539893.0
2026-07-20,2354,鴻準,55.0,55.0,52.9,54.0,5868971.0,316900563.0
2026-07-20,2355,敬鵬,43.6,43.7,40.25,42.55,5534660.0,233832761.0
2026-07-20,2356,英業達,59.1,61.1,56.9,57.2,33764507.0,1972412765.0
2026-07-20,2357,華碩,705.0,711.0,688.0,688.0,3669278.0,2564729415.0
2026-07-20,2359,所羅門,140.0,140.0,128.5,134.5,5235065.0,706245524.0
2026-07-20,2360,致茂,1870.0,1905.0,1745.0,1835.0,2310803.0,4258810080.0
2026-07-20,2362,藍天,41.3,42.2,40.9,41.9,1381960.0,57578619.0
2026-07-20,2363,矽統,56.7,56.7,52.5,56.7,6243986.0,342226441.0
2026-07-20,2364,倫飛,68.5,68.5,66.1,68.2,129871.0,8743338.0
2026-07-20,2365,昆盈,29.75,30.75,29.0,29.3,1998025.0,59310706.0
2026-07-20,2367,燿華,45.0,45.0,41.45,43.25,12233663.0,526555889.0
2026-07-20,2368,金像電,936.0,947.0,875.0,927.0,5875440.0,5400372163.0
2026-07-20,2369,菱生,35.9,35.9,32.4,33.75,11935502.0,399209517.0
2026-07-20,2371,大同,26.2,26.45,25.45,25.9,9934155.0,257685852.0
2026-07-20,2373,震旦行,56.6,56.6,54.2,54.2,57000.0,3129164.0
2026-07-20,2374,佳能,68.1,68.8,63.7,65.2,4639268.0,304583125.0
2026-07-20,2375,凱美,147.0,147.0,134.0,135.5,6498266.0,891045362.0
2026-07-20,2376,技嘉,328.0,336.0,317.5,331.0,7450480.0,2443968446.0
2026-07-20,2377,微星,142.0,142.5,131.5,141.5,13485283.0,1856441170.0
2026-07-20,2379,瑞昱,721.0,732.0,689.0,709.0,4306249.0,3049069162.0
2026-07-20,2380,虹光,19.8,19.8,19.0,19.5,16480.0,319282.0
2026-07-20,2382,廣達,331.5,333.0,309.0,316.0,36017076.0,11350929340.0
2026-07-20,2383,台光電,4455.0,4560.0,4180.0,4395.0,3220536.0,14161004110.0
2026-07-20,2385,群光,104.0,105.5,102.0,102.5,5822954.0,600830201.0
2026-07-20,2387,精元,38.4,38.5,37.5,38.0,418921.0,15895417.0
2026-07-20,2388,威盛,66.0,72.4,62.6,72.4,9638215.0,663830039.0
2026-07-20,2390,云辰,11.2,11.5,10.8,11.3,748488.0,8360336.0
2026-07-20,2392,正崴,34.85,35.2,33.55,34.4,2202804.0,75623347.0
2026-07-20,2393,億光,66.7,67.3,64.4,66.8,2882329.0,190150424.0
2026-07-20,2395,研華,519.0,521.0,493.5,516.0,3844639.0,1966262917.0
2026-07-20,2397,友通,56.2,56.2,53.5,54.7,437027.0,23766084.0
2026-07-20,2399,映泰,37.8,38.3,34.85,36.7,3679401.0,134681195.0
2026-07-20,2401,凌陽,27.4,27.6,25.3,26.4,5324298.0,139723540.0
2026-07-20,2402,毅嘉,59.3,59.6,55.3,56.4,2411434.0,137724317.0
2026-07-20,2404,漢唐,1160.0,1185.0,1105.0,1135.0,2265237.0,2594730485.0
2026-07-20,2405,輔信,16.85,16.85,15.8,16.1,1900530.0,30706990.0
2026-07-20,2406,國碩,30.8,31.9,29.3,30.25,10057368.0,306261698.0
2026-07-20,2408,南亞科,396.0,406.0,380.5,381.0,73602466.0,28824468384.0
2026-07-20,2409,友達,26.25,26.45,24.55,25.4,235634776.0,6032277865.0
2026-07-20,2412,中華電,139.0,140.0,137.0,139.0,26231910.0,3630829854.0
2026-07-20,2413,環科,40.75,41.2,38.1,39.9,1062709.0,42060938.0
2026-07-20,2414,精技,59.1,59.2,55.6,56.3,879231.0,50236622.0
2026-07-20,2415,錩新,32.8,33.55,31.3,33.55,394141.0,12909102.0
2026-07-20,2417,圓剛,40.0,40.45,37.8,39.9,816345.0,32027479.0
2026-07-20,2419,仲琦,25.9,25.9,24.2,25.2,844298.0,21145340.0
2026-07-20,2420,新巨,57.7,57.9,55.2,56.8,759414.0,42770471.0
2026-07-20,2421,建準,127.0,128.0,120.5,125.5,1583201.0,197440374.0
2026-07-20,2423,固緯,79.1,80.6,75.1,76.0,473501.0,36616397.0
2026-07-20,2424,隴華,8.88,8.88,8.55,8.62,22736.0,195966.0
2026-07-20,2425,承啟,40.9,42.5,40.2,41.6,1755018.0,72913283.0
2026-07-20,2426,鼎元,54.3,55.6,50.6,53.5,8884711.0,471793524.0
2026-07-20,2427,三商電,24.0,24.4,23.55,23.9,925943.0,22162210.0
2026-07-20,2428,興勤,260.0,260.0,241.0,250.0,1482526.0,370923116.0
2026-07-20,2429,銘旺科,42.55,43.95,39.9,40.0,923898.0,38623848.0
2026-07-20,2430,燦坤,18.05,18.05,17.85,17.9,46192.0,828549.0
2026-07-20,2431,聯昌,10.7,10.7,10.3,10.45,337367.0,3534872.0
2026-07-20,2432,倚天酷碁-創,28.35,28.35,28.0,28.3,19000.0,535750.0
2026-07-20,2433,互盛電,41.95,42.3,41.9,41.9,41165.0,1731276.0
2026-07-20,2434,統懋,73.7,73.7,73.7,73.7,111404.0,8210461.0
2026-07-20,2436,偉詮電,59.2,59.9,54.7,56.6,3109969.0,177328328.0
2026-07-20,2438,翔耀,18.85,18.85,18.2,18.55,100056.0,1850524.0
2026-07-20,2439,美律,82.0,82.9,81.3,82.2,1364000.0,112143295.0
2026-07-20,2440,太空梭,15.75,16.0,15.2,15.5,456813.0,7104683.0
2026-07-20,2441,超豐,125.5,125.5,114.0,119.0,9004875.0,1074818571.0
2026-07-20,2442,新美齊,19.3,19.4,19.05,19.2,973319.0,18648074.0
2026-07-20,2444,兆勁,11.7,11.7,11.05,11.2,292219.0,3294670.0
2026-07-20,2449,京元電子,279.0,279.0,258.5,270.5,30195062.0,8131545819.0
2026-07-20,2450,神腦,28.95,29.0,28.6,28.7,111023.0,3189679.0
2026-07-20,2451,創見,232.0,233.0,216.0,221.0,3639472.0,812259745.0
2026-07-20,2453,凌群,51.8,51.8,50.2,50.7,450969.0,22920636.0
2026-07-20,2454,聯發科,3355.0,3435.0,3240.0,3340.0,9227986.0,30849610283.0
2026-07-20,2455,全新,277.5,283.5,255.0,277.0,5150601.0,1403042012.0
2026-07-20,2457,飛宏,24.6,25.15,23.15,24.05,2522856.0,60653162.0
2026-07-20,2458,義隆,166.0,166.5,159.0,161.5,2451747.0,397550505.0
2026-07-20,2459,敦吉,65.4,65.5,64.7,65.1,120620.0,7861761.0
2026-07-20,2460,建通,32.45,32.45,30.3,31.05,449523.0,13909610.0
2026-07-20,2461,光群雷,16.15,16.2,15.55,15.9,589278.0,9329276.0
2026-07-20,2462,良得電,20.45,20.65,19.8,20.2,256921.0,5169290.0
2026-07-20,2464,盟立,142.0,143.0,131.0,134.5,6589423.0,894728943.0
2026-07-20,2465,麗臺,77.0,78.9,73.0,74.5,1255671.0,94320500.0
2026-07-20,2466,冠西電,122.0,124.0,117.0,119.0,1099593.0,132129507.0
2026-07-20,2467,志聖,530.0,540.0,503.0,522.0,1836618.0,957311390.0
2026-07-20,2468,華經,34.5,35.75,33.7,35.15,441375.0,15467254.0
2026-07-20,2471,資通,51.8,51.8,50.8,51.6,295045.0,15135229.0
2026-07-20,2472,立隆電,275.5,282.0,259.5,265.5,5994228.0,1598101026.0
2026-07-20,2474,可成,188.0,191.5,184.5,190.0,5670008.0,1069493456.0
2026-07-20,2476,鉅祥,119.0,119.0,107.0,113.5,5527727.0,621138925.0
2026-07-20,2477,美隆電,21.0,21.25,20.7,20.85,198836.0,4163119.0
2026-07-20,2478,大毅,143.0,143.5,128.5,131.0,4306471.0,568638411.0
2026-07-20,2480,敦陽科,159.5,159.5,154.5,155.0,198417.0,31033100.0
2026-07-20,2481,強茂,149.0,149.0,136.5,139.5,17365258.0,2439008145.0
2026-07-20,2482,連宇,18.5,18.8,17.65,18.35,661464.0,12091402.0
2026-07-20,2483,百容,43.6,43.7,40.4,41.9,3526537.0,146676686.0
2026-07-20,2484,希華,78.2,78.2,72.7,72.7,5998915.0,441583460.0
2026-07-20,2485,兆赫,44.0,44.05,40.0,40.95,6355492.0,262770884.0
2026-07-20,2486,一詮,234.0,234.0,212.0,216.5,8987284.0,1967231921.0
2026-07-20,2488,漢平,49.8,50.5,49.5,49.65,209374.0,10451435.0
2026-07-20,2489,瑞軒,32.0,32.3,29.5,30.6,13173196.0,404793032.0
2026-07-20,2491,吉祥全,32.35,32.5,29.75,30.8,306628.0,9395254.0
2026-07-20,2492,華新科,288.0,288.0,277.0,277.0,1274622.0,357896686.0
2026-07-20,2493,揚博,216.5,231.0,209.0,217.0,4987848.0,1089166318.0
2026-07-20,2495,普安,39.8,39.8,36.0,37.85,3425557.0,129100789.0
2026-07-20,2496,卓越,60.5,61.2,59.8,60.7,27821.0,1669220.0
2026-07-20,2497,怡利電,56.5,56.5,53.2,53.7,478492.0,26028103.0
2026-07-20,2498,宏達電,41.3,41.9,39.85,41.6,5916754.0,242382530.0
2026-07-20,2501,國建,22.7,22.75,22.15,22.3,1510107.0,33796550.0
2026-07-20,2504,國產,32.0,32.1,31.1,31.3,1908893.0,59889924.0
2026-07-20,2505,國揚,18.05,18.05,17.6,17.65,202483.0,3598790.0
2026-07-20,2506,太設,8.86,8.86,8.53,8.69,189509.0,1642207.0
2026-07-20,2509,全坤建,13.3,13.3,13.15,13.2,51079.0,675287.0
2026-07-20,2511,太子,8.61,8.64,8.47,8.55,1246010.0,10652112.0
2026-07-20,2514,龍邦,12.95,12.95,12.8,12.85,95849.0,1233734.0
2026-07-20,2515,中工,12.25,12.4,12.05,12.2,7629024.0,93156412.0
2026-07-20,2516,新建,14.35,14.35,13.8,13.95,78907.0,1100221.0
2026-07-20,2520,冠德,35.7,36.0,35.0,35.75,1746101.0,62014817.0
2026-07-20,2524,京城,37.95,38.05,36.95,36.95,138341.0,5206585.0
2026-07-20,2527,宏璟,48.25,51.2,46.65,50.4,3376844.0,166732801.0
2026-07-20,2528,皇普,22.3,22.5,21.95,21.95,621555.0,13814741.0
2026-07-20,2530,華建,19.7,20.15,18.95,20.05,1450349.0,28661918.0
2026-07-20,2534,宏盛,17.3,17.3,16.8,17.2,551288.0,9415348.0
2026-07-20,2535,達欣工,86.7,86.9,85.0,86.0,297832.0,25556684.0
2026-07-20,2536,宏普,19.6,19.6,19.35,19.5,1152043.0,22445350.0
2026-07-20,2537,聯上發,11.5,11.5,10.8,10.95,1435596.0,15855710.0
2026-07-20,2538,基泰,9.92,9.93,9.78,9.83,311952.0,3070971.0
2026-07-20,2539,櫻花建,41.3,41.5,39.7,40.4,1234689.0,50118350.0
2026-07-20,2540,愛山林,54.5,54.7,53.6,54.0,549899.0,29751039.0
2026-07-20,2542,興富發,43.4,43.55,42.6,43.3,14382651.0,621088687.0
2026-07-20,2543,皇昌,38.7,39.3,37.75,38.5,1321648.0,50681033.0
2026-07-20,2545,皇翔,35.0,35.0,34.0,34.25,250893.0,8594538.0
2026-07-20,2546,根基,97.7,97.7,94.9,96.9,232600.0,22400941.0
2026-07-20,2547,日勝生,10.25,10.35,10.05,10.2,3096574.0,31534988.0
2026-07-20,2548,華固,101.0,102.0,99.9,101.5,1686466.0,170230040.0
2026-07-20,2597,潤弘,167.0,167.0,162.0,162.0,298412.0,48792989.0
2026-07-20,2601,益航,6.75,6.92,6.56,6.57,3876598.0,25942113.0
2026-07-20,2603,長榮,201.0,202.5,196.0,196.0,10069119.0,1996815195.0
2026-07-20,2605,新興,31.5,31.5,30.0,30.65,6243566.0,191347792.0
2026-07-20,2606,裕民,61.5,62.6,60.5,61.6,3756160.0,230853931.0
2026-07-20,2607,榮運,46.9,47.35,46.2,46.3,400593.0,18649643.0
2026-07-20,2608,嘉里大榮,29.4,29.7,29.3,29.35,366191.0,10798075.0
2026-07-20,2609,陽明,49.9,50.7,48.95,49.0,17602639.0,871627014.0
2026-07-20,2610,華航,20.75,21.0,20.5,20.95,36809973.0,765065424.0
2026-07-20,2611,志信,14.4,14.4,13.85,14.2,261994.0,3697885.0
2026-07-20,2612,中航,52.0,52.5,51.1,51.4,242071.0,12489036.0
2026-07-20,2613,中櫃,21.05,21.65,20.95,21.1,287084.0,6077476.0
2026-07-20,2614,東森,18.25,18.3,17.95,18.15,488280.0,8844187.0
2026-07-20,2615,萬海,81.0,83.4,79.8,80.5,12810255.0,1040331639.0
2026-07-20,2616,山隆,13.7,13.7,13.4,13.65,229709.0,3111536.0
2026-07-20,2617,台航,28.75,28.85,28.3,28.65,963587.0,27508377.0
2026-07-20,2618,長榮航,41.65,41.9,40.75,41.2,37206444.0,1534883900.0
2026-07-20,2630,亞航,54.0,58.0,52.7,53.6,12965648.0,716572100.0
2026-07-20,2633,台灣高鐵,26.3,26.35,25.8,25.85,4152046.0,107957755.0
2026-07-20,2634,漢翔,63.4,67.3,61.8,65.0,86889053.0,5716906372.0
2026-07-20,2636,台驊控股,63.6,63.6,62.2,63.0,271798.0,17054897.0
2026-07-20,2637,慧洋-KY,77.6,79.7,77.6,79.1,1921422.0,151376834.0
2026-07-20,2642,宅配通,20.8,20.8,20.3,20.45,62637.0,1281786.0
2026-07-20,2645,長榮航太,217.0,227.5,207.5,208.0,12404585.0,2667632456.0
2026-07-20,2646,星宇航空,21.35,21.4,20.9,21.3,5661730.0,119740808.0
2026-07-20,2701,萬企,10.85,10.95,10.8,10.95,173442.0,1884248.0
2026-07-20,2702,華園,13.0,13.15,12.95,13.0,42332.0,551712.0
2026-07-20,2704,國賓,45.8,45.9,45.25,45.3,136558.0,6221609.0
2026-07-20,2705,六福,16.3,16.3,16.1,16.2,107626.0,1743640.0
2026-07-20,2706,第一店,12.9,13.35,12.7,12.8,460896.0,6008567.0
2026-07-20,2707,晶華,180.0,180.0,177.5,179.5,115746.0,20681977.0
2026-07-20,2712,遠雄來,14.9,14.9,14.35,14.9,21514.0,314479.0
2026-07-20,2722,夏都,22.55,22.55,22.1,22.1,44021.0,983500.0
2026-07-20,2723,美食-KY,64.3,64.9,63.6,63.9,238771.0,15330179.0
2026-07-20,2727,王品,219.5,224.0,219.5,221.5,585342.0,129699366.0
2026-07-20,2731,雄獅,144.5,145.0,141.5,143.0,498938.0,71378009.0
2026-07-20,2739,寒舍,34.55,35.7,34.15,35.15,212432.0,7452261.0
2026-07-20,2748,雲品,39.6,39.9,39.5,39.7,113193.0,4496330.0
2026-07-20,2753,八方雲集,177.0,177.5,175.5,175.5,199423.0,35127256.0
2026-07-20,2762,世界健身-KY,84.6,86.0,83.9,85.5,110611.0,9416743.0
2026-07-20,2801,彰銀,24.15,24.2,23.55,23.85,36648175.0,874766385.0
2026-07-20,2812,台中銀,20.55,20.65,20.1,20.35,24689553.0,502396269.0
2026-07-20,2816,旺旺保,34.0,34.3,33.5,33.95,197494.0,6674678.0
2026-07-20,2820,華票,16.5,16.6,16.4,16.55,2528560.0,41678682.0
2026-07-20,2832,台產,57.2,57.4,56.3,56.6,205149.0,11643748.0
2026-07-20,2834,臺企銀,18.15,18.2,17.7,18.0,47265801.0,847235543.0
2026-07-20,2836,高雄銀,12.6,12.7,12.45,12.55,2020019.0,25366410.0
2026-07-20,2838,聯邦銀,20.65,20.7,20.1,20.4,4509960.0,89686857.0
2026-07-20,2845,遠東銀,13.5,13.5,13.15,13.3,17787636.0,236400025.0
2026-07-20,2849,安泰銀,14.95,15.45,14.95,14.95,769439.0,11675946.0
2026-07-20,2850,新產,147.0,148.0,144.0,147.0,264337.0,38645903.0
2026-07-20,2851,中再保,36.05,36.3,35.35,35.95,2418255.0,86578578.0
2026-07-20,2852,第一保,26.65,26.8,26.4,26.65,362984.0,9658144.0
2026-07-20,2855,統一證,44.15,44.15,42.0,42.95,8819833.0,377351768.0
2026-07-20,2867,三商壽,9.0,9.23,8.97,9.23,28061764.0,256053706.0
2026-07-20,2880,華南金,40.25,40.5,39.65,39.9,45552145.0,1828205009.0
2026-07-20,2881,富邦金,125.0,125.5,122.0,123.5,26626575.0,3292941355.0
2026-07-20,2882,國泰金,96.0,96.5,93.4,94.0,29681623.0,2804700385.0
2026-07-20,2883,凱基金,30.45,30.6,29.55,29.55,70442629.0,2107155998.0
2026-07-20,2884,玉山金,35.3,36.0,35.1,35.85,80234731.0,2859648480.0
2026-07-20,2885,元大金,65.9,66.2,62.8,62.9,54774292.0,3495654839.0
2026-07-20,2886,兆豐金,47.8,48.35,47.35,48.2,45571317.0,2183275344.0
2026-07-20,2887,台新新光金,35.8,35.8,34.3,35.15,146407830.0,5116259375.0
2026-07-20,2889,國票金,15.75,15.8,15.55,15.7,5457749.0,85384548.0
2026-07-20,2890,永豐金,40.2,40.3,39.2,39.7,54944931.0,2175086446.0
2026-07-20,2891,中信金,62.4,62.5,60.7,61.5,69848055.0,4282479852.0
2026-07-20,2892,第一金,34.15,34.25,33.5,33.95,38105765.0,1291023305.0
2026-07-20,2897,王道銀行,10.5,10.55,10.35,10.4,8226902.0,85744921.0
2026-07-20,2901,欣欣,24.7,24.75,23.75,24.05,22424.0,541905.0
2026-07-20,2903,遠百,22.55,22.6,21.9,22.2,2044448.0,45439306.0
2026-07-20,2904,匯僑,13.9,13.9,13.65,13.7,45859.0,630268.0
2026-07-20,2905,三商,15.45,15.45,15.2,15.4,950948.0,14570464.0
2026-07-20,2906,高林,14.1,14.25,13.9,14.0,395591.0,5565010.0
2026-07-20,2908,特力,22.15,22.15,21.9,22.0,170951.0,3771863.0
2026-07-20,2910,統領,24.3,25.75,23.95,25.75,79734.0,2006407.0
2026-07-20,2911,麗嬰房,7.1,7.25,7.05,7.15,232776.0,1656308.0
2026-07-20,2912,統一超,244.5,246.5,238.0,243.5,5553873.0,1345419298.0
2026-07-20,2913,農林,11.3,11.4,11.1,11.25,2050655.0,23050376.0
2026-07-20,2915,潤泰全,51.0,51.3,50.3,51.1,2448895.0,124406754.0
2026-07-20,2923,鼎固-KY,37.6,38.5,36.15,36.25,609643.0,23001093.0
2026-07-20,2929,淘帝-KY,5.96,5.96,5.7,5.89,194240.0,1122950.0
2026-07-20,2939,永邑-KY,18.85,19.5,18.85,19.4,11022.0,210922.0
2026-07-20,2945,三商家購,41.45,41.45,40.9,41.35,19757.0,811423.0
2026-07-20,3002,歐格,18.2,18.4,17.65,18.05,260149.0,4665068.0
2026-07-20,3003,健和興,60.2,61.0,57.6,59.3,704839.0,41757151.0
2026-07-20,3004,豐達科,139.5,142.5,134.5,137.0,929359.0,128240565.0
2026-07-20,3005,神基,112.0,112.0,108.5,109.5,3702385.0,406362842.0
2026-07-20,3006,晶豪科,196.5,199.0,182.5,188.5,8543683.0,1625894848.0
2026-07-20,3008,大立光,4020.0,4050.0,3800.0,3875.0,1549724.0,6050596645.0
2026-07-20,3010,華立,115.5,115.5,109.0,112.5,916709.0,102164107.0
2026-07-20,3011,今皓,12.05,12.15,11.6,11.85,575478.0,6804823.0
2026-07-20,3013,晟銘電,88.5,89.9,80.0,85.3,2790801.0,237144381.0
2026-07-20,3014,聯陽,127.0,127.0,121.0,124.0,1381874.0,170774930.0
2026-07-20,3015,全漢,55.9,56.4,53.4,54.6,867392.0,47429598.0
2026-07-20,3016,嘉晶,101.0,105.5,95.5,101.0,6792121.0,680175409.0
2026-07-20,3017,奇鋐,2210.0,2240.0,2015.0,2135.0,4416999.0,9356599417.0
2026-07-20,3018,隆銘綠能,12.0,12.0,11.8,11.8,26585.0,314255.0
2026-07-20,3019,亞光,132.0,132.5,124.5,129.0,3292135.0,424023015.0
2026-07-20,3021,鴻名,21.45,21.75,20.0,21.25,346041.0,7270500.0
2026-07-20,3022,威強電,79.1,80.1,77.2,78.3,849791.0,66894114.0
2026-07-20,3023,信邦,307.0,307.0,292.5,301.0,1264423.0,381247537.0
2026-07-20,3024,憶聲,14.3,15.3,13.65,13.85,9982995.0,145694416.0
2026-07-20,3025,星通,56.3,56.8,54.0,55.2,352124.0,19364216.0
2026-07-20,3026,禾伸堂,661.0,667.0,621.0,621.0,4726567.0,3010195200.0
2026-07-20,3027,盛達,18.4,18.55,17.65,18.1,247843.0,4478567.0
2026-07-20,3028,增你強,68.0,68.9,64.0,65.8,2185108.0,143877680.0
2026-07-20,3029,零壹,103.5,105.5,101.5,103.5,1515709.0,156498301.0
2026-07-20,3030,德律,289.0,294.0,270.5,283.0,2811553.0,795204192.0
2026-07-20,3031,佰鴻,24.7,25.25,23.4,24.6,989232.0,24056172.0
2026-07-20,3032,偉訓,76.9,77.6,74.0,76.2,419099.0,31638372.0
2026-07-20,3033,威健,47.95,48.8,45.5,47.9,16427114.0,770767369.0
2026-07-20,3034,聯詠,470.0,473.0,452.0,458.0,4215309.0,1944388113.0
2026-07-20,3035,智原,185.0,186.5,172.0,182.5,5623259.0,1011581628.0
2026-07-20,3036,文曄,191.0,191.0,181.5,187.0,16065018.0,2975553791.0
2026-07-20,3037,欣興,778.0,812.0,747.0,750.0,30661875.0,23514772172.0
2026-07-20,3038,全台,20.6,20.8,20.3,20.5,246026.0,5052721.0
2026-07-20,3040,遠見,39.5,39.5,37.2,37.2,275566.0,10401165.0
2026-07-20,3041,揚智,23.3,24.25,22.3,23.4,1949185.0,45303725.0
2026-07-20,3042,晶技,165.5,166.5,153.5,157.0,12292397.0,1947504436.0
2026-07-20,3043,科風,20.45,21.05,20.0,20.8,121931.0,2500380.0
2026-07-20,3044,健鼎,399.5,400.5,374.0,388.0,2865239.0,1108049801.0
2026-07-20,3045,台灣大,112.0,113.0,110.5,112.0,18734382.0,2092596735.0
2026-07-20,3046,建碁,52.5,53.2,50.9,51.9,295149.0,15305126.0
2026-07-20,3047,訊舟,14.8,15.05,14.15,14.8,1318266.0,19332838.0
2026-07-20,3048,益登,51.8,51.8,47.85,49.3,3210843.0,158436151.0
2026-07-20,3049,精金,11.3,11.5,10.9,11.25,2863176.0,31957600.0
2026-07-20,3050,鈺德,11.55,11.75,11.25,11.55,504660.0,5792886.0
2026-07-20,3051,力特,22.95,23.3,22.1,22.7,751941.0,17050353.0
2026-07-20,3052,夆典,10.85,10.9,10.7,10.7,243053.0,2613115.0
2026-07-20,3054,立萬利,56.9,56.9,53.8,55.0,138731.0,7649153.0
2026-07-20,3055,蔚華科,163.5,167.0,150.0,161.5,810224.0,127470447.0
2026-07-20,3056,富華新,14.7,14.75,14.35,14.45,990652.0,14360068.0
2026-07-20,3057,喬鼎,15.8,16.35,15.2,15.85,77568.0,1221398.0
2026-07-20,3058,立德,8.85,8.85,8.5,8.52,548573.0,4725622.0
2026-07-20,3059,華晶科,41.85,41.95,39.6,40.6,2660716.0,108167058.0
2026-07-20,3060,銘異,29.4,29.75,27.45,28.4,2779972.0,79191575.0
2026-07-20,3062,建漢,21.3,21.5,20.4,20.85,2586508.0,54104930.0
2026-07-20,3090,日電貿,190.0,190.0,175.5,175.5,1124347.0,199987124.0
2026-07-20,3092,鴻碩,24.15,24.8,23.6,23.7,332605.0,8016145.0
2026-07-20,3094,聯傑,36.9,36.9,33.6,35.65,2033047.0,71748387.0
2026-07-20,3130,一零四,205.0,205.0,202.5,203.0,70864.0,14412357.0
2026-07-20,3135,凌航,146.0,147.0,134.0,139.5,1282977.0,179379983.0
2026-07-20,3138,耀登,102.5,102.5,93.9,99.0,578303.0,56700612.0
2026-07-20,3149,正達,80.7,81.7,73.8,76.2,8376122.0,653184788.0
2026-07-20,3150,鈺寶-創,16.85,17.25,16.75,16.8,52009.0,879603.0
2026-07-20,3164,景岳,16.65,16.65,16.0,16.3,48885.0,792653.0
2026-07-20,3167,大量,770.0,770.0,690.0,733.0,2621566.0,1908922628.0
2026-07-20,3168,眾福科,45.0,45.0,43.15,43.95,29486.0,1289934.0
2026-07-20,3189,景碩,693.0,724.0,653.0,679.0,23743793.0,16462657909.0
2026-07-20,3209,全科,56.7,56.7,53.3,55.5,1831138.0,100639444.0
2026-07-20,3229,晟鈦,41.35,41.35,37.2,37.65,426575.0,16557258.0
2026-07-20,3231,緯創,142.0,147.0,141.5,143.5,51717481.0,7482595188.0
2026-07-20,3257,虹冠電,54.1,54.6,50.5,51.9,783665.0,40872424.0
2026-07-20,3266,昇陽,14.2,14.2,13.95,14.1,122338.0,1724000.0
2026-07-20,3296,勝德,26.25,26.25,24.5,24.7,181455.0,4518012.0
2026-07-20,3305,昇貿,109.0,109.5,100.5,106.0,2582391.0,271854576.0
2026-07-20,3308,聯德,19.9,20.2,19.45,19.9,70955.0,1402960.0
2026-07-20,3311,閎暉,34.3,34.4,32.8,33.4,451118.0,15066203.0
2026-07-20,3312,弘憶股,47.7,48.9,45.5,46.9,1621282.0,76414626.0
2026-07-20,3321,同泰,19.7,19.7,17.85,18.4,556899.0,10166348.0
2026-07-20,3338,泰碩,63.8,64.8,60.6,62.9,425834.0,26603672.0
2026-07-20,3346,麗清,20.7,21.0,19.9,20.5,602507.0,12339634.0
2026-07-20,3356,奇偶,56.4,56.7,53.8,54.9,499331.0,27461419.0
2026-07-20,3376,新日興,189.5,191.5,185.0,186.5,2332920.0,439073716.0
2026-07-20,3380,明泰,30.2,30.5,28.3,29.2,2226140.0,65342638.0
2026-07-20,3406,玉晶光,524.0,527.0,494.0,500.0,1774407.0,897802393.0
2026-07-20,3413,京鼎,371.5,372.0,345.0,359.0,5030232.0,1808613550.0
2026-07-20,3416,融程電,164.5,164.5,156.0,159.5,413573.0,65832872.0
2026-07-20,3419,譁裕,12.7,12.7,12.1,12.3,256548.0,3149304.0
2026-07-20,3432,台端,17.0,17.0,16.35,16.75,20111.0,333449.0
2026-07-20,3437,榮創,18.15,18.3,17.05,17.75,656419.0,11597691.0
2026-07-20,3443,創意,3880.0,3880.0,3535.0,3745.0,1809521.0,6700555410.0
2026-07-20,3447,展達,30.25,30.9,28.55,30.3,442706.0,13127003.0
2026-07-20,3450,聯鈞,416.0,419.5,389.0,389.0,3577990.0,1435404233.0
2026-07-20,3481,群創,53.1,53.3,49.1,50.4,366167261.0,18647172011.0
2026-07-20,3494,誠研,7.63,7.64,7.06,7.32,162453.0,1181077.0
2026-07-20,3501,維熹,39.95,40.6,39.75,40.2,407631.0,16338367.0
2026-07-20,3504,揚明光,64.7,64.7,60.0,62.2,870057.0,53865598.0
2026-07-20,3515,華擎,201.5,203.5,196.0,202.0,352166.0,70691668.0
2026-07-20,3518,柏騰,26.85,27.25,25.4,26.2,781431.0,20399999.0
2026-07-20,3528,安馳,84.0,84.0,78.6,80.7,464096.0,37538964.0
2026-07-20,3530,晶相光,57.1,57.6,55.0,56.6,202085.0,11413221.0
2026-07-20,3532,台勝科,434.0,466.0,401.0,466.0,12923121.0,5634281076.0
2026-07-20,3533,嘉澤,1815.0,1955.0,1760.0,1905.0,1139929.0,2145251430.0
2026-07-20,3535,晶彩科,92.0,92.2,84.0,88.0,1483552.0,129740690.0
2026-07-20,3543,州巧,30.1,30.3,28.5,28.75,604841.0,17691535.0
2026-07-20,3545,敦泰,49.1,49.5,46.1,47.7,1192420.0,57274716.0
2026-07-20,3550,聯穎,22.5,22.5,21.0,21.85,2987383.0,64764211.0
2026-07-20,3557,嘉威,24.7,26.35,24.7,25.85,96289.0,2480701.0
2026-07-20,3563,牧德,630.0,630.0,589.0,610.0,765045.0,465404166.0
2026-07-20,3576,聯合再生,18.0,19.0,17.9,18.45,43729873.0,800477179.0
2026-07-20,3583,辛耘,740.0,749.0,700.0,728.0,1298862.0,944012874.0
2026-07-20,3588,通嘉,55.1,55.8,52.0,53.7,385223.0,20628281.0
2026-07-20,3591,艾笛森,21.35,21.35,20.0,20.65,1537034.0,31620221.0
2026-07-20,3592,瑞鼎,237.0,237.0,224.0,226.5,597190.0,136138289.0
2026-07-20,3593,力銘,15.3,15.3,13.85,14.95,34218.0,492837.0
2026-07-20,3596,智易,182.5,184.0,170.5,178.0,1252497.0,223315089.0
2026-07-20,3605,宏致,79.3,79.3,72.5,76.8,4664859.0,353844528.0
2026-07-20,3607,谷崧,14.95,14.95,14.4,14.65,330631.0,4828035.0
2026-07-20,3617,碩天,206.5,209.5,199.0,205.0,588644.0,120251941.0
2026-07-20,3622,洋華,53.7,53.8,52.0,52.5,595855.0,31232432.0
2026-07-20,3645,達邁,70.5,70.5,65.6,69.0,2232303.0,152196802.0
2026-07-20,3652,精聯,28.95,31.9,28.9,31.0,1598418.0,49935117.0
2026-07-20,3653,健策,3175.0,3280.0,3060.0,3200.0,1510316.0,4772558810.0
2026-07-20,3661,世芯-KY,3480.0,3500.0,3245.0,3365.0,2061321.0,6926497805.0
2026-07-20,3665,貿聯-KY,1800.0,1860.0,1685.0,1820.0,3398243.0,6081515040.0
2026-07-20,3669,圓展,34.1,34.9,32.1,33.0,189739.0,6274488.0
2026-07-20,3673,TPK-KY,64.1,65.5,60.0,62.4,8261996.0,516956146.0
2026-07-20,3679,新至陞,110.0,110.5,108.0,109.0,37385.0,4064963.0
2026-07-20,3686,達能,15.65,15.95,15.35,15.5,98420.0,1529553.0
2026-07-20,3694,海華,60.4,61.8,58.7,60.3,1178909.0,71240860.0
2026-07-20,3701,大眾控,38.9,39.6,36.05,37.95,1519255.0,57411815.0
2026-07-20,3702,大聯大,110.0,110.0,105.0,106.5,11591719.0,1238074078.0
2026-07-20,3703,欣陸,20.65,20.8,20.45,20.6,1180553.0,24284889.0
2026-07-20,3704,合勤控,45.4,46.5,43.35,44.85,3877717.0,173693604.0
2026-07-20,3705,永信,55.2,55.4,54.6,55.0,179744.0,9892823.0
2026-07-20,3706,神達,87.8,88.5,85.4,88.4,9919071.0,866934819.0
2026-07-20,3708,上緯投控,96.7,98.5,94.0,96.5,436929.0,42091485.0
2026-07-20,3711,日月光投控,588.0,617.0,577.0,597.0,30646403.0,18333992563.0
2026-07-20,3712,永崴投控,16.85,17.35,16.45,16.8,1215868.0,20686988.0
2026-07-20,3714,富采,53.4,53.4,49.45,51.7,9235465.0,472652809.0
2026-07-20,3715,定穎投控,125.0,125.0,115.5,119.5,6644396.0,794522572.0
2026-07-20,3716,中化控股,34.3,34.3,33.95,34.15,132550.0,4523144.0
2026-07-20,3717,聯嘉投控,22.45,22.45,21.3,21.9,4535355.0,99160754.0
2026-07-20,4104,佳醫,71.4,72.0,70.8,71.2,221351.0,15786655.0
2026-07-20,4106,雃博,25.2,25.2,24.65,24.7,263617.0,6565766.0
2026-07-20,4108,懷特,11.75,12.0,11.65,11.65,263334.0,3114528.0
2026-07-20,4119,旭富,46.75,47.1,46.1,46.7,133577.0,6225059.0
2026-07-20,4133,亞諾法,24.55,24.55,22.4,22.4,4535577.0,107508031.0
2026-07-20,4137,麗豐-KY,96.0,96.0,94.0,94.6,124821.0,11834495.0
2026-07-20,4142,國光生,17.0,17.1,16.75,16.9,904795.0,15304118.0
2026-07-20,4148,全宇生技-KY,30.9,30.9,30.0,30.35,24250.0,737404.0
2026-07-20,4155,訊映,16.3,16.45,15.9,15.9,412188.0,6635092.0
2026-07-20,4164,承業醫,27.5,27.5,26.7,26.7,538463.0,14497673.0
2026-07-20,4169,泰宗,253.0,266.5,250.0,255.0,186991.0,48308078.0
2026-07-20,4178,永笙-KY,18.3,19.6,18.3,19.3,1435545.0,27185062.0
2026-07-20,4190,佐登-KY,25.75,25.75,25.0,25.7,69661.0,1770889.0
2026-07-20,4195,基米-創,16.6,16.7,16.1,16.45,114490.0,1865832.0
2026-07-20,4306,炎洲,14.75,14.85,14.35,14.35,1512061.0,21961847.0
2026-07-20,4414,如興,8.6,8.6,8.38,8.46,214100.0,1815392.0
2026-07-20,4426,利勤,8.33,8.37,8.28,8.33,117500.0,978219.0
2026-07-20,4438,廣越,61.7,61.7,60.0,61.2,87691.0,5347348.0
2026-07-20,4439,冠星-KY,101.5,101.5,99.2,101.0,15755.0,1578297.0
2026-07-20,4440,宜新實業,17.6,17.6,17.3,17.35,60161.0,1047353.0
2026-07-20,4441,振大環球,177.0,177.0,173.0,174.5,84743.0,14867577.0
2026-07-20,4526,東台,33.0,33.0,30.3,31.4,2194745.0,68757692.0
2026-07-20,4532,瑞智,24.7,24.9,24.1,24.4,1527689.0,37312784.0
2026-07-20,4536,拓凱,167.0,167.0,161.5,164.0,289241.0,47208270.0
2026-07-20,4540,全球傳動,51.7,52.0,48.0,49.95,1381664.0,69054876.0
2026-07-20,4545,銘鈺,34.45,34.45,31.8,32.95,115273.0,3784778.0
2026-07-20,4551,智伸科,189.0,190.0,172.5,179.5,1556911.0,277041991.0
2026-07-20,4552,力達-KY,20.0,20.0,19.0,19.0,47877.0,918820.0
2026-07-20,4555,氣立,46.5,47.1,44.5,45.2,302183.0,13682722.0
2026-07-20,4557,永新-KY,50.9,51.0,49.9,50.4,26772.0,1349479.0
2026-07-20,4560,強信-KY,32.25,32.25,31.6,32.0,145125.0,4628408.0
2026-07-20,4562,穎漢,32.4,32.7,30.0,31.0,271332.0,8494383.0
2026-07-20,4564,元翎,18.95,20.5,18.95,19.25,5795247.0,113994268.0
2026-07-20,4566,時碩工業,61.6,66.6,60.8,66.6,2343147.0,151309979.0
2026-07-20,4569,六方科-KY,161.0,161.0,155.0,157.0,45139.0,7108946.0
2026-07-20,4571,鈞興-KY,150.5,152.0,145.0,150.0,262334.0,39075985.0
2026-07-20,4572,駐龍,148.5,148.5,142.5,145.0,46772.0,6727235.0
2026-07-20,4576,大銀微系統,194.5,195.0,180.0,187.5,1361258.0,254824017.0
2026-07-20,4581,光隆精密-KY,51.4,51.4,50.5,51.0,14033.0,715613.0
2026-07-20,4582,聚恆-創,27.9,28.15,27.2,27.25,195774.0,5397140.0
2026-07-20,4583,台灣精銳,587.0,587.0,540.0,564.0,63150.0,35340409.0
2026-07-20,4585,達明,305.5,308.0,295.0,299.0,310733.0,93742679.0
2026-07-20,4588,玖鼎電力,52.4,52.4,50.7,51.5,73414.0,3781604.0
2026-07-20,4590,富田-創,88.0,92.3,88.0,88.9,331080.0,29826766.0
2026-07-20,4720,德淵,20.5,20.75,19.3,20.1,854771.0,17062195.0
2026-07-20,4722,國精化,228.0,228.0,209.0,218.5,1281505.0,277959427.0
2026-07-20,4736,泰博,130.0,130.0,127.5,128.0,116895.0,15004628.0
2026-07-20,4737,華廣,55.6,56.7,55.1,55.3,92744.0,5182467.0
2026-07-20,4739,康普,85.2,85.9,78.4,80.3,3067918.0,248550162.0
2026-07-20,4746,台耀,52.1,53.0,51.4,51.4,394076.0,20395760.0
2026-07-20,4755,三福化,128.0,128.0,119.5,121.0,622848.0,75855118.0
2026-07-20,4763,材料*-KY,46.15,49.35,45.1,48.6,12820596.0,607199763.0
2026-07-20,4764,雙鍵,283.0,287.5,266.5,266.5,3913225.0,1061399536.0
2026-07-20,4766,南寶,336.0,336.0,322.0,325.0,254788.0,83031246.0
2026-07-20,4770,上品,214.5,221.0,210.5,220.0,341693.0,73806879.0
2026-07-20,4771,望隼,196.5,197.5,192.0,196.5,178078.0,34845675.0
2026-07-20,4807,日成-KY,40.55,41.85,38.3,38.3,410039.0,16398610.0
2026-07-20,4904,遠傳,103.5,105.5,103.5,104.5,19211896.0,2007494610.0
2026-07-20,4906,正文,35.65,35.75,32.6,33.75,7212393.0,243554384.0
2026-07-20,4912,聯德控股-KY,82.5,83.5,80.1,82.6,287690.0,23582328.0
2026-07-20,4915,致伸,65.8,65.8,63.4,64.5,3437662.0,221060318.0
2026-07-20,4916,事欣科,102.0,104.0,96.5,97.7,5480006.0,546597044.0
2026-07-20,4919,新唐,137.0,138.5,127.0,135.5,10255250.0,1358881888.0
2026-07-20,4927,泰鼎-KY,35.4,35.7,33.2,34.6,5460349.0,187917212.0
2026-07-20,4930,燦星網,16.75,16.8,16.65,16.65,24259.0,405577.0
2026-07-20,4934,太極,15.6,16.0,15.0,15.1,807247.0,12416267.0
2026-07-20,4935,茂林-KY,34.85,35.15,34.0,35.0,124440.0,4299199.0
2026-07-20,4938,和碩,82.9,83.2,80.0,80.0,11806419.0,953955996.0
2026-07-20,4942,嘉彰,37.35,37.45,36.65,36.65,159131.0,5876055.0
2026-07-20,4943,康控-KY,9.45,9.45,9.0,9.0,5740.0,52167.0
2026-07-20,4949,有成精密,68.2,70.1,64.8,68.0,943730.0,63425180.0
2026-07-20,4952,凌通,48.6,49.05,46.2,47.25,518038.0,24464602.0
2026-07-20,4956,光鋐,30.0,30.0,27.45,28.45,1560048.0,44420447.0
2026-07-20,4958,臻鼎-KY,481.5,506.0,471.5,478.5,35909408.0,17470514128.0
2026-07-20,4960,誠美材,21.85,21.85,20.0,20.95,3474990.0,72623880.0
2026-07-20,4961,天鈺,154.0,156.0,146.5,152.5,694114.0,105470099.0
2026-07-20,4967,十銓,211.5,211.5,195.5,208.5,2764713.0,565105693.0
2026-07-20,4968,立積,102.0,102.0,95.2,97.0,1123417.0,109061043.0
2026-07-20,4976,佳凌,33.55,33.85,31.45,31.6,853139.0,27377488.0
2026-07-20,4977,眾達-KY,131.0,132.5,117.0,127.5,1948090.0,243415913.0
2026-07-20,4989,榮科,69.0,69.8,63.4,64.9,7792629.0,510732706.0
2026-07-20,4994,傳奇,92.2,93.0,90.7,92.6,23857.0,2197647.0
2026-07-20,4999,鑫禾,19.6,19.6,19.2,19.5,147665.0,2868538.0
2026-07-20,5007,三星,56.8,56.8,56.1,56.5,81530.0,4609923.0
2026-07-20,5203,訊連,66.2,66.2,64.0,64.8,113694.0,7384814.0
2026-07-20,5215,科嘉-KY,39.95,39.95,37.8,38.5,86559.0,3323144.0
2026-07-20,5222,全訊,115.0,119.0,113.5,115.0,401029.0,46216892.0
2026-07-20,5225,東科-KY,70.0,70.6,68.9,69.8,209143.0,14616027.0
2026-07-20,5234,達興材料,348.0,352.0,329.0,333.0,355653.0,120204322.0
2026-07-20,5236,凌陽創新,149.5,149.5,140.0,144.0,242132.0,34544083.0
2026-07-20,5243,乙盛-KY,87.5,89.5,83.5,87.1,2179120.0,188918122.0
2026-07-20,5244,弘凱,31.2,31.35,30.15,31.1,235466.0,7257879.0
2026-07-20,5258,虹堡,51.5,52.0,50.0,50.9,430545.0,21931872.0
2026-07-20,5269,祥碩,1435.0,1515.0,1355.0,1470.0,1285723.0,1881008640.0
2026-07-20,5283,禾聯碩,53.3,53.4,52.3,53.1,45857.0,2426802.0
2026-07-20,5284,jpp-KY,289.0,305.5,284.0,288.5,1392478.0,409276888.0
2026-07-20,5285,界霖,85.6,86.5,79.1,79.7,1863601.0,151689683.0
2026-07-20,5288,豐祥-KY,188.5,189.5,185.0,186.5,168778.0,31564365.0
2026-07-20,5292,華懋,167.0,168.0,161.0,164.0,112198.0,18375852.0
2026-07-20,5306,桂盟,97.0,97.8,92.6,92.9,551103.0,52299868.0
2026-07-20,5388,中磊,83.5,84.6,81.8,82.8,3021772.0,250532918.0
2026-07-20,5434,崇越,553.0,556.0,510.0,544.0,2014510.0,1090650837.0
2026-07-20,5469,瀚宇博,69.1,69.5,65.4,68.1,2198988.0,148526237.0
2026-07-20,5471,松翰,55.7,55.7,51.1,53.3,2084458.0,111860629.0
2026-07-20,5484,慧友,42.5,43.0,40.3,41.15,378938.0,15687086.0
2026-07-20,5515,建國,41.9,42.85,41.4,42.75,787035.0,33264625.0
2026-07-20,5519,隆大,28.4,28.4,27.8,28.0,522723.0,14657482.0
2026-07-20,5521,工信,10.2,10.25,10.0,10.05,3142214.0,31678904.0
2026-07-20,5522,遠雄,69.3,69.5,66.8,67.1,3185316.0,214346240.0
2026-07-20,5525,順天,21.95,22.8,21.8,22.65,259461.0,5792035.0
2026-07-20,5531,鄉林,7.9,7.92,7.79,7.79,474150.0,3717647.0
2026-07-20,5533,皇鼎,14.1,14.1,13.9,14.1,142687.0,2000660.0
2026-07-20,5534,長虹,81.3,82.0,80.2,80.6,548037.0,44341675.0
2026-07-20,5538,東明-KY,35.7,35.7,34.5,35.05,68537.0,2402128.0
2026-07-20,5546,永固-KY,17.15,17.2,16.5,17.1,48086.0,820764.0
2026-07-20,5607,遠雄港,49.8,49.9,48.7,49.1,524665.0,25797546.0
2026-07-20,5608,四維航,13.7,13.9,13.4,13.6,1967342.0,26680865.0
2026-07-20,5706,鳳凰,46.05,46.2,45.4,45.8,206868.0,9486040.0
2026-07-20,5871,中租-KY,120.5,122.5,118.0,122.5,16696536.0,2019448865.0
2026-07-20,5876,上海商銀,45.7,46.05,45.25,45.55,20816596.0,951337196.0
2026-07-20,5880,合庫金,25.65,25.7,25.25,25.5,30858845.0,787027592.0
2026-07-20,5906,台南-KY,0.0,0.0,0.0,0.0,140.0,5320.0
2026-07-20,5907,大洋-KY,4.97,4.97,4.84,4.85,198046.0,966583.0
2026-07-20,6005,群益證,33.4,33.6,32.35,32.8,12635070.0,415071323.0
2026-07-20,6024,群益期,64.8,65.0,63.5,63.7,440849.0,28328760.0
2026-07-20,6108,競國,16.45,16.8,16.2,16.4,802903.0,13173127.0
2026-07-20,6112,邁達特,41.55,42.1,40.25,41.0,447671.0,18369009.0
2026-07-20,6115,鎰勝,45.8,45.8,45.3,45.45,152371.0,6929773.0
2026-07-20,6116,彩晶,15.0,15.15,13.85,14.3,37143404.0,535380871.0
2026-07-20,6117,迎廣,67.2,69.0,65.5,66.6,177935.0,11906406.0
2026-07-20,6120,達運,13.4,13.4,12.6,12.95,3020675.0,39153077.0
2026-07-20,6128,上福,21.4,21.4,20.15,20.3,88739.0,1829823.0
2026-07-20,6133,金橋,21.0,21.4,20.1,20.65,1164488.0,24150337.0
2026-07-20,6136,富爾特,24.4,24.4,24.05,24.25,136594.0,3308754.0
2026-07-20,6139,亞翔,799.0,805.0,749.0,775.0,3589109.0,2794882679.0
2026-07-20,6141,柏承,40.0,40.5,37.05,37.7,1724683.0,66578158.0
2026-07-20,6142,友勁,9.57,9.64,9.15,9.28,974754.0,9103265.0
2026-07-20,6152,百一,12.0,12.2,11.6,12.0,921232.0,10949134.0
2026-07-20,6153,嘉聯益,17.05,17.2,15.6,16.4,5956945.0,97695265.0
2026-07-20,6155,鈞寶,59.8,59.8,55.2,58.6,1919575.0,110381136.0
2026-07-20,6164,華興,12.95,12.95,12.2,12.4,806814.0,10029627.0
2026-07-20,6165,浪凡,49.5,51.0,49.0,49.9,539029.0,26823641.0
2026-07-20,6166,凌華,119.5,123.5,111.5,120.0,2072023.0,245400105.0
2026-07-20,6168,宏齊,24.7,24.8,23.15,23.6,2328022.0,55577287.0
2026-07-20,6176,瑞儀,84.6,85.9,82.7,83.1,3619566.0,303569520.0
2026-07-20,6177,達麗,48.1,48.1,46.9,47.35,1173535.0,55656730.0
2026-07-20,6183,關貿,91.9,91.9,90.4,90.4,36518.0,3338887.0
2026-07-20,6184,大豐電,43.1,43.15,42.6,42.75,52759.0,2264665.0
2026-07-20,6189,豐藝,48.4,48.4,46.2,46.95,578483.0,27141156.0
2026-07-20,6191,精成科,89.3,90.6,83.2,90.5,7267736.0,632410829.0
2026-07-20,6192,巨路,116.5,116.5,113.0,114.5,108137.0,12333137.0
2026-07-20,6196,帆宣,542.0,542.0,497.0,518.0,1997918.0,1040320475.0
2026-07-20,6197,佳必琪,304.5,308.5,283.0,301.0,2950601.0,874408576.0
2026-07-20,6201,亞弘電,49.8,49.8,48.35,49.2,26110.0,1281962.0
2026-07-20,6202,盛群,56.6,57.8,53.3,56.1,4303675.0,240147429.0
2026-07-20,6205,詮欣,60.3,62.0,57.2,60.9,769531.0,46207856.0
2026-07-20,6206,飛捷,121.0,121.0,114.0,117.0,1269978.0,148773857.0
2026-07-20,6209,今國光,67.5,68.7,62.5,65.4,5771076.0,377404072.0
2026-07-20,6213,聯茂,332.0,343.0,312.0,322.5,36321779.0,11849413356.0
2026-07-20,6214,精誠,139.0,139.0,134.0,137.5,939235.0,128370395.0
2026-07-20,6215,和椿,99.9,99.9,91.4,94.8,1434891.0,136110710.0
2026-07-20,6216,居易,21.85,22.15,21.6,21.85,267760.0,5843650.0
2026-07-20,6224,聚鼎,58.4,58.4,54.0,55.5,838569.0,46613366.0
2026-07-20,6225,天瀚,26.5,26.6,25.55,25.55,60456.0,1556266.0
2026-07-20,6226,光鼎,20.3,20.95,20.3,20.3,3974451.0,80739660.0
2026-07-20,6230,尼得科超眾,117.0,117.0,108.0,110.0,72493.0,8045494.0
2026-07-20,6235,華孚,40.4,40.65,38.7,39.25,853940.0,33699099.0
2026-07-20,6239,力成,291.5,295.5,265.5,266.5,20952221.0,5758783760.0
2026-07-20,6243,迅杰,50.0,50.0,46.45,46.45,3286291.0,156518214.0
2026-07-20,6257,矽格,214.5,215.5,198.0,211.0,6493349.0,1355787987.0
2026-07-20,6269,台郡,56.9,56.9,51.8,54.1,5093218.0,274169382.0
2026-07-20,6271,同欣電,201.0,201.0,184.5,192.5,6698590.0,1291082016.0
2026-07-20,6272,驊陞,27.7,27.75,26.45,26.85,209593.0,5659192.0
2026-07-20,6277,宏正,83.7,85.0,76.0,76.0,4700824.0,375392814.0
2026-07-20,6278,台表科,162.5,164.5,153.5,157.5,4835334.0,763489951.0
2026-07-20,6281,全國電,51.1,51.8,51.1,51.4,71297.0,3666857.0
2026-07-20,6282,康舒,49.0,49.15,45.0,46.85,16923032.0,794556524.0
2026-07-20,6283,淳安,21.55,21.65,20.7,21.05,140423.0,2956801.0
2026-07-20,6285,啟碁,236.5,243.5,220.5,235.0,8934026.0,2087053768.0
2026-07-20,6405,悅城,44.2,44.4,40.9,41.75,1090860.0,45997850.0
2026-07-20,6409,旭隼,1005.0,1010.0,949.0,988.0,551049.0,537394462.0
2026-07-20,6412,群電,79.5,81.9,78.3,80.2,1081693.0,86683894.0
2026-07-20,6414,樺漢,402.0,414.0,392.5,405.0,3549738.0,1438860018.0
2026-07-20,6415,矽力*-KY,438.0,444.5,414.5,427.5,6790313.0,2911372824.0
2026-07-20,6416,瑞祺電通,92.3,93.8,90.1,90.4,616838.0,56550711.0
2026-07-20,6426,統新,160.0,160.0,145.0,153.5,597237.0,90779623.0
2026-07-20,6431,光麗-KY,17.75,17.75,16.5,17.45,131171.0,2218175.0
2026-07-20,6438,迅得,145.0,149.0,140.0,144.0,596880.0,85660773.0
2026-07-20,6442,光聖,1300.0,1305.0,1170.0,1220.0,2422294.0,2964599575.0
2026-07-20,6443,元晶,30.3,30.45,27.85,27.85,8179833.0,236090938.0
2026-07-20,6446,藥華藥,1230.0,1235.0,1175.0,1175.0,2926691.0,3516317815.0
2026-07-20,6449,鈺邦,258.5,258.5,229.0,238.5,2202639.0,524909432.0
2026-07-20,6451,訊芯-KY,413.0,421.0,387.0,395.5,3818617.0,1520131237.0
2026-07-20,6456,GIS-KY,64.8,65.2,60.4,61.6,3066459.0,191899417.0
2026-07-20,6464,台數科,80.6,80.6,78.2,79.0,103630.0,8196001.0
2026-07-20,6472,保瑞,396.5,404.0,389.0,392.5,690321.0,273387429.0
2026-07-20,6477,安集,38.25,41.9,38.05,41.0,8771674.0,358490016.0
2026-07-20,6491,晶碩,335.0,340.0,330.0,335.5,329484.0,110403329.0
2026-07-20,6504,南六,36.0,37.15,35.95,36.3,130372.0,4739684.0
2026-07-20,6505,台塑化,84.0,84.3,75.8,77.7,96798018.0,7839096557.0
2026-07-20,6515,穎崴,6100.0,6235.0,5720.0,6050.0,388870.0,2334485925.0
2026-07-20,6525,捷敏-KY,163.5,164.5,155.5,155.5,3040279.0,477182047.0
2026-07-20,6526,達發,568.0,569.0,530.0,548.0,726342.0,398921671.0
2026-07-20,6531,愛普*,805.0,820.0,757.0,780.0,3373745.0,2656948308.0
2026-07-20,6533,晶心科,213.5,231.0,213.0,231.0,1620034.0,369123539.0
2026-07-20,6534,正瀚-創,92.9,93.1,91.7,93.0,60212.0,5574000.0
2026-07-20,6541,泰福-KY,38.45,39.25,38.05,39.1,408068.0,15779784.0
2026-07-20,6550,北極星藥業-KY,12.5,12.5,12.15,12.3,853917.0,10541415.0
2026-07-20,6552,易華電,26.0,26.05,24.75,25.2,237456.0,5988299.0
2026-07-20,6558,興能高,27.2,27.8,25.85,26.55,385853.0,10308665.0
2026-07-20,6573,虹揚-KY,20.0,20.4,18.5,19.95,750234.0,14561270.0
2026-07-20,6579,研揚,149.5,152.0,145.5,149.0,348342.0,51862975.0
2026-07-20,6581,鋼聯,110.0,110.0,106.5,107.0,48558.0,5258755.0
2026-07-20,6582,申豐,32.5,32.95,31.9,31.9,47697.0,1551081.0
2026-07-20,6585,鼎基,126.5,126.5,118.0,121.5,423220.0,51115756.0
2026-07-20,6589,台康生技,45.55,45.75,44.3,44.9,468365.0,21045345.0
2026-07-20,6591,動力-KY,43.75,44.25,42.5,43.6,204814.0,8913076.0
2026-07-20,6592,和潤企業,62.0,62.0,59.9,60.4,392664.0,23768053.0
2026-07-20,6598,ABC-KY,26.9,27.4,26.35,26.7,1189043.0,31925258.0
2026-07-20,6605,帝寶,131.0,131.0,128.0,130.5,298212.0,38644347.0
2026-07-20,6606,建德工業,26.0,26.0,25.55,25.85,134184.0,3455369.0
2026-07-20,6614,資拓宏宇,38.95,38.95,37.95,38.55,65590.0,2508179.0
2026-07-20,6625,必應,77.1,77.8,75.7,76.0,162225.0,12403562.0
2026-07-20,6641,基士德-KY,17.9,18.6,17.35,17.75,76596.0,1387217.0
2026-07-20,6645,金萬林-創,13.5,13.85,13.4,13.5,43650.0,590348.0
2026-07-20,6655,科定,120.0,120.0,117.5,119.0,14478.0,1713581.0
2026-07-20,6657,華安,33.95,35.0,33.95,34.5,191591.0,6621036.0
2026-07-20,6658,聯策,164.5,164.5,151.0,155.5,758157.0,117738423.0
2026-07-20,6666,羅麗芬-KY,45.4,45.4,44.2,44.7,62083.0,2776173.0
2026-07-20,6668,中揚光,35.2,35.25,33.05,34.15,411480.0,14006534.0
2026-07-20,6669,緯穎,4725.0,4845.0,4635.0,4685.0,1414812.0,6703381695.0
2026-07-20,6670,復盛應用,261.5,261.5,254.0,260.0,567008.0,146667367.0
2026-07-20,6671,三能-KY,24.0,24.1,23.95,24.0,75010.0,1800696.0
2026-07-20,6672,騰輝電子-KY,235.0,235.0,217.0,221.5,3652578.0,815080309.0
2026-07-20,6674,鋐寶科技,16.2,16.25,15.9,16.1,21030.0,339236.0
2026-07-20,6689,伊雲谷,60.9,61.3,59.5,60.2,176675.0,10675293.0
2026-07-20,6691,洋基工程,708.0,716.0,685.0,693.0,803487.0,561357635.0
2026-07-20,6695,芯鼎,51.7,54.0,49.5,52.3,1233677.0,64299347.0
2026-07-20,6698,旭暉應材,36.0,36.0,33.85,34.5,383501.0,13258169.0
2026-07-20,6706,惠特,112.5,112.5,102.0,107.0,1903268.0,203493482.0
2026-07-20,6715,嘉基,391.0,399.0,361.5,375.0,760504.0,289767559.0
2026-07-20,6719,力智,225.0,227.0,210.0,218.0,1645750.0,359586634.0
2026-07-20,6722,輝創,33.8,33.9,33.0,33.85,65837.0,2207731.0
2026-07-20,6742,澤米,46.4,46.4,43.1,44.15,796805.0,35411126.0
2026-07-20,6743,安普新,30.25,30.25,29.6,29.65,230333.0,6884042.0
2026-07-20,6753,龍德造船,138.0,147.5,135.0,139.5,3641082.0,515267307.0
2026-07-20,6754,匯僑設計,43.4,43.4,42.1,42.1,18260.0,781844.0
2026-07-20,6756,威鋒電子,91.7,94.2,88.3,92.2,164974.0,14970842.0
2026-07-20,6757,台灣虎航,56.7,57.3,55.4,57.3,1300553.0,73264840.0
2026-07-20,6768,志強-KY,71.0,71.6,69.2,70.1,537205.0,37594734.0
2026-07-20,6770,力積電,68.3,68.3,62.2,63.0,179760556.0,11583911314.0
2026-07-20,6771,平和環保-創,38.75,38.75,38.4,38.7,9504.0,366705.0
2026-07-20,6776,展碁國際,53.9,54.4,52.3,53.8,176252.0,9402995.0
2026-07-20,6781,AES-KY,970.0,975.0,894.0,926.0,1060540.0,986320682.0
2026-07-20,6782,視陽,196.5,197.0,192.5,195.5,276292.0,53933502.0
2026-07-20,6789,采鈺,475.0,475.0,433.0,459.0,2542540.0,1158712597.0
2026-07-20,6790,永豐實,39.05,39.25,38.75,39.1,253323.0,9876033.0
2026-07-20,6792,詠業,53.7,53.7,51.5,52.5,84634.0,4434459.0
2026-07-20,6794,向榮生技,77.0,78.4,76.8,76.8,18423.0,1426430.0
2026-07-20,6796,晉弘,58.3,58.3,56.7,57.6,20088.0,1150222.0
2026-07-20,6799,來頡,82.1,83.0,78.0,81.4,685517.0,54897107.0
2026-07-20,6805,富世達,1370.0,1370.0,1270.0,1305.0,746098.0,979925600.0
2026-07-20,6807,峰源-KY,34.35,34.35,33.45,33.8,13034.0,440361.0
2026-07-20,6830,汎銓,360.0,361.5,330.5,343.0,1382301.0,472479470.0
2026-07-20,6831,邁科,620.0,622.0,551.0,551.0,447301.0,250504097.0
2026-07-20,6834,天二科技,94.4,97.3,86.8,94.6,3994472.0,367250607.0
2026-07-20,6835,圓裕,32.1,32.1,31.0,31.35,47253.0,1485006.0
2026-07-20,6838,台新藥,23.15,23.7,22.85,23.45,144951.0,3373758.0
2026-07-20,6854,錼創科技-KY創,104.0,104.5,98.0,100.5,501853.0,50421712.0
2026-07-20,6861,睿生光電,222.5,224.0,204.5,215.5,746212.0,160603556.0
2026-07-20,6862,三集瑞-KY,153.0,153.0,139.0,143.0,744235.0,107260449.0
2026-07-20,6863,永道-KY,101.0,104.0,99.1,99.8,195523.0,19747363.0
2026-07-20,6869,雲豹能源,66.2,70.7,66.2,67.4,951808.0,65127868.0
2026-07-20,6873,泓德能源,83.0,85.8,82.0,82.5,404453.0,33773688.0
2026-07-20,6885,全福生技,21.2,21.2,20.7,21.0,316713.0,6629905.0
2026-07-20,6887,寶綠特-KY,37.5,37.5,35.0,35.85,84137.0,3030685.0
2026-07-20,6890,來億-KY,175.0,176.5,167.5,171.0,308716.0,52927200.0
2026-07-20,6901,鑽石投資,18.2,18.35,17.65,17.7,2964669.0,53122581.0
2026-07-20,6902,GOGOLOOK,126.0,126.0,120.0,120.5,87721.0,10682628.0
2026-07-20,6906,現觀科,69.8,70.4,68.3,70.0,46389.0,3235468.0
2026-07-20,6908,宏碁遊戲-創,36.75,36.75,35.0,36.75,15049.0,538111.0
2026-07-20,6909,創控,43.8,45.05,41.55,42.55,505594.0,21688310.0
2026-07-20,6914,阜爾運通,145.0,146.0,144.0,145.5,95863.0,13894468.0
2026-07-20,6916,華凌,19.85,20.8,19.45,19.6,94188.0,1892923.0
2026-07-20,6918,愛派司,73.0,73.0,71.6,71.8,29046.0,2090325.0
2026-07-20,6919,康霈*,106.0,111.0,104.5,106.5,6411660.0,687247192.0
2026-07-20,6921,嘉雨思-創,64.8,64.8,60.1,63.0,29015.0,1799078.0
2026-07-20,6923,中台,77.4,77.5,76.7,77.2,99592.0,7674751.0
2026-07-20,6924,榮惠-KY創,111.0,111.5,102.0,104.5,60470.0,6352177.0
2026-07-20,6928,攸泰科技,49.6,54.0,49.6,54.0,709002.0,37178250.0
2026-07-20,6931,青松健康,40.7,40.7,38.8,39.2,36546.0,1433665.0
2026-07-20,6933,AMAX-KY,156.0,167.5,146.0,163.5,344742.0,54642193.0
2026-07-20,6934,心誠鎂,78.0,79.5,73.8,79.5,34051.0,2602575.0
2026-07-20,6936,永鴻生技,32.05,32.1,31.7,31.8,29993.0,955489.0
2026-07-20,6937,天虹,267.5,277.0,258.5,266.5,452163.0,120935834.0
2026-07-20,6944,兆聯實業,992.0,997.0,940.0,960.0,486998.0,469152160.0
2026-07-20,6949,沛爾生醫-創,1030.0,1030.0,933.0,991.0,265584.0,261615423.0
2026-07-20,6951,青新-創,71.6,72.2,71.3,71.7,66284.0,4743902.0
2026-07-20,6952,大武山,35.85,35.85,34.6,35.8,35414.0,1246409.0
2026-07-20,6955,邦睿生技-創,112.0,112.5,112.0,112.5,3001.0,337113.0
2026-07-20,6957,裕慶-KY,248.5,252.0,243.0,249.5,285829.0,70924517.0
2026-07-20,6958,日盛台駿,18.25,19.15,18.2,18.55,218914.0,4095800.0
2026-07-20,6962,奕力-KY,32.4,32.85,31.6,32.5,2458023.0,79324393.0
2026-07-20,6965,中傑-KY,80.0,80.0,78.4,79.2,88371.0,7041180.0
2026-07-20,6969,成信實業*-創,26.4,26.4,26.35,26.4,1630161.0,43036199.0
2026-07-20,6988,威力暘-創,12.95,13.35,12.95,13.1,15000.0,195700.0
2026-07-20,6994,富威電力,39.55,40.65,39.2,40.3,493628.0,19770527.0
2026-07-20,7610,聯友金屬-創,2410.0,2410.0,2170.0,2170.0,623678.0,1395227940.0
2026-07-20,7631,聚賢研發-創,139.0,139.5,136.5,138.5,38076.0,5253957.0
2026-07-20,7705,三商餐飲,31.1,31.1,30.3,30.45,27577.0,841481.0
2026-07-20,7711,永擎,298.5,306.0,281.5,298.0,348232.0,101704882.0
2026-07-20,7721,微程式,61.0,63.1,60.5,61.0,114218.0,7016654.0
2026-07-20,7722,LINEPAY,309.5,309.5,292.0,307.5,100151.0,30109797.0
2026-07-20,7730,暉盛-創,167.5,172.0,162.0,166.0,85425.0,14162957.0
2026-07-20,7732,金興精密,35.95,35.95,35.25,35.75,19000.0,676100.0
2026-07-20,7736,虎山,71.4,71.4,70.2,70.3,41086.0,2899483.0
2026-07-20,7740,熙特爾-創,154.0,159.5,152.5,159.5,184522.0,28912540.0
2026-07-20,7749,意騰-KY,366.0,370.5,348.0,353.0,185868.0,66633156.0
2026-07-20,7750,新代,1850.0,1985.0,1795.0,1950.0,350754.0,663151320.0
2026-07-20,7760,享溫馨,34.0,34.7,33.8,34.5,79034.0,2711771.0
2026-07-20,7765,中華資安,223.5,232.0,222.5,230.0,100897.0,23047318.0
2026-07-20,7768,頌勝科技,302.5,302.5,277.0,298.0,156098.0,46058843.0
2026-07-20,7769,鴻勁,6055.0,6160.0,5715.0,6005.0,770274.0,4570466425.0
2026-07-20,7780,大研生醫*,17.3,17.45,17.15,17.3,1116579.0,19266205.0
2026-07-20,7786,東方風能,131.0,131.0,126.0,129.0,171777.0,21913008.0
2026-07-20,7788,松川精密,235.0,240.0,220.0,233.0,1965298.0,449556272.0
2026-07-20,7791,皇家可口,63.8,63.8,61.1,62.3,43199.0,2704113.0
2026-07-20,7795,長廣,467.0,471.0,456.5,456.5,394398.0,180969490.0
2026-07-20,7799,禾榮科,417.5,430.0,406.0,420.5,623294.0,259935027.0
2026-07-20,7803,雲象科技-創,21.15,21.25,20.5,21.25,98016.0,2058536.0
2026-07-20,7818,溢泰實業,68.7,69.0,67.3,68.6,144951.0,9896438.0
2026-07-20,7821,神數,40.9,40.9,39.9,40.35,120804.0,4872005.0
2026-07-20,7822,倍利科,903.0,903.0,827.0,860.0,135316.0,116062776.0
2026-07-20,7823,奧義賽博-KY創,84.0,84.0,83.0,84.0,21600.0,1803598.0
2026-07-20,7827,漢康-KY創,161.0,161.0,152.0,154.5,282591.0,43702631.0
2026-07-20,8011,台通,16.45,17.0,16.1,16.85,1093208.0,18131164.0
2026-07-20,8016,矽創,286.0,287.0,267.5,274.0,1585791.0,436259507.0
2026-07-20,8021,尖點,416.0,422.0,409.5,409.5,3805600.0,1563050584.0
2026-07-20,8028,昇陽半導體,317.0,317.0,293.5,300.0,9537577.0,2897811412.0
2026-07-20,8033,雷虎,219.0,237.0,203.0,204.5,27186589.0,5921446203.0
2026-07-20,8039,台虹,199.5,202.0,178.0,193.0,54015044.0,10408964427.0
2026-07-20,8045,達運光電,58.5,61.3,58.5,61.3,351456.0,21453045.0
2026-07-20,8046,南電,1130.0,1165.0,1090.0,1105.0,18077328.0,20383430745.0
2026-07-20,8070,長華*,48.9,49.0,45.75,46.7,3402175.0,159664234.0
2026-07-20,8072,陞泰,27.4,27.4,26.4,26.75,310294.0,8303097.0
2026-07-20,8081,致新,242.0,242.0,229.0,233.5,1091164.0,256109722.0
2026-07-20,8101,華冠,13.4,13.4,13.4,13.4,1542.0,20209.0
2026-07-20,8103,瀚荃,79.2,80.4,75.0,76.5,1319357.0,102441937.0
2026-07-20,8104,錸寶,34.35,34.45,32.7,33.45,450814.0,15137847.0
2026-07-20,8105,凌巨,16.65,16.65,15.6,16.05,4660148.0,74859806.0
2026-07-20,8110,華東,43.8,44.0,40.2,41.15,5306636.0,220857323.0
2026-07-20,8112,至上,82.6,83.3,80.1,80.9,8702716.0,709034787.0
2026-07-20,8114,振樺電,186.5,188.5,177.5,183.0,496857.0,90852490.0
2026-07-20,8131,福懋科,68.8,69.4,63.2,67.2,5916702.0,395490973.0
2026-07-20,8150,南茂,108.0,108.0,100.0,103.0,49833726.0,5180565968.0
2026-07-20,8162,微矽電子-創,65.0,65.3,59.4,61.0,672611.0,41162515.0
2026-07-20,8163,達方,33.3,33.3,31.25,32.5,1246416.0,39995965.0
2026-07-20,8201,無敵,12.4,12.5,12.15,12.4,43000.0,528350.0
2026-07-20,8210,勤誠,1110.0,1125.0,1040.0,1080.0,1071746.0,1164300920.0
2026-07-20,8213,志超,32.0,32.2,30.6,30.9,1067198.0,33158094.0
2026-07-20,8215,明基材,25.3,25.55,23.8,24.45,1234542.0,30334565.0
2026-07-20,8222,寶一,37.8,40.6,37.0,37.8,2630166.0,101760392.0
2026-07-20,8249,菱光,44.6,44.65,43.45,43.65,320296.0,14078304.0
2026-07-20,8261,富鼎,251.0,251.0,226.0,229.0,2908393.0,674029471.0
2026-07-20,8271,宇瞻,191.0,192.5,175.5,184.0,3821743.0,700449608.0
2026-07-20,8341,日友,76.8,76.8,75.5,75.9,215695.0,16408409.0
2026-07-20,8367,建新國際,40.3,41.3,40.3,40.7,26061.0,1059104.0
2026-07-20,8374,羅昇,75.1,78.6,73.4,75.8,368453.0,28051062.0
2026-07-20,8404,百和興業-KY,17.2,17.25,16.85,16.9,253504.0,4316830.0
2026-07-20,8411,福貞-KY,12.6,12.6,12.4,12.6,66734.0,837015.0
2026-07-20,8422,可寧衛*,26.0,26.25,25.3,25.8,7661803.0,197533941.0
2026-07-20,8429,金麗-KY,6.23,6.23,6.05,6.08,212283.0,1301267.0
2026-07-20,8438,昶昕,77.7,81.9,69.8,71.1,2210055.0,157769345.0
2026-07-20,8442,威宏-KY,45.35,45.8,44.5,44.85,82450.0,3716430.0
2026-07-20,8443,阿瘦,11.45,11.45,11.25,11.4,8593.0,97741.0
2026-07-20,8454,富邦媒,262.0,263.0,252.0,253.5,795106.0,203016304.0
2026-07-20,8462,柏文,158.5,159.0,155.0,155.5,124622.0,19476609.0
2026-07-20,8463,潤泰材,21.55,21.55,21.2,21.3,75047.0,1603257.0
2026-07-20,8464,億豐,366.0,366.0,356.5,360.0,979367.0,355249039.0
2026-07-20,8466,美吉吉-KY,17.15,17.35,16.9,17.0,102300.0,1750345.0
2026-07-20,8467,波力-KY,101.5,104.0,98.5,102.0,40141.0,4023145.0
2026-07-20,8473,山林水,44.75,44.75,42.75,43.6,669455.0,29063565.0
2026-07-20,8476,台境*,24.0,24.75,23.35,24.35,1245845.0,30069896.0
2026-07-20,8478,東哥遊艇,152.5,153.5,149.5,151.0,163067.0,24614084.0
2026-07-20,8481,政伸,39.5,39.95,39.1,39.9,82180.0,3245466.0
2026-07-20,8482,商億-KY,49.7,49.7,48.7,48.75,16757.0,820478.0
2026-07-20,8487,愛爾達-創,75.7,76.5,73.2,75.1,50667.0,3785949.0
2026-07-20,8488,吉源-KY,10.35,10.35,10.2,10.25,6200.0,63750.0
2026-07-20,8499,鼎炫-KY,277.0,280.5,267.0,269.0,69993.0,18886374.0
2026-07-20,8926,台汽電,66.2,66.5,63.4,64.0,4580110.0,294576542.0
2026-07-20,8940,新天地,16.05,16.3,16.0,16.0,76416.0,1228534.0
2026-07-20,8996,高力,932.0,997.0,914.0,971.0,3790952.0,3576567028.0
2026-07-20,9103,美德醫療-DR,5.4,5.59,5.17,5.18,3850425.0,20661072.0
2026-07-20,9105,泰金寶-DR,8.39,8.51,7.91,8.43,33356885.0,274105439.0
2026-07-20,9110,越南控-DR,2.83,3.12,2.83,3.11,13000.0,39970.0
2026-07-20,9136,巨騰-DR,12.2,12.35,11.3,11.6,345767.0,4100292.0
2026-07-20,9802,鈺齊-KY,74.6,74.8,72.8,74.2,626659.0,46155487.0
2026-07-20,9902,台火,13.65,13.8,13.5,13.5,102043.0,1390102.0
2026-07-20,9904,寶成,24.85,24.95,24.35,24.35,24005216.0,587565340.0
2026-07-20,9905,大華,20.8,20.8,20.55,20.6,118041.0,2441762.0
2026-07-20,9906,欣巴巴,41.05,41.6,39.5,39.5,73257.0,2988824.0
2026-07-20,9907,統一實,15.2,15.3,14.9,15.1,4953487.0,74642684.0
2026-07-20,9908,大台北,29.25,29.6,29.0,29.1,486821.0,14263906.0
2026-07-20,9910,豐泰,68.9,71.0,67.7,68.2,2677168.0,184244138.0
2026-07-20,9911,櫻花,84.5,84.5,82.6,83.2,399684.0,33249868.0
2026-07-20,9912,偉聯,12.6,12.8,12.6,12.6,30587.0,386037.0
2026-07-20,9914,美利達,83.8,88.0,76.8,79.8,10242270.0,836561892.0
2026-07-20,9917,中保科,109.5,111.5,109.0,109.0,1930614.0,212590516.0
2026-07-20,9918,欣天然,46.5,46.5,43.6,43.8,58505.0,2599975.0
2026-07-20,9919,康那香,14.15,14.55,13.75,13.75,1601360.0,22654811.0
2026-07-20,9921,巨大,86.0,92.0,82.2,83.9,6273365.0,537720068.0
2026-07-20,9924,福興,40.6,40.75,40.3,40.45,113592.0,4601890.0
2026-07-20,9925,新保,41.35,41.5,41.1,41.35,559697.0,23149139.0
2026-07-20,9926,新海,51.5,51.5,50.2,50.8,56445.0,2869890.0
2026-07-20,9927,泰銘,69.1,69.4,68.5,68.6,81117.0,5587856.0
2026-07-20,9928,中視,17.75,18.0,17.7,17.7,37837.0,672861.0
2026-07-20,9929,秋雨,11.45,11.6,11.1,11.15,36309.0,416952.0
2026-07-20,9930,中聯資源,63.7,64.0,63.3,63.4,200033.0,12713240.0
2026-07-20,9931,欣高,33.9,34.45,33.8,33.8,89717.0,3054975.0
2026-07-20,9933,中鼎,39.45,39.8,38.55,39.45,2813934.0,109990277.0
2026-07-20,9934,成霖,10.75,10.95,10.6,10.85,1726457.0,18647384.0
2026-07-20,9935,慶豐富,18.65,19.0,18.5,18.8,485002.0,9102126.0
2026-07-20,9937,全國,57.1,57.1,55.7,55.9,84982.0,4776590.0
2026-07-20,9938,百和,46.1,46.75,45.4,46.65,1863660.0,86134550.0
2026-07-20,9939,宏全,125.5,129.0,124.0,128.5,2573572.0,326547594.0
2026-07-20,9940,信義,20.35,20.55,20.1,20.5,944184.0,19278025.0
2026-07-20,9941,裕融,83.2,83.5,81.6,82.6,1006920.0,82998051.0
2026-07-20,9942,茂順,124.0,124.0,122.5,123.5,138163.0,17017079.0
2026-07-20,9943,好樂迪,53.2,53.2,52.7,52.8,60483.0,3196815.0
2026-07-20,9944,新麗,17.95,18.05,17.9,18.0,70436.0,1264148.0
2026-07-20,9945,潤泰新,26.7,26.9,26.2,26.4,5071157.0,134131467.0
2026-07-20,9946,三發地產,18.4,18.4,17.9,18.15,413054.0,7475780.0
2026-07-20,9955,佳龍,24.05,24.3,23.4,23.9,248269.0,5935840.0
2026-07-20,9958,世紀鋼,113.0,114.0,108.5,113.0,1335871.0,149401601.0
2026-07-20,_TAIEX,加權指數,42449.7,42449.7,42449.7,42449.7,0,0
2026-07-21,0050,元大台灣50,100.0,102.5,99.85,102.5,95733411.0,9713623408.0
2026-07-21,0051,元大中型100,136.25,138.3,135.85,138.3,64241.0,8771453.0
2026-07-21,0052,富邦科技,58.3,60.3,58.3,60.3,30090838.0,1792142926.0
2026-07-21,0053,元大電子,226.9,230.75,226.9,230.75,55412.0,12676552.0
2026-07-21,0055,元大MSCI金融,41.52,42.25,41.52,42.05,170921.0,7181241.0
2026-07-21,0056,元大高股息,49.41,49.7,48.71,49.55,59195074.0,2915524689.0
2026-07-21,0057,富邦摩台,302.0,305.7,302.0,305.7,8007.0,2420361.0
2026-07-21,0061,元大寶滬深,24.32,24.87,24.31,24.82,101281.0,2497270.0
2026-07-21,1101,台泥,24.0,24.2,23.75,24.05,18662158.0,448528016.0
2026-07-21,1102,亞泥,33.0,33.5,32.9,33.15,12025438.0,399260959.0
2026-07-21,1103,嘉泥,13.65,13.75,13.6,13.65,618531.0,8463013.0
2026-07-21,1104,環泥,26.75,27.0,26.6,26.9,393967.0,10571854.0
2026-07-21,1108,幸福,12.25,12.3,12.2,12.25,188212.0,2301573.0
2026-07-21,1109,信大,13.9,13.95,13.8,13.85,175479.0,2429209.0
2026-07-21,1110,東泥,16.0,16.15,15.85,16.05,143407.0,2300394.0
2026-07-21,1201,味全,12.6,12.75,12.6,12.7,325939.0,4143087.0
2026-07-21,1203,味王,47.9,47.9,46.7,47.35,25400.0,1197636.0
2026-07-21,1210,大成,57.7,58.1,57.4,57.5,1257050.0,72631333.0
2026-07-21,1213,大飲,7.24,7.36,7.24,7.3,12037.0,87557.0
2026-07-21,1215,卜蜂,109.5,111.0,109.0,110.5,574724.0,63293990.0
2026-07-21,1216,統一,79.9,80.3,79.2,79.6,22149684.0,1766962819.0
2026-07-21,1217,愛之味,9.95,10.05,9.95,10.0,242904.0,2425823.0
2026-07-21,1218,泰山,16.35,16.4,16.2,16.3,825225.0,13456469.0
2026-07-21,1219,福壽,11.75,11.75,11.5,11.7,724497.0,8412722.0
2026-07-21,1220,台榮,11.45,11.45,11.35,11.35,31007.0,353207.0
2026-07-21,1225,福懋油,27.1,27.15,26.85,26.9,46548.0,1253534.0
2026-07-21,1227,佳格,30.15,30.3,30.1,30.2,1234802.0,37316554.0
2026-07-21,1229,聯華,40.1,41.6,40.1,40.65,3062166.0,124724941.0
2026-07-21,1231,聯華食,90.6,93.0,90.6,92.2,392403.0,36186262.0
2026-07-21,1232,大統益,162.0,166.0,161.0,163.0,514936.0,83866790.0
2026-07-21,1233,天仁,29.1,29.1,28.9,28.9,15554.0,450608.0
2026-07-21,1234,黑松,33.95,33.95,33.8,33.8,91904.0,3111334.0
2026-07-21,1235,興泰,37.4,37.7,36.85,37.2,9010.0,335028.0
2026-07-21,1236,宏亞,23.2,24.35,23.2,23.7,21417.0,507178.0
2026-07-21,1256,鮮活果汁-KY,189.0,189.0,185.0,185.0,77202.0,14350445.0
2026-07-21,1301,台塑,61.3,63.7,60.6,63.0,60422391.0,3756423763.0
2026-07-21,1303,南亞,194.0,201.0,185.0,195.5,122062431.0,23606119280.0
2026-07-21,1304,台聚,12.95,13.2,12.95,13.0,4346464.0,56627198.0
2026-07-21,1305,華夏,12.4,12.65,12.4,12.45,1260352.0,15756720.0
2026-07-21,1307,三芳,31.5,32.35,31.5,32.35,454643.0,14581157.0
2026-07-21,1308,亞聚,14.25,14.35,14.15,14.2,1192131.0,16977527.0
2026-07-21,1309,台達化,14.55,14.9,14.3,14.6,2301407.0,33620256.0
2026-07-21,1310,台苯,9.82,10.15,9.82,9.96,3657054.0,36483671.0
2026-07-21,1312,國喬,12.95,13.5,12.9,13.25,11667278.0,154885024.0
2026-07-21,1313,聯成,11.85,12.05,11.85,11.95,2451930.0,29284482.0
2026-07-21,1314,中石化,8.31,8.58,8.31,8.45,35190017.0,298511754.0
2026-07-21,1315,達新,64.7,64.7,64.0,64.5,16534.0,1064386.0
2026-07-21,1316,上曜,10.2,10.35,10.2,10.3,1018952.0,10467172.0
2026-07-21,1319,東陽,72.6,73.6,72.6,73.6,2860518.0,208881260.0
2026-07-21,1321,大洋,32.05,32.25,31.9,32.1,118485.0,3798210.0
2026-07-21,1323,永裕,20.0,20.2,19.75,19.9,122912.0,2448141.0
2026-07-21,1324,地球,10.2,10.3,10.2,10.25,40309.0,412222.0
2026-07-21,1325,恆大,25.25,25.6,25.25,25.5,182400.0,4640913.0
2026-07-21,1326,台化,65.0,70.4,64.8,68.6,74799490.0,5086559582.0
2026-07-21,1337,再生-KY,4.95,4.95,4.85,4.88,199283.0,973570.0
2026-07-21,1338,廣華-KY,16.15,16.2,16.0,16.2,83280.0,1343077.0
2026-07-21,1339,昭輝,44.85,45.3,44.85,45.15,85821.0,3869166.0
2026-07-21,1340,勝悅-KY,5.25,5.25,5.17,5.19,149757.0,778090.0
2026-07-21,1341,富林-KY,59.0,59.0,59.0,59.0,2001.0,118058.0
2026-07-21,1342,八貫,109.5,114.0,109.5,112.0,356589.0,40005924.0
2026-07-21,1402,遠東新,27.55,27.85,27.35,27.35,18716985.0,514646161.0
2026-07-21,1409,新纖,24.0,24.2,23.7,24.1,11064215.0,264760855.0
2026-07-21,1410,南染,27.5,28.25,26.5,26.95,544755.0,14979344.0
2026-07-21,1413,宏洲,9.46,9.46,9.46,9.46,1071.0,10097.0
2026-07-21,1414,東和,19.0,19.0,18.45,18.6,137733.0,2564369.0
2026-07-21,1416,廣豐,11.0,11.1,11.0,11.05,104005.0,1145223.0
2026-07-21,1417,嘉裕,8.7,8.76,8.67,8.74,146098.0,1274060.0
2026-07-21,1418,東華,18.45,18.55,18.2,18.2,45019.0,821594.0
2026-07-21,1419,新紡,67.2,67.3,66.5,66.9,38549.0,2573229.0
2026-07-21,1423,利華,36.65,36.65,36.4,36.4,53712.0,1961418.0
2026-07-21,1432,大魯閣,15.0,15.15,15.0,15.05,98703.0,1489954.0
2026-07-21,1434,福懋,18.85,19.35,18.8,19.0,8451307.0,157452992.0
2026-07-21,1435,中福,20.3,20.3,18.65,18.7,61134.0,1169654.0
2026-07-21,1436,華友聯,44.65,45.05,44.5,44.75,3551027.0,158842108.0
2026-07-21,1437,勤益控,31.0,31.2,30.7,31.2,289721.0,8998294.0
2026-07-21,1438,三地開發,21.5,22.5,21.2,22.25,85220.0,1869820.0
2026-07-21,1439,雋揚,26.35,26.35,25.95,26.25,36001.0,939975.0
2026-07-21,1440,南紡,12.75,13.05,12.75,13.0,1028909.0,13327708.0
2026-07-21,1441,大東,8.99,9.1,8.85,9.1,27678.0,250336.0
2026-07-21,1442,名軒,29.75,30.3,29.7,30.05,555502.0,16700226.0
2026-07-21,1443,立益物流,26.45,26.9,26.25,26.9,7016.0,185123.0
2026-07-21,1444,力麗,8.11,8.14,7.92,8.09,1851103.0,14920043.0
2026-07-21,1445,大宇,11.3,11.3,11.0,11.2,154281.0,1715767.0
2026-07-21,1446,宏和,13.95,14.15,13.95,14.05,112225.0,1579032.0
2026-07-21,1447,力鵬,7.72,7.73,7.33,7.65,5973090.0,45224989.0
2026-07-21,1449,佳和,12.7,12.9,12.6,12.8,374239.0,4761714.0
2026-07-21,1451,年興,17.3,17.5,17.25,17.5,155837.0,2704862.0
2026-07-21,1452,宏益,11.85,11.85,11.4,11.55,75172.0,866964.0
2026-07-21,1453,大將,11.2,11.25,11.15,11.2,78549.0,880449.0
2026-07-21,1454,台富,12.95,12.95,12.9,12.9,11456.0,147752.0
2026-07-21,1455,集盛,9.16,9.36,9.09,9.23,557730.0,5143803.0
2026-07-21,1456,怡華,13.55,14.15,13.55,14.0,72196.0,1008903.0
2026-07-21,1457,宜進,14.2,14.3,14.2,14.3,90120.0,1286852.0
2026-07-21,1459,聯發,11.7,11.9,11.7,11.85,187509.0,2216060.0
2026-07-21,1460,宏遠,6.99,7.01,6.94,7.0,400732.0,2792276.0
2026-07-21,1463,強盛新,17.7,18.1,17.7,18.1,195247.0,3493795.0
2026-07-21,1464,得力,10.5,10.65,10.4,10.5,349041.0,3679712.0
2026-07-21,1465,偉全,12.9,13.1,12.9,13.0,68792.0,891524.0
2026-07-21,1466,聚隆,17.3,18.75,17.25,18.15,2181333.0,39807553.0
2026-07-21,1467,南緯,10.5,10.5,10.5,10.5,1156774.0,12146110.0
2026-07-21,1468,昶和,14.8,14.95,13.55,14.1,132516.0,1876110.0
2026-07-21,1470,大統新創,23.0,23.0,22.65,22.95,5054.0,115719.0
2026-07-21,1471,首利,9.99,10.1,9.9,10.0,227170.0,2272125.0
2026-07-21,1472,三洋實業,87.5,89.5,87.5,88.4,44000.0,3910000.0
2026-07-21,1473,台南,20.2,20.4,20.2,20.4,47191.0,957085.0
2026-07-21,1474,弘裕,10.5,10.6,10.45,10.5,66279.0,696501.0
2026-07-21,1475,業旺,26.8,27.0,26.5,26.8,38180.0,1019856.0
2026-07-21,1476,儒鴻,338.0,347.5,335.5,343.5,2440300.0,840233699.0
2026-07-21,1477,聚陽,217.0,219.5,214.5,218.0,1196813.0,260598789.0
2026-07-21,1503,士電,200.0,207.5,200.0,207.5,1678567.0,342289795.0
2026-07-21,1504,東元,66.3,67.5,66.3,67.2,5568197.0,373468328.0
2026-07-21,1506,正道,10.8,11.0,10.7,10.85,285508.0,3096937.0
2026-07-21,1512,瑞利,6.73,6.84,6.62,6.68,19172.0,128226.0
2026-07-21,1513,中興電,160.0,164.0,160.0,162.5,3232666.0,524863061.0
2026-07-21,1514,亞力,105.5,108.0,104.5,107.5,2047642.0,217258214.0
2026-07-21,1515,力山,42.5,45.0,42.5,42.55,2816586.0,122589815.0
2026-07-21,1516,川飛,15.8,16.0,15.5,15.75,121280.0,1901474.0
2026-07-21,1517,利奇,11.9,12.25,11.45,11.5,1529708.0,17850750.0
2026-07-21,1519,華城,681.0,692.0,672.0,692.0,940637.0,642875611.0
2026-07-21,1521,大億,24.9,25.4,24.9,25.4,7158.0,179675.0
2026-07-21,1522,堤維西,28.7,28.9,28.7,28.7,563315.0,16200873.0
2026-07-21,1524,耿鼎,26.85,26.95,26.65,26.85,272756.0,7298236.0
2026-07-21,1525,江申,66.7,67.2,66.7,67.1,8284.0,554827.0
2026-07-21,1526,日馳,16.8,17.0,16.35,16.8,1066141.0,17766657.0
2026-07-21,1527,鑽全,33.8,33.9,33.65,33.8,111981.0,3783525.0
2026-07-21,1528,恩德,19.85,20.15,19.8,19.95,888272.0,17723779.0
2026-07-21,1529,樂事綠能,18.45,18.7,18.2,18.6,1612143.0,29784614.0
2026-07-21,1530,亞崴,29.75,30.3,29.75,30.2,50202.0,1512154.0
2026-07-21,1531,高林股,13.0,13.05,12.95,12.95,157773.0,2052252.0
2026-07-21,1532,勤美,23.3,23.4,23.2,23.2,347079.0,8082702.0
2026-07-21,1533,車王電,33.65,34.5,33.65,34.3,99378.0,3396826.0
2026-07-21,1535,中宇,47.4,47.4,46.3,46.6,249686.0,11647250.0
2026-07-21,1536,和大,49.45,50.7,49.25,50.5,1121399.0,56025753.0
2026-07-21,1537,廣隆,126.5,127.0,125.5,126.0,126308.0,15942818.0
2026-07-21,1538,正峰,0.0,0.0,0.0,0.0,1.0,9.0
2026-07-21,1539,巨庭,15.9,16.25,15.9,16.0,61020.0,981971.0
2026-07-21,1540,喬福,21.7,22.15,21.7,22.0,429636.0,9404177.0
2026-07-21,1541,錩泰,22.35,22.35,22.2,22.2,3110.0,69281.0
2026-07-21,1558,伸興,94.3,96.0,93.9,94.7,272172.0,25830032.0
2026-07-21,1560,中砂,662.0,686.0,647.0,676.0,1812046.0,1207670243.0
2026-07-21,1563,巧新,59.3,60.5,58.3,60.5,1303510.0,77427353.0
2026-07-21,1568,倉佑,29.1,29.65,28.9,29.25,474465.0,13886531.0
2026-07-21,1582,信錦,70.2,71.3,70.0,71.0,632417.0,44653924.0
2026-07-21,1583,程泰,50.1,50.1,50.1,50.1,1125.0,56267.0
2026-07-21,1587,吉茂,25.05,25.45,25.05,25.1,152522.0,3847859.0
2026-07-21,1590,亞德客-KY,1305.0,1370.0,1305.0,1360.0,998071.0,1350824290.0
2026-07-21,1597,直得,122.5,126.5,122.0,125.0,751155.0,92979301.0
2026-07-21,1598,岱宇,19.95,20.25,19.85,20.1,247514.0,4960806.0
2026-07-21,1603,華電,28.7,29.35,28.6,29.25,229596.0,6678096.0
2026-07-21,1604,聲寶,23.4,23.6,23.4,23.55,409185.0,9626233.0
2026-07-21,1605,華新,32.3,33.3,32.05,32.95,17261551.0,566312532.0
2026-07-21,1608,華榮,31.85,32.0,31.7,31.8,3567427.0,113704662.0
2026-07-21,1609,大亞,36.95,37.65,36.65,37.55,2585285.0,96615817.0
2026-07-21,1611,中電,12.15,12.3,12.15,12.25,271790.0,3329038.0
2026-07-21,1612,宏泰,31.3,31.8,31.15,31.5,1019963.0,32147077.0
2026-07-21,1614,三洋電,31.0,31.25,31.0,31.15,23659.0,736785.0
2026-07-21,1615,大山,43.4,43.4,42.45,43.1,438030.0,18775125.0
2026-07-21,1616,億泰,20.0,20.2,20.0,20.2,516900.0,10391309.0
2026-07-21,1617,榮星,19.0,20.0,18.6,19.25,1591585.0,30618615.0
2026-07-21,1618,合機,37.7,38.3,37.7,38.15,793424.0,30166832.0
2026-07-21,1623,大東電,221.5,223.0,219.5,222.0,105245.0,23251844.0
2026-07-21,1626,艾美特-KY,10.05,10.1,10.0,10.05,73894.0,742797.0
2026-07-21,1702,南僑,33.9,34.25,33.9,33.95,328089.0,11177216.0
2026-07-21,1707,葡萄王,92.7,93.5,91.4,91.4,529516.0,48771716.0
2026-07-21,1708,東鹼,52.7,53.5,51.9,53.3,3532903.0,186302818.0
2026-07-21,1709,和益,26.4,28.6,26.3,28.1,8793226.0,242764638.0
2026-07-21,1710,東聯,15.45,16.95,15.35,16.95,13437908.0,222213478.0
2026-07-21,1711,永光,37.3,37.95,36.8,37.7,3410586.0,127585473.0
2026-07-21,1712,興農,39.85,40.3,39.6,40.05,1152211.0,45974682.0
2026-07-21,1713,國化,47.8,48.05,47.75,47.75,109649.0,5250392.0
2026-07-21,1714,和桐,15.55,15.55,14.8,15.2,15506768.0,233172979.0
2026-07-21,1717,長興,62.5,63.9,62.3,63.2,7532077.0,475947213.0
2026-07-21,1718,中纖,12.8,13.2,12.8,13.2,10110369.0,132262710.0
2026-07-21,1720,生達,63.6,64.2,63.6,64.0,390908.0,24990055.0
2026-07-21,1721,三晃,20.9,20.9,20.5,20.55,814373.0,16820763.0
2026-07-21,1722,台肥,47.05,47.35,46.95,47.1,1784360.0,84075464.0
2026-07-21,1723,中碳,87.0,90.2,86.7,89.5,1144905.0,101803026.0
2026-07-21,1725,元禎,29.65,30.45,29.6,29.85,70685.0,2123359.0
2026-07-21,1726,永記,76.5,76.5,75.7,76.1,92654.0,7047694.0
2026-07-21,1727,中華化,78.2,81.6,77.8,81.3,1738910.0,138144894.0
2026-07-21,1730,花仙子,51.4,51.4,51.2,51.2,30552.0,1564887.0
2026-07-21,1731,美吾華,20.65,20.7,20.6,20.7,82225.0,1697451.0
2026-07-21,1732,毛寶,26.5,26.65,26.35,26.6,81118.0,2151779.0
2026-07-21,1733,五鼎,31.85,32.6,31.85,31.95,226736.0,7298122.0
2026-07-21,1734,杏輝,32.35,32.95,32.35,32.7,387269.0,12671679.0
2026-07-21,1735,日勝化,20.15,20.2,19.85,20.0,129369.0,2592994.0
2026-07-21,1736,喬山,132.5,142.5,132.5,141.5,1556540.0,217178630.0
2026-07-21,1737,臺鹽,31.9,32.05,31.9,32.0,62260.0,1991329.0
2026-07-21,1752,南光,31.5,31.7,31.35,31.6,43001.0,1355032.0
2026-07-21,1760,寶齡富錦,62.5,63.0,61.5,61.5,188590.0,11711391.0
2026-07-21,1762,中化生,34.75,35.4,34.75,35.05,132127.0,4627084.0
2026-07-21,1773,勝一,169.0,171.0,167.0,169.5,537147.0,90776713.0
2026-07-21,1776,展宇,18.0,18.0,17.7,17.9,65834.0,1172874.0
2026-07-21,1783,和康生,40.3,40.3,40.0,40.15,35315.0,1418503.0
2026-07-21,1786,科妍,50.3,51.4,50.3,50.8,86007.0,4371384.0
2026-07-21,1789,神隆,20.15,20.25,19.9,20.05,437831.0,8768352.0
2026-07-21,1795,美時,191.5,193.5,190.0,190.5,969543.0,185154693.0
2026-07-21,1802,台玻,54.8,54.8,53.5,54.1,15206989.0,821673834.0
2026-07-21,1805,寶徠,10.1,10.15,10.05,10.15,25100.0,254055.0
2026-07-21,1806,冠軍,8.29,8.34,8.25,8.3,263570.0,2189320.0
2026-07-21,1808,潤隆,31.95,32.35,31.9,32.1,812361.0,26060000.0
2026-07-21,1809,中釉,38.9,39.45,38.65,39.0,1084544.0,42237258.0
2026-07-21,1810,和成,28.0,31.05,27.75,31.05,32703288.0,989864091.0
2026-07-21,1817,凱撒衛,38.55,38.7,38.55,38.7,29100.0,1124555.0
2026-07-21,1903,士紙,49.05,50.1,48.9,49.3,109080.0,5407379.0
2026-07-21,1904,正隆,21.35,21.7,21.35,21.5,994046.0,21421529.0
2026-07-21,1905,華紙,13.95,14.2,13.95,14.15,1802122.0,25373153.0
2026-07-21,1906,寶隆,10.9,11.15,10.9,11.1,69920.0,770445.0
2026-07-21,1907,永豐餘,27.75,28.25,27.75,28.2,743599.0,20887449.0
2026-07-21,1909,榮成,9.81,10.25,9.81,10.15,2622860.0,26446531.0
2026-07-21,2002,中鋼,18.6,18.9,18.6,18.8,31409373.0,590389569.0
2026-07-21,2006,東和鋼鐵,70.0,71.8,70.0,71.5,3384280.0,241463383.0
2026-07-21,2007,燁興,7.18,7.19,7.13,7.18,131224.0,939290.0
2026-07-21,2008,高興昌,30.45,31.0,30.45,30.95,10635.0,326552.0
2026-07-21,2009,第一銅,36.3,37.05,36.25,36.9,708353.0,26047629.0
2026-07-21,2010,春源,20.9,21.25,20.9,21.1,808870.0,17064315.0
2026-07-21,2012,春雨,15.85,15.85,15.5,15.8,14801.0,231898.0
2026-07-21,2013,中鋼構,41.1,41.5,41.1,41.25,68773.0,2843105.0
2026-07-21,2014,中鴻,17.05,17.1,16.8,16.95,2943047.0,49950246.0
2026-07-21,2015,豐興,63.9,64.2,63.6,64.0,148268.0,9473634.0
2026-07-21,2017,官田鋼,8.82,9.0,8.82,8.91,329931.0,2944003.0
2026-07-21,2020,美亞,21.0,21.4,21.0,21.2,217989.0,4633309.0
2026-07-21,2022,聚亨,7.66,7.73,7.63,7.73,457189.0,3512399.0
2026-07-21,2023,燁輝,13.85,14.05,13.75,13.75,1226906.0,17011597.0
2026-07-21,2024,志聯,13.75,13.95,13.75,13.95,3007.0,41543.0
2026-07-21,2025,千興,11.4,11.45,11.3,11.45,68514.0,781303.0
2026-07-21,2027,大成鋼,40.5,41.3,40.5,41.15,10093057.0,413754707.0
2026-07-21,2028,威致,15.65,15.75,15.55,15.75,29852.0,466991.0
2026-07-21,2029,盛餘,20.55,20.85,20.55,20.75,266138.0,5371109.0
2026-07-21,2030,彰源,17.35,17.35,17.2,17.3,430553.0,7449564.0
2026-07-21,2031,新光鋼,39.25,39.65,39.25,39.3,417240.0,16475201.0
2026-07-21,2032,新鋼,15.6,15.9,15.6,15.9,158770.0,2509426.0
2026-07-21,2033,佳大,14.75,15.15,14.75,15.15,82134.0,1225746.0
2026-07-21,2034,允強,19.35,19.6,19.35,19.55,483682.0,9432526.0
2026-07-21,2038,海光,12.6,12.8,12.55,12.65,140886.0,1781228.0
2026-07-21,2049,上銀,303.0,309.0,299.0,305.0,1758238.0,534587404.0
2026-07-21,2059,川湖,7700.0,7975.0,7380.0,7975.0,1055807.0,8109519140.0
2026-07-21,2062,橋椿,18.9,19.1,18.9,18.95,97315.0,1847557.0
2026-07-21,2069,運錩,18.65,18.9,18.6,18.75,155064.0,2906204.0
2026-07-21,2072,世紀風電,143.0,146.5,142.5,143.5,186656.0,26832170.0
2026-07-21,2101,南港,33.8,34.3,33.45,33.75,1034556.0,34971234.0
2026-07-21,2102,泰豐,18.9,19.35,18.9,19.2,312432.0,5972113.0
2026-07-21,2103,台橡,23.1,23.9,23.1,23.65,3557069.0,84015788.0
2026-07-21,2104,國際中橡,10.5,10.55,10.4,10.4,2280519.0,23837865.0
2026-07-21,2105,正新,33.2,33.6,32.05,32.25,16951731.0,549078434.0
2026-07-21,2106,建大,18.1,18.2,17.85,17.95,928944.0,16693599.0
2026-07-21,2107,厚生,25.9,26.1,25.85,26.05,202670.0,5276618.0
2026-07-21,2108,南帝,27.6,28.25,27.6,28.2,512968.0,14402354.0
2026-07-21,2109,華豐,14.6,14.75,14.6,14.7,41108.0,602674.0
2026-07-21,2114,鑫永銓,88.6,88.6,88.0,88.0,18217.0,1606592.0
2026-07-21,2115,六暉-KY,21.95,22.2,21.95,22.2,106998.0,2361740.0
2026-07-21,2201,裕隆,28.55,28.75,28.3,28.45,1605213.0,45783892.0
2026-07-21,2204,中華,56.4,56.7,55.9,56.1,1418262.0,79750962.0
2026-07-21,2206,三陽工業,64.8,65.0,63.9,63.9,2175786.0,140183602.0
2026-07-21,2207,和泰車,487.5,496.0,487.0,492.0,336657.0,165610144.0
2026-07-21,2208,台船,19.95,21.85,19.95,21.35,13532361.0,289811692.0
2026-07-21,2211,長榮鋼,87.2,89.5,86.9,88.4,739070.0,65240021.0
2026-07-21,2227,裕日車,50.0,50.2,49.45,50.2,23070.0,1152304.0
2026-07-21,2228,劍麟,78.4,80.0,78.2,79.7,87022.0,6910662.0
2026-07-21,2231,為升,107.0,113.0,107.0,112.0,791461.0,87901000.0
2026-07-21,2233,宇隆,206.5,213.0,206.5,207.5,503674.0,105061390.0
2026-07-21,2236,百達-KY,151.5,156.0,151.0,155.0,352153.0,54156148.0
2026-07-21,2239,英利-KY,19.95,20.4,19.9,20.0,60145.0,1205106.0
2026-07-21,2241,艾姆勒,35.7,36.0,34.85,35.2,809570.0,28479745.0
2026-07-21,2243,宏旭-KY,52.0,54.6,52.0,53.6,446611.0,23914602.0
2026-07-21,2247,汎德永業,220.0,221.5,220.0,221.5,36125.0,7962415.0
2026-07-21,2248,華勝-KY,66.8,68.7,63.3,65.2,418036.0,27414665.0
2026-07-21,2250,IKKA-KY,60.5,62.6,60.5,62.3,71561.0,4423284.0
2026-07-21,2254,巨鎧精密-創,0.0,0.0,0.0,0.0,0,0
2026-07-21,2258,鴻華先進-創,32.5,32.6,32.2,32.45,220048.0,7134682.0
2026-07-21,2301,光寶科,194.0,207.5,192.0,207.0,15987001.0,3234878653.0
2026-07-21,2302,麗正,40.7,40.7,38.8,39.6,2292304.0,90986358.0
2026-07-21,2303,聯電,130.0,138.0,125.5,134.5,259729470.0,34380810012.0
2026-07-21,2305,全友,33.6,33.6,31.4,31.9,4746268.0,153499809.0
2026-07-21,2308,台達電,1735.0,1855.0,1720.0,1835.0,11082972.0,20004422668.0
2026-07-21,2312,金寶,30.45,33.1,30.35,33.1,23296423.0,749441397.0
2026-07-21,2313,華通,202.5,212.0,200.0,210.0,20756015.0,4285244652.0
2026-07-21,2314,台揚,12.5,12.7,12.5,12.5,116193.0,1461803.0
2026-07-21,2316,楠梓電,158.5,158.5,152.0,155.5,2201029.0,341159282.0
2026-07-21,2317,鴻海,238.0,247.0,236.5,246.0,51471036.0,12544250590.0
2026-07-21,2321,東訊,15.2,15.2,15.2,15.2,7199.0,109385.0
2026-07-21,2323,中環,10.3,10.6,10.25,10.5,4358384.0,45577120.0
2026-07-21,2324,仁寶,34.8,36.0,34.45,36.0,31499837.0,1117330878.0
2026-07-21,2327,國巨*,621.0,680.0,608.0,670.0,96163970.0,62257032314.0
2026-07-21,2328,廣宇,45.6,46.8,45.45,46.6,1721274.0,79514239.0
2026-07-21,2329,華泰,44.55,45.25,44.2,45.2,2348171.0,105173529.0
2026-07-21,2330,台積電,2350.0,2410.0,2345.0,2410.0,31605663.0,75429747048.0
2026-07-21,2331,精英,19.3,20.0,19.3,20.0,1330807.0,26395869.0
2026-07-21,2332,友訊,21.0,22.7,20.5,22.3,45627557.0,995993882.0
2026-07-21,2337,旺宏,120.5,123.5,118.0,123.0,45753444.0,5546563669.0
2026-07-21,2338,光罩,42.45,44.0,41.6,42.9,1908850.0,81136014.0
2026-07-21,2340,台亞,31.9,32.0,31.0,31.25,2849240.0,89404507.0
2026-07-21,2342,茂矽,40.65,41.6,40.25,40.8,2630281.0,107445695.0
2026-07-21,2344,華邦電,156.0,158.0,152.0,155.5,104783854.0,16290227265.0
2026-07-21,2345,智邦,2150.0,2220.0,2140.0,2220.0,2272779.0,4991973340.0
2026-07-21,2347,聯強,84.0,86.7,84.0,85.3,6868847.0,589686982.0
2026-07-21,2348,海悅,78.2,79.8,78.0,78.9,568816.0,44786198.0
2026-07-21,2349,錸德,11.15,11.5,11.15,11.35,1630845.0,18420546.0
2026-07-21,2351,順德,157.0,164.0,157.0,163.5,2181533.0,350040718.0
2026-07-21,2352,佳世達,30.2,31.7,30.2,30.65,10529370.0,325560213.0
2026-07-21,2353,宏碁,29.85,30.4,29.5,30.2,21824817.0,656759306.0
2026-07-21,2354,鴻準,54.5,55.8,54.5,55.2,3996790.0,220771781.0
2026-07-21,2355,敬鵬,42.25,42.7,41.85,42.55,3637754.0,153684043.0
2026-07-21,2356,英業達,59.6,60.8,59.1,60.1,27293092.0,1638240346.0
2026-07-21,2357,華碩,700.0,739.0,698.0,736.0,5540625.0,4014873375.0
2026-07-21,2359,所羅門,135.5,138.5,132.0,138.5,2894586.0,391423113.0
2026-07-21,2360,致茂,1870.0,2015.0,1870.0,2015.0,3471378.0,6889542935.0
2026-07-21,2362,藍天,41.9,43.25,41.85,43.25,864490.0,36848920.0
2026-07-21,2363,矽統,57.4,57.7,56.3,57.4,6031244.0,344059039.0
2026-07-21,2364,倫飛,68.4,72.5,68.4,70.8,307442.0,21636114.0
2026-07-21,2365,昆盈,29.5,30.75,29.3,29.9,4918936.0,148113770.0
2026-07-21,2367,燿華,43.55,43.9,42.85,43.85,7187376.0,311817504.0
2026-07-21,2368,金像電,950.0,980.0,939.0,980.0,4609779.0,4420771556.0
2026-07-21,2369,菱生,34.1,34.4,32.9,33.55,11638625.0,389712476.0
2026-07-21,2371,大同,26.15,26.75,26.05,26.65,6408886.0,169902289.0
2026-07-21,2373,震旦行,55.1,55.1,54.0,54.4,22387.0,1214233.0
2026-07-21,2374,佳能,66.2,67.5,65.8,67.2,1551406.0,103521144.0
2026-07-21,2375,凱美,140.0,142.5,136.0,139.0,8492491.0,1182783767.0
2026-07-21,2376,技嘉,331.0,341.0,330.5,341.0,4891236.0,1653724782.0
2026-07-21,2377,微星,143.0,146.0,141.5,146.0,9685469.0,1400285424.0
2026-07-21,2379,瑞昱,710.0,753.0,704.0,753.0,3022098.0,2225888792.0
2026-07-21,2380,虹光,19.5,19.5,19.0,19.3,76484.0,1465492.0
2026-07-21,2382,廣達,319.5,324.0,314.0,324.0,22568430.0,7220970155.0
2026-07-21,2383,台光電,4605.0,4830.0,4560.0,4830.0,2947253.0,13943258832.0
2026-07-21,2385,群光,104.0,106.0,103.5,104.5,4532467.0,474062374.0
2026-07-21,2387,精元,38.0,39.05,38.0,39.0,285483.0,11064178.0
2026-07-21,2388,威盛,71.7,74.2,70.0,72.2,15117685.0,1087635850.0
2026-07-21,2390,云辰,11.35,11.45,11.15,11.35,581628.0,6546424.0
2026-07-21,2392,正崴,34.6,35.7,34.6,35.35,927889.0,32723174.0
2026-07-21,2393,億光,67.5,68.2,67.1,67.5,2386544.0,161681870.0
2026-07-21,2395,研華,525.0,567.0,519.0,567.0,4357157.0,2432596807.0
2026-07-21,2397,友通,55.0,58.3,55.0,57.8,568644.0,32532156.0
2026-07-21,2399,映泰,37.4,38.25,36.95,38.15,2073185.0,77961731.0
2026-07-21,2401,凌陽,26.7,27.7,26.7,27.6,3006752.0,81676282.0
2026-07-21,2402,毅嘉,57.5,58.3,57.0,58.0,1140012.0,65693651.0
2026-07-21,2404,漢唐,1165.0,1190.0,1125.0,1150.0,2161866.0,2503909211.0
2026-07-21,2405,輔信,16.35,16.6,16.25,16.6,1039732.0,17113846.0
2026-07-21,2406,國碩,31.0,32.6,31.0,32.1,9569346.0,305903705.0
2026-07-21,2408,南亞科,392.5,415.0,389.0,405.0,70570915.0,28317559855.0
2026-07-21,2409,友達,26.0,26.35,25.55,25.6,154949357.0,4008353078.0
2026-07-21,2412,中華電,138.0,139.5,137.0,139.0,18419601.0,2545240834.0
2026-07-21,2413,環科,40.2,40.9,39.9,40.4,565565.0,22862387.0
2026-07-21,2414,精技,56.3,57.2,56.0,56.9,464673.0,26289385.0
2026-07-21,2415,錩新,33.85,35.05,33.6,34.0,409325.0,13926943.0
2026-07-21,2417,圓剛,40.3,40.75,39.9,40.35,546099.0,22004234.0
2026-07-21,2419,仲琦,25.25,25.75,25.25,25.6,448682.0,11480605.0
2026-07-21,2420,新巨,57.0,57.9,56.6,57.6,442149.0,25365821.0
2026-07-21,2421,建準,126.0,129.0,126.0,128.5,1814031.0,233137319.0
2026-07-21,2423,固緯,77.0,77.9,74.9,75.4,228647.0,17403498.0
2026-07-21,2424,隴華,8.62,8.62,8.47,8.6,54306.0,463364.0
2026-07-21,2425,承啟,41.75,42.3,41.05,41.5,1349544.0,55933022.0
2026-07-21,2426,鼎元,55.0,57.8,54.3,54.8,6213463.0,344302690.0
2026-07-21,2427,三商電,23.9,24.85,23.9,24.45,666048.0,16327759.0
2026-07-21,2428,興勤,253.0,257.5,249.0,252.5,850627.0,214998236.0
2026-07-21,2429,銘旺科,40.9,43.95,40.9,43.0,652134.0,27943915.0
2026-07-21,2430,燦坤,17.9,17.9,17.75,17.9,200415.0,3579399.0
2026-07-21,2431,聯昌,10.7,10.75,10.5,10.65,170204.0,1810770.0
2026-07-21,2432,倚天酷碁-創,28.3,28.4,28.05,28.4,24296.0,684467.0
2026-07-21,2433,互盛電,42.1,42.1,41.85,41.95,74055.0,2989264.0
2026-07-21,2434,統懋,70.1,75.0,69.9,70.1,665946.0,47623913.0
2026-07-21,2436,偉詮電,57.9,59.9,57.4,59.6,1982390.0,116755209.0
2026-07-21,2438,翔耀,18.55,18.85,17.5,18.5,204475.0,3766366.0
2026-07-21,2439,美律,83.1,84.9,82.5,84.7,1018957.0,85597634.0
2026-07-21,2440,太空梭,15.65,16.1,15.65,15.95,249071.0,3955509.0
2026-07-21,2441,超豐,121.5,124.5,119.0,124.5,5368240.0,652150287.0
2026-07-21,2442,新美齊,19.25,19.6,19.25,19.35,932117.0,18111121.0
2026-07-21,2444,兆勁,11.55,11.55,11.25,11.35,177258.0,2013120.0
2026-07-21,2449,京元電子,276.0,281.0,272.0,279.0,13598413.0,3763860866.0
2026-07-21,2450,神腦,28.75,28.95,28.7,28.9,97724.0,2817028.0
2026-07-21,2451,創見,225.0,240.0,224.5,235.0,2819124.0,654765845.0
2026-07-21,2453,凌群,51.0,52.4,51.0,52.4,190906.0,9919920.0
2026-07-21,2454,聯發科,3435.0,3670.0,3410.0,3670.0,7741511.0,27565696430.0
2026-07-21,2455,全新,283.5,298.5,281.5,295.0,4754290.0,1382637200.0
2026-07-21,2457,飛宏,24.2,24.7,24.2,24.3,1122710.0,27431256.0
2026-07-21,2458,義隆,163.0,165.5,161.5,165.5,1715137.0,281338947.0
2026-07-21,2459,敦吉,65.3,65.8,65.2,65.5,73675.0,4826812.0
2026-07-21,2460,建通,31.6,32.3,31.3,32.0,312198.0,9979888.0
2026-07-21,2461,光群雷,15.95,16.2,15.9,16.05,498418.0,8014863.0
2026-07-21,2462,良得電,20.9,20.9,20.3,20.8,97733.0,2014354.0
2026-07-21,2464,盟立,138.0,141.5,135.0,140.0,4518964.0,625942587.0
2026-07-21,2465,麗臺,75.2,78.0,75.2,77.5,607155.0,46582196.0
2026-07-21,2466,冠西電,117.5,120.5,112.0,118.0,851958.0,99013876.0
2026-07-21,2467,志聖,526.0,538.0,513.0,530.0,1621465.0,852310321.0
2026-07-21,2468,華經,35.4,36.0,35.15,35.65,217983.0,7768175.0
2026-07-21,2471,資通,52.0,52.5,51.7,52.0,392705.0,20439121.0
2026-07-21,2472,立隆電,270.5,277.5,262.5,273.0,4163287.0,1130053209.0
2026-07-21,2474,可成,191.0,191.5,188.0,191.0,4094433.0,778817792.0
2026-07-21,2476,鉅祥,117.0,118.0,114.5,117.0,1966598.0,228562004.0
2026-07-21,2477,美隆電,21.0,21.3,21.0,21.2,73449.0,1554979.0
2026-07-21,2478,大毅,138.0,139.5,131.0,136.5,5848591.0,790570110.0
2026-07-21,2480,敦陽科,158.0,161.5,157.0,159.0,206073.0,32743852.0
2026-07-21,2481,強茂,144.0,150.0,140.5,143.5,18480855.0,2659915744.0
2026-07-21,2482,連宇,18.8,18.8,18.25,18.45,367144.0,6757093.0
2026-07-21,2483,百容,42.45,43.8,41.2,42.15,3312643.0,140291787.0
2026-07-21,2484,希華,71.1,74.1,68.5,71.5,30210186.0,2160881541.0
2026-07-21,2485,兆赫,41.25,41.95,40.8,41.25,4705363.0,194098289.0
2026-07-21,2486,一詮,216.0,223.5,212.0,218.5,10026379.0,2166204759.0
2026-07-21,2488,漢平,49.65,50.1,49.5,49.6,90145.0,4478128.0
2026-07-21,2489,瑞軒,31.5,31.5,30.25,30.65,8837038.0,271275750.0
2026-07-21,2491,吉祥全,31.6,33.0,30.6,32.35,423018.0,13413038.0
2026-07-21,2492,華新科,260.0,276.0,250.0,273.0,12267489.0,3189802166.0
2026-07-21,2493,揚博,220.0,238.5,218.5,238.5,1205700.0,283719413.0
2026-07-21,2495,普安,38.5,38.85,37.8,38.65,1565358.0,60055272.0
2026-07-21,2496,卓越,60.4,60.4,59.7,60.4,45321.0,2715346.0
2026-07-21,2497,怡利電,53.9,54.9,53.9,54.0,312510.0,16990118.0
2026-07-21,2498,宏達電,41.8,42.2,41.5,41.85,4000888.0,167543660.0
2026-07-21,2501,國建,22.3,22.6,22.25,22.4,1371850.0,30761227.0
2026-07-21,2504,國產,31.3,32.0,31.3,31.85,1366285.0,43464123.0
2026-07-21,2505,國揚,18.0,18.0,17.6,17.85,132308.0,2347863.0
2026-07-21,2506,太設,8.79,8.79,8.69,8.73,120875.0,1056451.0
2026-07-21,2509,全坤建,13.1,13.25,13.05,13.25,122940.0,1616643.0
2026-07-21,2511,太子,8.55,8.65,8.55,8.57,1338625.0,11504279.0
2026-07-21,2514,龍邦,12.85,12.9,12.75,12.85,106265.0,1362693.0
2026-07-21,2515,中工,12.2,12.45,12.2,12.3,10763718.0,132489854.0
2026-07-21,2516,新建,14.05,14.15,13.85,14.0,65779.0,919774.0
2026-07-21,2520,冠德,35.75,36.1,35.45,35.7,2277992.0,81515872.0
2026-07-21,2524,京城,37.65,37.65,37.25,37.5,24844.0,930347.0
2026-07-21,2527,宏璟,50.4,52.0,49.3,50.5,2396345.0,120487108.0
2026-07-21,2528,皇普,22.2,22.3,21.95,22.15,261820.0,5806025.0
2026-07-21,2530,華建,20.0,20.0,19.45,19.45,609026.0,11948610.0
2026-07-21,2534,宏盛,17.3,17.3,17.05,17.3,513501.0,8815770.0
2026-07-21,2535,達欣工,86.0,89.2,86.0,88.5,213029.0,18754187.0
2026-07-21,2536,宏普,19.5,19.7,19.35,19.5,1436861.0,28100349.0
2026-07-21,2537,聯上發,11.1,11.15,10.95,11.05,379003.0,4193433.0
2026-07-21,2538,基泰,9.9,9.97,9.83,9.92,250250.0,2481070.0
2026-07-21,2539,櫻花建,39.85,40.6,39.85,40.25,476620.0,19173283.0
2026-07-21,2540,愛山林,54.0,54.6,53.7,54.0,415879.0,22530658.0
2026-07-21,2542,興富發,43.6,44.1,43.25,44.1,16059980.0,702319381.0
2026-07-21,2543,皇昌,38.65,41.0,38.65,40.0,1590952.0,63745878.0
2026-07-21,2545,皇翔,34.25,34.4,34.05,34.15,277717.0,9496004.0
2026-07-21,2546,根基,95.8,98.3,95.8,97.8,198516.0,19376992.0
2026-07-21,2547,日勝生,10.2,10.4,10.15,10.3,1935620.0,19937082.0
2026-07-21,2548,華固,101.5,103.0,101.0,102.0,2386431.0,243250589.0
2026-07-21,2597,潤弘,161.0,165.0,161.0,161.0,341668.0,55469572.0
2026-07-21,2601,益航,6.66,7.2,6.58,6.85,3123866.0,21314977.0
2026-07-21,2603,長榮,198.0,206.0,198.0,203.0,19176764.0,3889390249.0
2026-07-21,2605,新興,30.6,31.55,30.6,31.05,3283039.0,102199378.0
2026-07-21,2606,裕民,61.6,63.6,61.6,63.0,5065409.0,319188597.0
2026-07-21,2607,榮運,46.55,47.5,46.55,47.5,425251.0,20054293.0
2026-07-21,2608,嘉里大榮,29.4,29.45,29.2,29.25,147980.0,4336792.0
2026-07-21,2609,陽明,49.8,51.3,49.7,50.9,27795467.0,1409710770.0
2026-07-21,2610,華航,21.1,21.6,21.1,21.45,33724970.0,722140930.0
2026-07-21,2611,志信,14.2,14.55,14.2,14.4,368625.0,5323179.0
2026-07-21,2612,中航,51.4,52.9,51.4,52.4,228551.0,11988075.0
2026-07-21,2613,中櫃,21.35,21.7,21.1,21.25,392777.0,8391112.0
2026-07-21,2614,東森,18.3,18.35,18.2,18.25,218110.0,3989888.0
2026-07-21,2615,萬海,81.8,85.8,81.6,85.2,26374248.0,2221105312.0
2026-07-21,2616,山隆,13.55,13.7,13.55,13.7,136787.0,1862711.0
2026-07-21,2617,台航,28.8,29.25,28.8,29.15,732705.0,21352933.0
2026-07-21,2618,長榮航,41.9,42.5,41.8,42.3,34760562.0,1470807601.0
2026-07-21,2630,亞航,53.0,58.9,52.5,58.9,10053046.0,577357564.0
2026-07-21,2633,台灣高鐵,25.9,26.25,25.85,26.1,4014093.0,104826405.0
2026-07-21,2634,漢翔,63.8,71.5,62.6,71.5,92665583.0,6434076397.0
2026-07-21,2636,台驊控股,63.6,65.1,63.6,65.0,335680.0,21677392.0
2026-07-21,2637,慧洋-KY,79.1,81.9,79.0,81.1,1748555.0,141806591.0
2026-07-21,2642,宅配通,20.55,20.75,20.55,20.75,16684.0,344473.0
2026-07-21,2645,長榮航太,205.5,219.0,201.0,215.0,8954103.0,1911836950.0
2026-07-21,2646,星宇航空,21.4,22.05,21.35,22.0,11226352.0,245450830.0
2026-07-21,2701,萬企,10.9,11.0,10.85,11.0,46459.0,507363.0
2026-07-21,2702,華園,13.15,13.15,12.95,12.95,37151.0,483760.0
2026-07-21,2704,國賓,45.7,46.65,45.7,46.65,239000.0,11086354.0
2026-07-21,2705,六福,16.15,16.65,16.1,16.5,223548.0,3658311.0
2026-07-21,2706,第一店,12.9,12.9,12.75,12.9,54752.0,703127.0
2026-07-21,2707,晶華,179.0,181.0,179.0,180.5,184493.0,33222334.0
2026-07-21,2712,遠雄來,0.0,0.0,0.0,0.0,0,0
2026-07-21,2722,夏都,22.4,22.4,22.05,22.2,56680.0,1257982.0
2026-07-21,2723,美食-KY,64.1,64.4,63.7,64.0,182729.0,11702506.0
2026-07-21,2727,王品,223.5,228.0,221.5,226.0,767133.0,173040225.0
2026-07-21,2731,雄獅,143.5,146.5,143.5,146.0,393058.0,57204812.0
2026-07-21,2739,寒舍,35.15,35.6,34.7,34.9,89894.0,3151256.0
2026-07-21,2748,雲品,39.7,40.1,39.7,39.9,116903.0,4669612.0
2026-07-21,2753,八方雲集,179.0,179.5,176.5,179.0,305810.0,54505191.0
2026-07-21,2762,世界健身-KY,86.5,86.7,85.5,86.7,64288.0,5546514.0
2026-07-21,2801,彰銀,23.85,24.3,23.85,24.3,39441368.0,954073101.0
2026-07-21,2812,台中銀,20.4,20.6,20.4,20.45,31543014.0,647044637.0
2026-07-21,2816,旺旺保,34.25,34.25,33.85,33.85,222225.0,7538211.0
2026-07-21,2820,華票,16.55,16.7,16.5,16.7,1670943.0,27725759.0
2026-07-21,2832,台產,57.0,57.1,56.5,56.8,101858.0,5779876.0
2026-07-21,2834,臺企銀,17.9,18.1,17.85,18.0,31187878.0,561822121.0
2026-07-21,2836,高雄銀,12.55,12.8,12.55,12.65,6653951.0,84792298.0
2026-07-21,2838,聯邦銀,20.4,20.55,20.3,20.5,3086170.0,60232753.0
2026-07-21,2845,遠東銀,13.3,13.5,13.3,13.4,8792516.0,117967693.0
2026-07-21,2849,安泰銀,14.95,15.2,14.95,15.2,151811.0,2290585.0
2026-07-21,2850,新產,147.0,148.0,146.5,147.5,153482.0,22629216.0
2026-07-21,2851,中再保,35.95,36.6,35.7,36.15,1999524.0,72027963.0
2026-07-21,2852,第一保,26.65,26.8,25.8,26.75,340209.0,9045189.0
2026-07-21,2855,統一證,43.45,43.95,43.1,43.65,3551342.0,154848840.0
2026-07-21,2867,三商壽,9.21,9.65,9.2,9.51,21124695.0,200098717.0
2026-07-21,2880,華南金,39.9,40.8,39.8,40.8,22148126.0,896244433.0
2026-07-21,2881,富邦金,124.0,125.0,122.5,123.5,17394297.0,2154556568.0
2026-07-21,2882,國泰金,94.9,95.9,94.5,95.8,21831261.0,2085460351.0
2026-07-21,2883,凱基金,29.8,30.2,29.5,29.7,40555983.0,1208863215.0
2026-07-21,2884,玉山金,35.85,37.2,35.85,36.95,66290064.0,2435107801.0
2026-07-21,2885,元大金,60.5,61.3,59.9,61.3,67691441.0,4101088605.0
2026-07-21,2886,兆豐金,48.2,48.9,48.05,48.6,31762843.0,1540378013.0
2026-07-21,2887,台新新光金,34.0,34.7,33.45,34.7,82021283.0,2790932113.0
2026-07-21,2889,國票金,15.7,15.9,15.65,15.8,6260496.0,98984454.0
2026-07-21,2890,永豐金,39.8,40.2,39.2,40.2,56917904.0,2270927394.0
2026-07-21,2891,中信金,61.5,63.3,61.2,62.7,50351669.0,3151448779.0
2026-07-21,2892,第一金,33.9,34.5,33.75,34.45,40357898.0,1383813110.0
2026-07-21,2897,王道銀行,10.45,10.55,10.4,10.45,7739793.0,81126603.0
2026-07-21,2901,欣欣,24.05,24.05,23.75,23.95,16268.0,388597.0
2026-07-21,2903,遠百,22.2,22.6,22.15,22.6,3507510.0,78876958.0
2026-07-21,2904,匯僑,13.85,13.85,13.7,13.7,22434.0,308240.0
2026-07-21,2905,三商,15.4,16.0,15.4,15.95,1981489.0,31282872.0
2026-07-21,2906,高林,14.15,14.2,14.0,14.1,424512.0,5984767.0
2026-07-21,2908,特力,22.0,22.0,21.75,21.9,160742.0,3516143.0
2026-07-21,2910,統領,27.95,28.3,26.3,28.3,210561.0,5865096.0
2026-07-21,2911,麗嬰房,7.21,7.21,7.0,7.07,146118.0,1036114.0
2026-07-21,2912,統一超,243.0,245.0,242.0,243.0,4913713.0,1196159569.0
2026-07-21,2913,農林,11.25,11.45,11.25,11.35,1702871.0,19313649.0
2026-07-21,2915,潤泰全,51.1,53.0,51.1,52.0,3834869.0,199129230.0
2026-07-21,2923,鼎固-KY,36.0,37.2,32.9,35.45,189116.0,6572774.0
2026-07-21,2929,淘帝-KY,5.92,6.08,5.81,6.0,337482.0,2011158.0
2026-07-21,2939,永邑-KY,19.25,19.45,18.95,19.1,34004.0,648026.0
2026-07-21,2945,三商家購,41.35,41.65,41.0,41.65,7116.0,293033.0
2026-07-21,3002,歐格,18.1,18.55,18.1,18.4,131968.0,2418741.0
2026-07-21,3003,健和興,60.0,61.0,59.6,60.2,227476.0,13666248.0
2026-07-21,3004,豐達科,137.0,143.5,137.0,141.5,412894.0,58232779.0
2026-07-21,3005,神基,110.5,120.0,110.0,116.5,10271721.0,1191661105.0
2026-07-21,3006,晶豪科,192.0,199.5,191.0,199.5,6364922.0,1242992010.0
2026-07-21,3008,大立光,3925.0,3990.0,3795.0,3985.0,1759287.0,6840931560.0
2026-07-21,3010,華立,112.5,117.5,112.5,116.0,801450.0,92476776.0
2026-07-21,3011,今皓,12.0,12.25,12.0,12.15,419663.0,5100646.0
2026-07-21,3013,晟銘電,85.3,87.4,85.3,87.2,1154746.0,99828569.0
2026-07-21,3014,聯陽,124.5,129.5,124.5,129.5,799318.0,101856930.0
2026-07-21,3015,全漢,55.4,55.6,54.6,55.4,626747.0,34544155.0
2026-07-21,3016,嘉晶,102.5,103.5,97.6,101.5,6126063.0,615525388.0
2026-07-21,3017,奇鋐,2190.0,2340.0,2175.0,2320.0,3736446.0,8489473280.0
2026-07-21,3018,隆銘綠能,11.9,12.35,11.85,11.9,81292.0,966496.0
2026-07-21,3019,亞光,131.0,138.0,130.5,137.5,2348328.0,315805277.0
2026-07-21,3021,鴻名,21.4,21.9,20.7,21.4,276302.0,5900028.0
2026-07-21,3022,威強電,78.5,86.1,78.5,86.1,1905501.0,160596366.0
2026-07-21,3023,信邦,298.5,308.0,298.5,308.0,1200243.0,366465087.0
2026-07-21,3024,憶聲,13.9,14.15,13.65,13.75,3622001.0,50184368.0
2026-07-21,3025,星通,55.8,56.8,55.4,56.7,130256.0,7321356.0
2026-07-21,3026,禾伸堂,643.0,683.0,620.0,682.0,20336712.0,13713318310.0
2026-07-21,3027,盛達,18.45,19.0,18.3,18.9,222318.0,4132007.0
2026-07-21,3028,增你強,65.7,67.1,65.7,66.4,1375864.0,91395243.0
2026-07-21,3029,零壹,105.0,107.0,104.0,107.0,1458021.0,154238543.0
2026-07-21,3030,德律,287.0,292.0,285.0,291.5,1241171.0,358010857.0
2026-07-21,3031,佰鴻,24.65,25.05,24.35,24.8,596591.0,14708297.0
2026-07-21,3032,偉訓,76.7,78.8,76.7,78.6,179012.0,13921311.0
2026-07-21,3033,威健,48.3,49.75,48.25,49.3,7391718.0,362427789.0
2026-07-21,3034,聯詠,462.5,479.5,462.5,476.0,4333720.0,2058076967.0
2026-07-21,3035,智原,185.5,195.0,184.0,194.5,3522625.0,669567482.0
2026-07-21,3036,文曄,188.0,197.0,186.5,196.0,7123187.0,1381496552.0
2026-07-21,3037,欣興,785.0,825.0,775.0,825.0,18816207.0,15329025836.0
2026-07-21,3038,全台,20.65,20.85,20.55,20.7,116236.0,2412114.0
2026-07-21,3040,遠見,36.9,37.8,36.85,37.5,90937.0,3404961.0
2026-07-21,3041,揚智,23.9,24.25,23.6,23.75,1184062.0,28237309.0
2026-07-21,3042,晶技,160.0,171.5,157.0,168.0,14128211.0,2323011786.0
2026-07-21,3043,科風,20.65,21.25,20.65,21.0,64273.0,1349841.0
2026-07-21,3044,健鼎,396.0,404.5,390.0,404.5,2173977.0,866213141.0
2026-07-21,3045,台灣大,111.5,113.5,111.5,112.0,16333296.0,1836504665.0
2026-07-21,3046,建碁,51.9,54.9,51.9,54.7,339660.0,18410933.0
2026-07-21,3047,訊舟,14.9,15.35,14.9,15.25,694327.0,10537208.0
2026-07-21,3048,益登,49.7,50.5,49.4,50.2,1407753.0,70391099.0
2026-07-21,3049,精金,11.25,11.4,11.2,11.35,1957050.0,22087985.0
2026-07-21,3050,鈺德,11.7,11.75,11.55,11.75,355928.0,4155312.0
2026-07-21,3051,力特,23.15,23.3,22.85,23.15,479591.0,11031256.0
2026-07-21,3052,夆典,10.85,10.85,10.7,10.85,210165.0,2261959.0
2026-07-21,3054,立萬利,54.1,55.5,53.5,54.9,83227.0,4518599.0
2026-07-21,3055,蔚華科,164.5,169.0,161.5,169.0,616394.0,102637927.0
2026-07-21,3056,富華新,14.6,14.7,14.5,14.55,664328.0,9692098.0
2026-07-21,3057,喬鼎,15.9,16.3,15.9,16.3,24208.0,391011.0
2026-07-21,3058,立德,8.72,8.72,8.58,8.61,403764.0,3492371.0
2026-07-21,3059,華晶科,41.4,41.45,41.0,41.3,1203828.0,49630836.0
2026-07-21,3060,銘異,28.95,29.55,28.45,29.1,1452626.0,42014356.0
2026-07-21,3062,建漢,20.9,21.55,20.8,21.45,1571481.0,33577853.0
2026-07-21,3090,日電貿,173.5,175.5,160.0,175.5,4840634.0,803286477.0
2026-07-21,3092,鴻碩,24.4,24.4,23.7,23.9,215191.0,5145744.0
2026-07-21,3094,聯傑,36.7,39.2,36.05,38.65,3849398.0,147173006.0
2026-07-21,3130,一零四,204.0,204.0,202.5,203.5,53185.0,10812200.0
2026-07-21,3135,凌航,144.0,145.5,141.5,145.0,614264.0,88504866.0
2026-07-21,3138,耀登,99.0,101.5,98.0,101.5,255505.0,25592706.0
2026-07-21,3149,正達,77.8,79.3,76.3,76.3,5766492.0,446110548.0
2026-07-21,3150,鈺寶-創,16.6,17.2,16.6,17.0,45050.0,761084.0
2026-07-21,3164,景岳,16.35,16.35,16.35,16.35,4517.0,73876.0
2026-07-21,3167,大量,735.0,791.0,722.0,729.0,2924355.0,2209507907.0
2026-07-21,3168,眾福科,45.25,45.25,43.25,43.55,40006.0,1746461.0
2026-07-21,3189,景碩,715.0,746.0,704.0,746.0,6598311.0,4842844006.0
2026-07-21,3209,全科,55.5,57.8,55.3,57.3,1565855.0,89111241.0
2026-07-21,3229,晟鈦,39.4,40.95,38.1,40.85,331065.0,13085158.0
2026-07-21,3231,緯創,145.0,150.5,144.5,149.5,36192970.0,5382308798.0
2026-07-21,3257,虹冠電,52.2,54.1,52.2,52.9,239253.0,12685303.0
2026-07-21,3266,昇陽,14.15,14.15,13.95,13.95,54145.0,757380.0
2026-07-21,3296,勝德,25.0,25.0,24.65,24.85,45386.0,1127656.0
2026-07-21,3305,昇貿,109.5,112.0,109.0,110.5,1840730.0,203136430.0
2026-07-21,3308,聯德,19.9,20.75,19.9,20.65,62988.0,1278120.0
2026-07-21,3311,閎暉,32.75,34.3,32.75,33.65,385549.0,12912145.0
2026-07-21,3312,弘憶股,47.65,48.0,47.05,47.65,764037.0,36308952.0
2026-07-21,3321,同泰,18.4,19.1,18.4,18.65,258520.0,4849455.0
2026-07-21,3338,泰碩,66.2,69.1,65.7,69.1,1087978.0,74037863.0
2026-07-21,3346,麗清,20.9,21.1,20.6,20.95,338251.0,7073861.0
2026-07-21,3356,奇偶,55.5,57.1,55.5,57.0,288633.0,16342424.0
2026-07-21,3376,新日興,189.5,191.5,187.5,189.5,1149997.0,218027876.0
2026-07-21,3380,明泰,29.5,30.5,29.35,30.35,1530226.0,46029957.0
2026-07-21,3406,玉晶光,508.0,534.0,504.0,531.0,1273927.0,659531492.0
2026-07-21,3413,京鼎,358.0,361.0,327.0,335.0,5205400.0,1763970316.0
2026-07-21,3416,融程電,161.0,175.0,161.0,175.0,781057.0,133902139.0
2026-07-21,3419,譁裕,12.5,12.55,12.3,12.45,105005.0,1309760.0
2026-07-21,3432,台端,16.75,17.7,16.75,17.1,24024.0,411854.0
2026-07-21,3437,榮創,17.8,18.05,17.6,17.8,520872.0,9263858.0
2026-07-21,3443,創意,3830.0,4115.0,3810.0,4115.0,1416745.0,5691820925.0
2026-07-21,3447,展達,30.85,30.85,30.1,30.1,142873.0,4347179.0
2026-07-21,3450,聯鈞,385.0,427.5,382.5,427.5,5801173.0,2396613356.0
2026-07-21,3481,群創,51.9,52.4,50.1,50.7,317037917.0,16144580466.0
2026-07-21,3494,誠研,7.32,7.56,7.16,7.44,57056.0,419025.0
2026-07-21,3501,維熹,41.2,41.2,40.3,40.3,130734.0,5300599.0
2026-07-21,3504,揚明光,62.1,63.9,62.1,63.1,435144.0,27329068.0
2026-07-21,3515,華擎,203.5,209.5,203.5,209.0,274711.0,56867433.0
2026-07-21,3518,柏騰,26.6,26.8,26.15,26.4,322424.0,8493676.0
2026-07-21,3528,安馳,80.7,83.5,80.7,82.9,188430.0,15564488.0
2026-07-21,3530,晶相光,56.2,59.0,56.2,58.6,135573.0,7871450.0
2026-07-21,3532,台勝科,470.0,470.0,432.0,433.5,18628212.0,8374199075.0
2026-07-21,3533,嘉澤,1920.0,2060.0,1920.0,2030.0,711085.0,1417430390.0
2026-07-21,3535,晶彩科,88.1,90.5,87.4,88.5,755037.0,66835650.0
2026-07-21,3543,州巧,29.05,29.3,28.75,28.85,305962.0,8850500.0
2026-07-21,3545,敦泰,47.9,50.5,47.9,49.85,1406593.0,69465187.0
2026-07-21,3550,聯穎,22.1,22.7,21.9,22.4,1880107.0,41818395.0
2026-07-21,3557,嘉威,27.45,27.45,25.6,26.3,79972.0,2099802.0
2026-07-21,3563,牧德,618.0,646.0,615.0,644.0,358425.0,227226170.0
2026-07-21,3576,聯合再生,18.75,19.75,18.6,19.1,52796316.0,1012532662.0
2026-07-21,3583,辛耘,740.0,760.0,718.0,750.0,958363.0,711780008.0
2026-07-21,3588,通嘉,54.9,55.8,54.1,55.8,280003.0,15422050.0
2026-07-21,3591,艾笛森,21.35,21.4,20.9,20.95,715335.0,15121762.0
2026-07-21,3592,瑞鼎,228.0,237.0,228.0,236.5,471607.0,110507443.0
2026-07-21,3593,力銘,13.7,14.8,13.7,14.7,23260.0,328664.0
2026-07-21,3596,智易,180.5,184.5,180.0,184.5,575022.0,105089734.0
2026-07-21,3605,宏致,78.0,84.4,76.2,84.4,6731941.0,550683452.0
2026-07-21,3607,谷崧,14.95,15.1,14.95,15.05,189221.0,2840672.0
2026-07-21,3617,碩天,208.0,213.5,206.5,211.5,542410.0,114427990.0
2026-07-21,3622,洋華,52.4,53.2,52.4,52.9,183390.0,9714297.0
2026-07-21,3645,達邁,70.9,71.6,69.5,71.5,1582476.0,111769566.0
2026-07-21,3652,精聯,31.05,31.8,29.6,30.7,973308.0,29582325.0
2026-07-21,3653,健策,3205.0,3520.0,3205.0,3520.0,2017560.0,6928750525.0
2026-07-21,3661,世芯-KY,3450.0,3550.0,3405.0,3490.0,1468143.0,5115171598.0
2026-07-21,3665,貿聯-KY,1850.0,2000.0,1825.0,2000.0,2566105.0,5024101235.0
2026-07-21,3669,圓展,33.55,33.8,33.1,33.5,90172.0,3020619.0
2026-07-21,3673,TPK-KY,64.0,64.3,62.6,63.6,3610090.0,229281673.0
2026-07-21,3679,新至陞,109.0,110.0,109.0,109.5,22659.0,2477522.0
2026-07-21,3686,達能,15.75,16.0,15.55,15.55,112629.0,1779802.0
2026-07-21,3694,海華,60.5,66.3,60.5,66.3,3954816.0,258696386.0
2026-07-21,3701,大眾控,38.8,39.5,38.4,39.5,557756.0,21779444.0
2026-07-21,3702,大聯大,107.5,111.5,107.0,111.5,8032007.0,885298874.0
2026-07-21,3703,欣陸,20.6,20.9,20.6,20.85,829150.0,17259107.0
2026-07-21,3704,合勤控,45.45,47.85,45.1,47.35,2927546.0,136616999.0
2026-07-21,3705,永信,55.0,55.2,54.8,55.0,58758.0,3225781.0
2026-07-21,3706,神達,89.4,91.3,88.8,91.3,14654415.0,1326816372.0
2026-07-21,3708,上緯投控,97.0,99.4,96.7,99.4,305864.0,29912260.0
2026-07-21,3711,日月光投控,610.0,634.0,609.0,633.0,15573369.0,9698878024.0
2026-07-21,3712,永崴投控,16.8,17.4,16.8,17.25,799222.0,13761261.0
2026-07-21,3714,富采,52.2,52.7,51.2,52.3,5022318.0,261450415.0
2026-07-21,3715,定穎投控,122.0,123.5,119.5,122.5,4526169.0,550562780.0
2026-07-21,3716,中化控股,34.0,34.65,34.0,34.45,84705.0,2921328.0
2026-07-21,3717,聯嘉投控,22.3,22.3,21.7,21.85,2066578.0,45243973.0
2026-07-21,4104,佳醫,71.1,71.8,71.0,71.5,175576.0,12533078.0
2026-07-21,4106,雃博,24.7,25.0,24.7,25.0,120670.0,2998462.0
2026-07-21,4108,懷特,11.65,11.85,11.65,11.7,122816.0,1438931.0
2026-07-21,4119,旭富,46.6,48.6,46.6,48.4,288783.0,13835586.0
2026-07-21,4133,亞諾法,21.65,21.7,21.1,21.5,1083276.0,23306652.0
2026-07-21,4137,麗豐-KY,95.2,96.1,94.6,95.3,107527.0,10256563.0
2026-07-21,4142,國光生,16.95,17.1,16.9,17.0,592815.0,10062125.0
2026-07-21,4148,全宇生技-KY,30.7,30.8,30.25,30.65,15000.0,459050.0
2026-07-21,4155,訊映,15.95,16.1,15.75,15.8,320452.0,5085816.0
2026-07-21,4164,承業醫,26.75,27.4,26.75,27.3,266650.0,7268577.0
2026-07-21,4169,泰宗,270.0,280.5,263.0,280.5,577901.0,159740030.0
2026-07-21,4178,永笙-KY,19.3,20.05,19.0,19.3,617708.0,11976910.0
2026-07-21,4190,佐登-KY,25.7,27.2,25.45,27.1,76854.0,2042679.0
2026-07-21,4195,基米-創,16.8,16.8,16.5,16.8,45526.0,758858.0
2026-07-21,4306,炎洲,14.3,14.65,14.3,14.55,692009.0,10052944.0
2026-07-21,4414,如興,8.63,8.63,8.48,8.63,101306.0,869804.0
2026-07-21,4426,利勤,8.29,8.41,8.29,8.3,81435.0,678340.0
2026-07-21,4438,廣越,61.2,61.6,61.0,61.5,29841.0,1830439.0
2026-07-21,4439,冠星-KY,101.5,101.5,99.7,101.0,12412.0,1244801.0
2026-07-21,4440,宜新實業,17.6,17.6,17.3,17.4,34035.0,590655.0
2026-07-21,4441,振大環球,175.0,177.5,175.0,177.5,40627.0,7156241.0
2026-07-21,4526,東台,31.55,32.1,31.4,31.8,1207685.0,38340129.0
2026-07-21,4532,瑞智,24.4,24.7,24.4,24.7,1806981.0,44349180.0
2026-07-21,4536,拓凱,165.0,166.0,163.5,165.0,201650.0,33268426.0
2026-07-21,4540,全球傳動,50.6,52.0,50.5,51.2,753589.0,38565274.0
2026-07-21,4545,銘鈺,33.0,33.25,32.85,33.1,69191.0,2284241.0
2026-07-21,4551,智伸科,181.5,188.0,176.0,182.5,831444.0,150228358.0
2026-07-21,4552,力達-KY,19.05,19.3,19.05,19.25,49168.0,944693.0
2026-07-21,4555,氣立,45.7,46.5,45.5,46.15,127448.0,5863372.0
2026-07-21,4557,永新-KY,51.3,53.3,50.5,53.2,115713.0,5987379.0
2026-07-21,4560,強信-KY,31.75,32.95,31.75,32.4,217724.0,7020454.0
2026-07-21,4562,穎漢,31.3,32.15,31.1,31.65,148195.0,4666446.0
2026-07-21,4564,元翎,19.05,20.9,19.05,20.25,6594865.0,133657056.0
2026-07-21,4566,時碩工業,71.6,72.7,68.1,69.0,6551386.0,458216433.0
2026-07-21,4569,六方科-KY,158.0,163.5,158.0,160.0,43751.0,7051076.0
2026-07-21,4571,鈞興-KY,152.0,152.5,150.0,152.0,108074.0,16396558.0
2026-07-21,4572,駐龍,148.0,150.0,147.5,149.0,58977.0,8796505.0
2026-07-21,4576,大銀微系統,190.0,193.0,187.5,191.0,526406.0,100081827.0
2026-07-21,4581,光隆精密-KY,51.0,51.0,51.0,51.0,1034.0,52762.0
2026-07-21,4582,聚恆-創,27.25,28.9,27.25,28.2,398130.0,11281830.0
2026-07-21,4583,台灣精銳,583.0,585.0,573.0,578.0,32921.0,19052464.0
2026-07-21,4585,達明,302.0,306.0,301.0,304.0,98701.0,29959452.0
2026-07-21,4588,玖鼎電力,52.0,52.4,51.8,52.0,43392.0,2255678.0
2026-07-21,4590,富田-創,89.1,91.7,88.5,91.4,283519.0,25721763.0
2026-07-21,4720,德淵,20.15,20.45,20.15,20.35,431229.0,8767360.0
2026-07-21,4722,國精化,222.0,225.0,213.5,217.5,1124603.0,244512672.0
2026-07-21,4736,泰博,128.5,130.5,128.0,130.0,202663.0,26227440.0
2026-07-21,4737,華廣,55.6,55.9,55.2,55.8,50101.0,2779084.0
2026-07-21,4739,康普,81.2,83.6,81.0,82.9,1498891.0,123143693.0
2026-07-21,4746,台耀,51.6,52.9,51.6,52.1,503257.0,26371461.0
2026-07-21,4755,三福化,123.0,124.0,120.5,122.5,452926.0,55455367.0
2026-07-21,4763,材料*-KY,49.25,51.4,48.6,50.6,18691699.0,937847732.0
2026-07-21,4764,雙鍵,272.5,293.0,270.5,293.0,2201829.0,634731718.0
2026-07-21,4766,南寶,330.0,334.0,326.0,334.0,171558.0,56646208.0
2026-07-21,4770,上品,223.5,227.0,218.0,220.5,357155.0,79533975.0
2026-07-21,4771,望隼,197.0,197.5,195.5,197.0,148982.0,29308893.0
2026-07-21,4807,日成-KY,38.55,39.15,38.3,38.95,91032.0,3533200.0
2026-07-21,4904,遠傳,104.5,107.0,102.0,102.0,14946460.0,1541760981.0
2026-07-21,4906,正文,34.35,34.8,34.15,34.65,2527912.0,87128149.0
2026-07-21,4912,聯德控股-KY,82.4,84.4,82.4,83.6,104682.0,8738134.0
2026-07-21,4915,致伸,64.8,66.3,64.8,66.0,2145475.0,141232713.0
2026-07-21,4916,事欣科,100.0,107.0,99.0,107.0,4515662.0,471440831.0
2026-07-21,4919,新唐,137.5,142.5,136.0,141.0,6046399.0,840488630.0
2026-07-21,4927,泰鼎-KY,34.6,36.0,34.5,35.35,2528751.0,89318829.0
2026-07-21,4930,燦星網,16.65,16.7,16.45,16.7,142801.0,2367051.0
2026-07-21,4934,太極,15.3,15.8,15.2,15.5,551531.0,8529654.0
2026-07-21,4935,茂林-KY,35.8,36.1,35.4,35.6,62000.0,2218850.0
2026-07-21,4938,和碩,80.5,83.4,80.5,82.8,9557341.0,789561610.0
2026-07-21,4942,嘉彰,36.9,37.0,36.75,37.0,77277.0,2852480.0
2026-07-21,4943,康控-KY,8.98,8.98,8.68,8.71,8598.0,75366.0
2026-07-21,4949,有成精密,68.3,69.6,67.1,68.0,525914.0,35726837.0
2026-07-21,4952,凌通,47.3,49.35,47.3,49.25,281919.0,13684437.0
2026-07-21,4956,光鋐,28.95,29.5,28.5,28.6,922818.0,26556052.0
2026-07-21,4958,臻鼎-KY,500.0,514.0,487.0,509.0,44056743.0,21974440010.0
2026-07-21,4960,誠美材,21.45,21.45,20.55,21.0,2339093.0,48917843.0
2026-07-21,4961,天鈺,154.0,163.0,154.0,161.5,588138.0,93863397.0
2026-07-21,4967,十銓,213.0,214.5,209.5,214.0,1241201.0,263449313.0
2026-07-21,4968,立積,97.1,100.5,97.1,99.3,568847.0,56400179.0
2026-07-21,4976,佳凌,31.95,32.25,31.6,31.7,457489.0,14589396.0
2026-07-21,4977,眾達-KY,131.0,134.0,128.0,134.0,1016383.0,133135293.0
2026-07-21,4989,榮科,66.5,69.2,65.0,69.0,10131754.0,680679449.0
2026-07-21,4994,傳奇,91.1,93.6,91.1,93.0,34390.0,3190154.0
2026-07-21,4999,鑫禾,19.5,19.55,19.35,19.45,46484.0,904867.0
2026-07-21,5007,三星,56.5,56.5,55.8,56.3,10133.0,569022.0
2026-07-21,5203,訊連,64.6,66.2,64.6,65.9,104328.0,6825984.0
2026-07-21,5215,科嘉-KY,38.5,39.35,38.5,39.3,84310.0,3283856.0
2026-07-21,5222,全訊,115.0,121.5,115.0,121.5,364823.0,43792879.0
2026-07-21,5225,東科-KY,70.3,73.2,70.3,72.2,164415.0,11898440.0
2026-07-21,5234,達興材料,335.5,347.0,333.0,342.5,219770.0,74700117.0
2026-07-21,5236,凌陽創新,144.0,149.0,144.0,148.5,143562.0,21039347.0
2026-07-21,5243,乙盛-KY,88.2,89.5,87.1,89.0,1094364.0,96907095.0
2026-07-21,5244,弘凱,31.35,31.9,31.35,31.5,120343.0,3803415.0
2026-07-21,5258,虹堡,52.0,53.9,51.3,52.8,304247.0,16006185.0
2026-07-21,5269,祥碩,1430.0,1445.0,1400.0,1410.0,642195.0,910036010.0
2026-07-21,5283,禾聯碩,53.4,53.9,53.3,53.6,49201.0,2633815.0
2026-07-21,5284,jpp-KY,294.0,294.0,286.0,293.0,371220.0,107822632.0
2026-07-21,5285,界霖,81.4,81.4,79.0,80.6,1002030.0,80253582.0
2026-07-21,5288,豐祥-KY,189.0,200.0,189.0,197.0,607279.0,119209299.0
2026-07-21,5292,華懋,180.0,180.0,168.0,169.5,424690.0,74321982.0
2026-07-21,5306,桂盟,93.0,94.2,92.2,92.5,167812.0,15615559.0
2026-07-21,5388,中磊,83.1,85.4,83.1,85.1,2783991.0,235569651.0
2026-07-21,5434,崇越,542.0,555.0,532.0,547.0,1282070.0,695267246.0
2026-07-21,5469,瀚宇博,69.2,70.8,68.8,70.5,1072219.0,74921484.0
2026-07-21,5471,松翰,54.3,57.2,53.7,56.4,2788356.0,156328496.0
2026-07-21,5484,慧友,42.0,42.35,41.05,41.7,237368.0,9901815.0
2026-07-21,5515,建國,42.9,44.35,42.9,44.25,1123298.0,49185249.0
2026-07-21,5519,隆大,27.9,28.3,27.9,28.1,333780.0,9395590.0
2026-07-21,5521,工信,10.1,10.35,10.1,10.3,1892665.0,19373951.0
2026-07-21,5522,遠雄,67.1,68.9,67.1,68.6,843833.0,57802186.0
2026-07-21,5525,順天,22.8,23.9,22.8,23.3,693332.0,16178178.0
2026-07-21,5531,鄉林,7.84,7.98,7.6,7.83,441237.0,3462116.0
2026-07-21,5533,皇鼎,14.0,14.2,13.95,14.2,102103.0,1434694.0
2026-07-21,5534,長虹,80.6,81.7,80.5,80.9,434732.0,35228349.0
2026-07-21,5538,東明-KY,35.95,35.95,34.9,35.2,18168.0,639011.0
2026-07-21,5546,永固-KY,17.1,17.1,17.1,17.1,2936.0,50203.0
2026-07-21,5607,遠雄港,49.25,50.3,49.25,50.3,245458.0,12275379.0
2026-07-21,5608,四維航,13.75,14.05,13.7,13.85,966740.0,13434520.0
2026-07-21,5706,鳳凰,45.6,46.6,45.6,46.4,127453.0,5908993.0
2026-07-21,5871,中租-KY,121.5,123.5,120.0,123.5,13601613.0,1663956389.0
2026-07-21,5876,上海商銀,45.5,46.5,45.5,45.65,17187739.0,791434187.0
2026-07-21,5880,合庫金,25.55,25.9,25.5,25.7,19808766.0,509482718.0
2026-07-21,5906,台南-KY,0.0,0.0,0.0,0.0,0,0
2026-07-21,5907,大洋-KY,4.85,4.93,4.85,4.9,82000.0,399990.0
2026-07-21,6005,群益證,33.2,33.95,33.1,33.6,10039975.0,337755051.0
2026-07-21,6024,群益期,63.8,64.6,63.7,64.4,309426.0,19917446.0
2026-07-21,6108,競國,16.7,17.0,16.65,16.7,769726.0,12890327.0
2026-07-21,6112,邁達特,41.0,42.15,41.0,42.0,227091.0,9470287.0
2026-07-21,6115,鎰勝,45.6,46.2,45.45,46.1,163873.0,7509366.0
2026-07-21,6116,彩晶,14.5,14.75,14.35,14.5,21954763.0,318861121.0
2026-07-21,6117,迎廣,66.5,69.2,66.5,67.1,116716.0,7917643.0
2026-07-21,6120,達運,13.1,13.4,13.05,13.4,1209906.0,16057958.0
2026-07-21,6128,上福,20.25,20.8,20.25,20.6,74785.0,1540296.0
2026-07-21,6133,金橋,20.7,21.3,20.7,21.3,524641.0,11086980.0
2026-07-21,6136,富爾特,24.25,24.45,24.2,24.3,125569.0,3051745.0
2026-07-21,6139,亞翔,788.0,815.0,784.0,815.0,2551327.0,2043340488.0
2026-07-21,6141,柏承,38.5,38.95,37.35,38.55,818990.0,31191105.0
2026-07-21,6142,友勁,9.39,9.99,9.24,9.8,1438926.0,13909644.0
2026-07-21,6152,百一,12.05,12.2,12.0,12.15,465569.0,5629495.0
2026-07-21,6153,嘉聯益,16.55,17.2,16.5,17.0,3197440.0,53840554.0
2026-07-21,6155,鈞寶,59.7,60.8,58.3,59.5,1769538.0,105225978.0
2026-07-21,6164,華興,12.5,12.75,12.45,12.6,662991.0,8322071.0
2026-07-21,6165,浪凡,50.5,50.6,49.8,49.95,338904.0,17040910.0
2026-07-21,6166,凌華,120.5,132.0,120.5,132.0,1054160.0,136664540.0
2026-07-21,6168,宏齊,24.2,24.4,23.85,24.15,1170082.0,28240540.0
2026-07-21,6176,瑞儀,83.8,85.0,82.8,84.7,3792250.0,317930848.0
2026-07-21,6177,達麗,47.6,48.2,47.2,47.55,757151.0,36152524.0
2026-07-21,6183,關貿,90.3,91.2,90.3,91.2,17508.0,1590096.0
2026-07-21,6184,大豐電,42.65,42.95,42.5,42.85,37575.0,1605052.0
2026-07-21,6189,豐藝,47.9,48.05,47.4,47.6,283045.0,13504495.0
2026-07-21,6191,精成科,91.3,91.4,89.9,90.5,3019687.0,273664066.0
2026-07-21,6192,巨路,115.0,116.5,115.0,116.5,78056.0,9062280.0
2026-07-21,6196,帆宣,528.0,540.0,524.0,540.0,1282555.0,683359294.0
2026-07-21,6197,佳必琪,305.0,309.5,297.5,307.5,2714919.0,824801312.0
2026-07-21,6201,亞弘電,49.2,49.5,48.85,49.1,40420.0,1985716.0
2026-07-21,6202,盛群,56.5,57.9,55.8,57.1,2434120.0,138272208.0
2026-07-21,6205,詮欣,61.5,61.8,60.2,61.4,388141.0,23712614.0
2026-07-21,6206,飛捷,117.5,122.5,117.5,120.5,1646638.0,199152532.0
2026-07-21,6209,今國光,66.0,67.9,65.8,67.6,2538650.0,169438477.0
2026-07-21,6213,聯茂,334.0,354.5,334.0,354.5,10434114.0,3659371665.0
2026-07-21,6214,精誠,138.5,141.5,137.0,141.5,1228454.0,171903211.0
2026-07-21,6215,和椿,95.4,96.6,94.6,96.3,635423.0,60748499.0
2026-07-21,6216,居易,22.05,22.4,22.0,22.2,66673.0,1479910.0
2026-07-21,6224,聚鼎,56.5,58.1,56.1,56.5,474055.0,26887887.0
2026-07-21,6225,天瀚,26.5,26.8,25.95,26.05,6149.0,161684.0
2026-07-21,6226,光鼎,19.3,19.5,18.3,18.3,4430671.0,82137672.0
2026-07-21,6230,尼得科超眾,110.5,116.0,110.0,116.0,36218.0,4134560.0
2026-07-21,6235,華孚,39.95,40.25,39.7,39.95,294282.0,11769118.0
2026-07-21,6239,力成,272.0,273.5,264.0,272.0,16973344.0,4560255871.0
2026-07-21,6243,迅杰,45.0,51.0,44.5,51.0,4815516.0,236413155.0
2026-07-21,6257,矽格,215.0,217.0,211.0,216.0,3911718.0,839052327.0
2026-07-21,6269,台郡,55.0,56.7,54.5,55.9,2522864.0,140330020.0
2026-07-21,6271,同欣電,194.0,204.0,193.0,200.5,4733765.0,945964611.0
2026-07-21,6272,驊陞,27.15,27.2,26.85,26.9,133158.0,3599912.0
2026-07-21,6277,宏正,76.0,79.5,76.0,79.3,1198030.0,93593800.0
2026-07-21,6278,台表科,162.5,168.5,157.0,167.0,4593592.0,746974043.0
2026-07-21,6281,全國電,51.5,51.9,51.5,51.8,54500.0,2818246.0
2026-07-21,6282,康舒,47.5,48.6,46.8,48.5,8857516.0,424502798.0
2026-07-21,6283,淳安,21.05,21.3,21.0,21.2,99052.0,2093657.0
2026-07-21,6285,啟碁,238.5,245.0,237.0,245.0,4738396.0,1144837777.0
2026-07-21,6405,悅城,42.05,42.9,41.7,41.9,691223.0,29103430.0
2026-07-21,6409,旭隼,1000.0,1005.0,973.0,989.0,524304.0,517733405.0
2026-07-21,6412,群電,80.7,82.1,80.1,81.7,840848.0,68011348.0
2026-07-21,6414,樺漢,405.5,445.5,403.5,445.5,5176748.0,2233065356.0
2026-07-21,6415,矽力*-KY,440.0,468.0,438.0,461.5,2773645.0,1264099612.0
2026-07-21,6416,瑞祺電通,90.6,99.4,90.6,99.4,1111172.0,108318685.0
2026-07-21,6426,統新,158.0,158.5,153.0,155.5,291982.0,45547254.0
2026-07-21,6431,光麗-KY,17.2,17.2,16.75,17.2,54092.0,921031.0
2026-07-21,6438,迅得,145.0,148.5,145.0,147.5,200589.0,29504811.0
2026-07-21,6442,光聖,1260.0,1280.0,1210.0,1260.0,1463985.0,1816224660.0
2026-07-21,6443,元晶,28.1,29.4,28.1,28.4,5424641.0,155422262.0
2026-07-21,6446,藥華藥,1185.0,1225.0,1175.0,1175.0,2044851.0,2436640525.0
2026-07-21,6449,鈺邦,246.5,249.5,238.5,245.0,1160812.0,284246814.0
2026-07-21,6451,訊芯-KY,404.5,435.0,402.5,435.0,2245025.0,945649393.0
2026-07-21,6456,GIS-KY,63.2,63.8,62.1,62.5,2143263.0,134440306.0
2026-07-21,6464,台數科,78.7,79.2,78.4,79.2,30396.0,2400626.0
2026-07-21,6472,保瑞,394.0,403.5,394.0,401.0,406791.0,162629138.0
2026-07-21,6477,安集,41.0,45.1,40.7,42.35,21753433.0,949260914.0
2026-07-21,6491,晶碩,335.5,338.0,333.0,335.0,224446.0,75201690.0
2026-07-21,6504,南六,36.3,36.4,36.15,36.4,41226.0,1497307.0
2026-07-21,6505,台塑化,80.0,85.4,79.7,85.4,49355848.0,4121053967.0
2026-07-21,6515,穎崴,6160.0,6655.0,6095.0,6655.0,547725.0,3536306290.0
2026-07-21,6525,捷敏-KY,155.0,158.5,148.0,151.0,5711736.0,869438434.0
2026-07-21,6526,達發,556.0,585.0,556.0,584.0,328098.0,187903375.0
2026-07-21,6531,愛普*,810.0,858.0,805.0,858.0,2388062.0,2011792424.0
2026-07-21,6533,晶心科,238.0,241.5,228.0,234.5,4254017.0,996505997.0
2026-07-21,6534,正瀚-創,92.4,95.0,92.4,93.5,111180.0,10446893.0
2026-07-21,6541,泰福-KY,39.1,40.45,38.9,40.4,337898.0,13456420.0
2026-07-21,6550,北極星藥業-KY,12.45,12.5,12.25,12.4,671097.0,8312598.0
2026-07-21,6552,易華電,25.85,25.85,25.3,25.45,148885.0,3789909.0
2026-07-21,6558,興能高,27.1,27.8,26.9,27.45,169185.0,4630233.0
2026-07-21,6573,虹揚-KY,20.0,20.15,19.55,19.75,345981.0,6827440.0
2026-07-21,6579,研揚,149.0,163.5,149.0,163.5,835564.0,134400370.0
2026-07-21,6581,鋼聯,107.5,108.0,106.5,107.0,39336.0,4205539.0
2026-07-21,6582,申豐,32.1,32.55,32.05,32.55,134905.0,4104550.0
2026-07-21,6585,鼎基,122.5,125.5,121.0,125.5,242272.0,30038027.0
2026-07-21,6589,台康生技,45.65,45.95,45.2,45.5,356323.0,16261569.0
2026-07-21,6591,動力-KY,43.7,44.3,43.7,44.1,112984.0,4967406.0
2026-07-21,6592,和潤企業,60.3,61.1,60.3,60.9,271844.0,16538364.0
2026-07-21,6598,ABC-KY,26.75,27.4,25.65,26.65,500129.0,13232276.0
2026-07-21,6605,帝寶,130.5,132.0,130.0,131.0,338645.0,44424752.0
2026-07-21,6606,建德工業,25.6,26.3,25.4,25.8,69432.0,1784220.0
2026-07-21,6614,資拓宏宇,38.6,38.65,38.4,38.5,29059.0,1120106.0
2026-07-21,6625,必應,76.0,76.2,75.8,75.9,97511.0,7409695.0
2026-07-21,6641,基士德-KY,17.7,18.2,17.7,18.0,48512.0,871883.0
2026-07-21,6645,金萬林-創,13.4,13.5,13.25,13.5,17600.0,236070.0
2026-07-21,6655,科定,117.0,117.5,117.0,117.5,2069.0,242609.0
2026-07-21,6657,華安,35.0,36.2,34.9,36.1,171276.0,6103557.0
2026-07-21,6658,聯策,156.0,158.0,151.0,153.5,615677.0,95053171.0
2026-07-21,6666,羅麗芬-KY,45.2,45.2,44.95,45.15,55108.0,2480422.0
2026-07-21,6668,中揚光,34.55,34.7,34.0,34.15,232269.0,7939402.0
2026-07-21,6669,緯穎,4825.0,5045.0,4825.0,5000.0,1129418.0,5594686010.0
2026-07-21,6670,復盛應用,260.0,263.5,258.0,261.0,433947.0,113370471.0
2026-07-21,6671,三能-KY,24.0,24.2,24.0,24.1,54000.0,1297250.0
2026-07-21,6672,騰輝電子-KY,227.5,236.0,225.0,229.5,4290880.0,991495255.0
2026-07-21,6674,鋐寶科技,16.3,16.3,16.2,16.3,14003.0,227503.0
2026-07-21,6689,伊雲谷,60.3,62.1,60.3,62.1,63960.0,3938798.0
2026-07-21,6691,洋基工程,707.0,723.0,706.0,721.0,483840.0,346562851.0
2026-07-21,6695,芯鼎,52.2,57.5,52.1,57.5,905503.0,50561939.0
2026-07-21,6698,旭暉應材,35.0,35.1,34.5,34.5,144736.0,5028547.0
2026-07-21,6706,惠特,109.5,111.0,107.0,109.5,1042043.0,113662825.0
2026-07-21,6715,嘉基,375.0,407.5,371.5,386.5,910897.0,349807572.0
2026-07-21,6719,力智,216.5,234.5,216.5,234.5,1193915.0,272076183.0
2026-07-21,6722,輝創,34.1,34.8,34.0,34.8,23119.0,793926.0
2026-07-21,6742,澤米,44.85,45.35,44.3,44.9,509207.0,22833088.0
2026-07-21,6743,安普新,30.05,30.5,29.95,30.5,154063.0,4650966.0
2026-07-21,6753,龍德造船,140.0,153.0,138.0,153.0,4293005.0,640472435.0
2026-07-21,6754,匯僑設計,43.0,43.05,41.8,42.15,21213.0,896509.0
2026-07-21,6756,威鋒電子,92.3,94.7,92.3,94.0,94112.0,8841526.0
2026-07-21,6757,台灣虎航,57.3,59.2,57.3,58.6,1145258.0,67163877.0
2026-07-21,6768,志強-KY,70.2,71.0,69.3,69.5,463137.0,32414368.0
2026-07-21,6770,力積電,64.0,65.1,63.0,65.1,126328180.0,8102265049.0
2026-07-21,6771,平和環保-創,39.0,39.0,38.35,38.5,27382.0,1053701.0
2026-07-21,6776,展碁國際,54.5,55.4,54.3,55.0,181177.0,9928842.0
2026-07-21,6781,AES-KY,960.0,972.0,933.0,969.0,422356.0,402507471.0
2026-07-21,6782,視陽,195.5,196.5,193.5,194.5,308621.0,60246587.0
2026-07-21,6789,采鈺,460.0,481.5,460.0,481.5,1593631.0,753844665.0
2026-07-21,6790,永豐實,39.0,39.35,38.95,39.0,196992.0,7701932.0
2026-07-21,6792,詠業,53.4,54.8,53.4,54.0,57005.0,3071286.0
2026-07-21,6794,向榮生技,76.8,78.3,76.7,77.5,27151.0,2094006.0
2026-07-21,6796,晉弘,58.8,58.8,57.2,57.9,26540.0,1531249.0
2026-07-21,6799,來頡,81.9,84.4,81.9,84.2,183316.0,15272972.0
2026-07-21,6805,富世達,1325.0,1425.0,1325.0,1415.0,987450.0,1376201830.0
2026-07-21,6807,峰源-KY,34.2,34.2,33.95,33.95,3006.0,102304.0
2026-07-21,6830,汎銓,348.0,351.5,334.5,346.5,665219.0,229093401.0
2026-07-21,6831,邁科,535.0,605.0,535.0,600.0,458176.0,264693362.0
2026-07-21,6834,天二科技,99.0,104.0,95.6,99.1,7744331.0,773977205.0
2026-07-21,6835,圓裕,31.6,32.2,31.5,32.05,47412.0,1505739.0
2026-07-21,6838,台新藥,23.8,23.95,23.4,23.45,80305.0,1894995.0
2026-07-21,6854,錼創科技-KY創,101.0,104.0,100.5,102.0,229961.0,23352611.0
2026-07-21,6861,睿生光電,216.5,223.0,207.0,211.0,418164.0,89121945.0
2026-07-21,6862,三集瑞-KY,146.0,150.0,145.0,149.5,280215.0,41371585.0
2026-07-21,6863,永道-KY,101.5,105.0,101.0,104.5,154317.0,15925302.0
2026-07-21,6869,雲豹能源,68.7,69.6,68.1,68.5,288499.0,19813281.0
2026-07-21,6873,泓德能源,83.7,87.9,83.7,87.3,584884.0,50633568.0
2026-07-21,6885,全福生技,21.0,21.2,20.75,20.8,244073.0,5098282.0
2026-07-21,6887,寶綠特-KY,35.2,37.3,35.2,37.3,34324.0,1243391.0
2026-07-21,6890,來億-KY,173.5,177.0,168.5,177.0,239931.0,41415831.0
2026-07-21,6901,鑽石投資,17.9,18.3,17.5,17.6,2198124.0,38884860.0
2026-07-21,6902,GOGOLOOK,122.5,122.5,116.5,120.5,140543.0,16701262.0
2026-07-21,6906,現觀科,70.1,72.3,70.1,71.1,70450.0,4995711.0
2026-07-21,6908,宏碁遊戲-創,35.65,35.85,35.5,35.85,10092.0,360312.0
2026-07-21,6909,創控,42.8,43.4,42.75,43.35,320563.0,13823899.0
2026-07-21,6914,阜爾運通,146.0,146.0,145.0,145.0,19530.0,2839529.0
2026-07-21,6916,華凌,19.8,19.9,19.2,19.75,26420.0,520280.0
2026-07-21,6918,愛派司,72.3,73.0,72.3,72.9,10043.0,729296.0
2026-07-21,6919,康霈*,107.5,108.5,104.5,105.0,3469239.0,367279826.0
2026-07-21,6921,嘉雨思-創,59.3,65.2,59.3,63.3,31003.0,1953798.0
2026-07-21,6923,中台,78.0,78.0,77.0,77.1,49230.0,3806455.0
2026-07-21,6924,榮惠-KY創,104.0,109.0,104.0,105.5,23111.0,2461479.0
2026-07-21,6928,攸泰科技,54.7,58.6,54.2,57.7,1324762.0,75087894.0
2026-07-21,6931,青松健康,39.5,40.0,39.2,39.4,40062.0,1581229.0
2026-07-21,6933,AMAX-KY,165.0,175.0,160.5,175.0,829241.0,141418809.0
2026-07-21,6934,心誠鎂,80.0,82.0,77.0,78.0,30368.0,2412450.0
2026-07-21,6936,永鴻生技,31.9,31.9,31.8,31.8,19295.0,614585.0
2026-07-21,6937,天虹,274.5,275.5,262.5,268.5,317983.0,85205725.0
2026-07-21,6944,兆聯實業,972.0,1015.0,972.0,1005.0,547084.0,547662428.0
2026-07-21,6949,沛爾生醫-創,1000.0,1060.0,980.0,994.0,278962.0,284810857.0
2026-07-21,6951,青新-創,71.7,72.3,71.7,72.3,29326.0,2109605.0
2026-07-21,6952,大武山,35.1,35.8,34.95,35.75,29349.0,1035829.0
2026-07-21,6955,邦睿生技-創,113.5,113.5,113.5,113.5,1504.0,170618.0
2026-07-21,6957,裕慶-KY,251.0,259.0,251.0,253.0,248689.0,63209651.0
2026-07-21,6958,日盛台駿,18.85,18.85,18.1,18.45,47163.0,863915.0
2026-07-21,6962,奕力-KY,33.05,33.6,32.75,33.35,1344496.0,44667450.0
2026-07-21,6965,中傑-KY,78.4,79.3,78.4,79.2,18103.0,1425925.0
2026-07-21,6969,成信實業*-創,29.0,29.0,28.0,29.0,1054372.0,30552638.0
2026-07-21,6988,威力暘-創,13.05,13.05,12.4,12.8,69000.0,887450.0
2026-07-21,6994,富威電力,40.3,40.6,40.2,40.2,235701.0,9502185.0
2026-07-21,7610,聯友金屬-創,2025.0,2060.0,1955.0,1955.0,497188.0,980962540.0
2026-07-21,7631,聚賢研發-創,147.5,147.5,138.5,140.0,39726.0,5565588.0
2026-07-21,7705,三商餐飲,30.4,30.85,30.4,30.6,24416.0,744495.0
2026-07-21,7711,永擎,301.0,307.0,300.5,304.0,129525.0,39436676.0
2026-07-21,7721,微程式,63.6,63.6,61.0,61.7,103111.0,6361692.0
2026-07-21,7722,LINEPAY,309.0,309.5,300.0,308.5,78462.0,23940053.0
2026-07-21,7730,暉盛-創,169.0,169.5,163.0,168.0,53227.0,8851800.0
2026-07-21,7732,金興精密,35.75,36.1,35.75,36.0,49000.0,1762450.0
2026-07-21,7736,虎山,71.0,71.0,70.2,70.3,21650.0,1523674.0
2026-07-21,7740,熙特爾-創,162.5,163.5,159.5,162.0,158981.0,25766464.0
2026-07-21,7749,意騰-KY,354.0,366.5,354.0,362.5,111623.0,40302027.0
2026-07-21,7750,新代,1925.0,2055.0,1925.0,2030.0,185802.0,377255525.0
2026-07-21,7760,享溫馨,34.7,34.8,34.05,34.8,60003.0,2073602.0
2026-07-21,7765,中華資安,230.0,230.5,226.5,227.0,30081.0,6868998.0
2026-07-21,7768,頌勝科技,303.0,303.0,292.0,297.0,74794.0,22157893.0
2026-07-21,7769,鴻勁,6080.0,6500.0,6080.0,6500.0,543220.0,3463143745.0
2026-07-21,7780,大研生醫*,17.3,17.55,17.3,17.45,473100.0,8255743.0
2026-07-21,7786,東方風能,130.0,133.0,130.0,132.0,152638.0,20095646.0
2026-07-21,7788,松川精密,236.5,237.5,223.0,229.0,1014061.0,233763681.0
2026-07-21,7791,皇家可口,62.5,62.9,62.1,62.9,11071.0,690642.0
2026-07-21,7795,長廣,442.5,459.5,412.5,415.5,1652341.0,705533349.0
2026-07-21,7799,禾榮科,420.5,443.5,420.5,425.0,593525.0,255356728.0
2026-07-21,7803,雲象科技-創,21.25,21.55,21.05,21.5,71015.0,1516074.0
2026-07-21,7818,溢泰實業,69.0,69.0,68.0,68.9,81503.0,5599902.0
2026-07-21,7821,神數,40.65,41.0,40.4,41.0,135772.0,5534988.0
2026-07-21,7822,倍利科,880.0,880.0,857.0,868.0,108945.0,94248907.0
2026-07-21,7823,奧義賽博-KY創,83.8,84.0,83.7,83.7,17110.0,1434640.0
2026-07-21,7827,漢康-KY創,153.0,158.0,146.5,156.0,453610.0,69060469.0
2026-07-21,8011,台通,16.85,16.95,16.65,16.75,654810.0,10991222.0
2026-07-21,8016,矽創,275.5,290.0,275.5,288.0,789188.0,224967960.0
2026-07-21,8021,尖點,401.5,409.5,380.0,380.5,10124724.0,3954363111.0
2026-07-21,8028,昇陽半導體,306.5,311.0,293.0,305.0,9617378.0,2914293738.0
2026-07-21,8033,雷虎,206.5,222.0,201.0,214.0,22034619.0,4714509282.0
2026-07-21,8039,台虹,196.0,212.0,194.0,212.0,13174670.0,2715567040.0
2026-07-21,8045,達運光電,66.4,67.4,63.5,66.5,1865936.0,123983460.0
2026-07-21,8046,南電,1165.0,1210.0,1145.0,1190.0,16995210.0,20134204665.0
2026-07-21,8070,長華*,46.95,47.6,46.1,47.35,3216721.0,150925900.0
2026-07-21,8072,陞泰,26.8,27.25,26.8,27.2,88858.0,2413168.0
2026-07-21,8081,致新,239.0,251.0,236.0,247.0,2217179.0,545024726.0
2026-07-21,8101,華冠,13.4,13.4,13.4,13.4,1279.0,17108.0
2026-07-21,8103,瀚荃,77.1,79.2,76.8,77.6,523799.0,40680490.0
2026-07-21,8104,錸寶,34.1,34.45,33.7,34.0,373540.0,12715166.0
2026-07-21,8105,凌巨,16.3,17.65,16.25,17.65,5161417.0,88650036.0
2026-07-21,8110,華東,42.55,42.65,41.6,41.85,3573872.0,150147984.0
2026-07-21,8112,至上,81.5,86.3,81.5,86.2,11014674.0,931321882.0
2026-07-21,8114,振樺電,185.0,201.0,185.0,201.0,634819.0,125248784.0
2026-07-21,8131,福懋科,69.5,69.5,66.5,67.4,5190734.0,349868999.0
2026-07-21,8150,南茂,106.0,106.0,97.3,104.0,76392212.0,7755942856.0
2026-07-21,8162,微矽電子-創,62.2,62.9,60.8,61.9,216564.0,13347355.0
2026-07-21,8163,達方,32.65,33.2,32.55,32.7,793926.0,26124936.0
2026-07-21,8201,無敵,12.6,12.6,12.2,12.2,27042.0,334998.0
2026-07-21,8210,勤誠,1090.0,1175.0,1090.0,1165.0,885507.0,1015901680.0
2026-07-21,8213,志超,31.0,31.5,30.9,31.45,811934.0,25264296.0
2026-07-21,8215,明基材,24.45,25.05,24.45,24.8,463565.0,11487814.0
2026-07-21,8222,寶一,38.0,41.55,37.8,41.55,1849521.0,75348768.0
2026-07-21,8249,菱光,43.45,44.6,43.45,44.4,142539.0,6298623.0
2026-07-21,8261,富鼎,234.0,249.5,230.0,243.5,2324306.0,557149623.0
2026-07-21,8271,宇瞻,188.5,194.5,186.5,191.5,2564859.0,488712429.0
2026-07-21,8341,日友,76.3,76.6,76.1,76.6,128996.0,9849025.0
2026-07-21,8367,建新國際,40.7,40.7,40.3,40.7,17715.0,718347.0
2026-07-21,8374,羅昇,77.9,78.6,76.5,78.5,138454.0,10745642.0
2026-07-21,8404,百和興業-KY,17.05,17.35,17.05,17.15,287496.0,4953517.0
2026-07-21,8411,福貞-KY,12.6,12.7,12.4,12.7,121052.0,1529300.0
2026-07-21,8422,可寧衛*,26.2,26.5,25.95,26.4,4691732.0,123420164.0
2026-07-21,8429,金麗-KY,6.14,6.21,6.11,6.18,231673.0,1434976.0
2026-07-21,8438,昶昕,71.9,71.9,69.4,69.7,496562.0,34863653.0
2026-07-21,8442,威宏-KY,45.3,45.8,44.7,45.05,34030.0,1532712.0
2026-07-21,8443,阿瘦,11.15,11.4,11.15,11.4,21339.0,241265.0
2026-07-21,8454,富邦媒,251.5,255.5,248.5,250.0,662715.0,166886837.0
2026-07-21,8462,柏文,158.0,158.0,154.5,157.0,115189.0,17963538.0
2026-07-21,8463,潤泰材,21.4,21.5,21.4,21.5,46059.0,989346.0
2026-07-21,8464,億豐,362.5,363.5,358.5,363.0,274129.0,99279244.0
2026-07-21,8466,美吉吉-KY,17.15,17.45,17.15,17.45,59006.0,1022655.0
2026-07-21,8467,波力-KY,98.5,106.0,98.5,106.0,15028.0,1546326.0
2026-07-21,8473,山林水,43.6,44.25,43.6,44.2,387896.0,17081643.0
2026-07-21,8476,台境*,24.1,24.65,23.65,24.05,1115974.0,26768640.0
2026-07-21,8478,東哥遊艇,152.0,153.0,151.5,152.0,140979.0,21469214.0
2026-07-21,8481,政伸,40.45,40.45,40.25,40.25,6090.0,245344.0
2026-07-21,8482,商億-KY,48.7,48.7,48.7,48.7,5000.0,243500.0
2026-07-21,8487,愛爾達-創,75.1,75.6,75.0,75.0,28443.0,2138897.0
2026-07-21,8488,吉源-KY,10.2,10.2,10.2,10.2,3000.0,30600.0
2026-07-21,8499,鼎炫-KY,268.5,273.5,268.0,268.5,42258.0,11410280.0
2026-07-21,8926,台汽電,64.1,65.9,64.1,65.2,3316067.0,216252432.0
2026-07-21,8940,新天地,16.15,16.2,15.95,16.05,42109.0,675462.0
2026-07-21,8996,高力,1000.0,1010.0,955.0,983.0,2272350.0,2235838354.0
2026-07-21,9103,美德醫療-DR,5.22,5.37,5.22,5.29,918552.0,4868511.0
2026-07-21,9105,泰金寶-DR,8.5,8.85,8.49,8.76,25802777.0,225027081.0
2026-07-21,9110,越南控-DR,0.0,0.0,0.0,0.0,0,0
2026-07-21,9136,巨騰-DR,11.6,11.7,10.8,11.55,963765.0,10831506.0
2026-07-21,9802,鈺齊-KY,73.9,75.3,73.9,74.8,330551.0,24736249.0
2026-07-21,9902,台火,13.55,14.05,13.55,13.9,151909.0,2109017.0
2026-07-21,9904,寶成,24.4,24.7,24.4,24.4,17847472.0,437524388.0
2026-07-21,9905,大華,20.65,20.75,20.6,20.6,545528.0,10342769.0
2026-07-21,9906,欣巴巴,40.1,42.15,40.0,40.85,153153.0,6359819.0
2026-07-21,9907,統一實,15.1,15.4,15.1,15.35,4068128.0,62226798.0
2026-07-21,9908,大台北,29.2,29.35,29.1,29.35,151003.0,4408573.0
2026-07-21,9910,豐泰,69.0,70.0,67.2,68.1,2491917.0,170389775.0
2026-07-21,9911,櫻花,83.2,83.9,82.8,83.2,398733.0,33147063.0
2026-07-21,9912,偉聯,12.8,12.8,12.5,12.6,22396.0,282520.0
2026-07-21,9914,美利達,79.0,81.4,78.3,80.4,2709185.0,215418843.0
2026-07-21,9917,中保科,109.0,110.0,108.5,108.5,352110.0,38405191.0
2026-07-21,9918,欣天然,43.65,44.0,43.4,44.0,14901.0,650042.0
2026-07-21,9919,康那香,13.75,14.15,13.75,14.05,479493.0,6719102.0
2026-07-21,9921,巨大,82.8,84.9,82.4,84.6,2327660.0,194487262.0
2026-07-21,9924,福興,40.9,40.9,40.1,40.25,160898.0,6500349.0
2026-07-21,9925,新保,41.35,41.5,41.3,41.5,509628.0,21120940.0
2026-07-21,9926,新海,48.95,49.55,48.95,49.35,52705.0,2598814.0
2026-07-21,9927,泰銘,68.7,69.4,68.7,69.1,55790.0,3855007.0
2026-07-21,9928,中視,17.9,18.25,17.7,17.8,60229.0,1074771.0
2026-07-21,9929,秋雨,11.1,11.25,11.05,11.25,8000.0,88800.0
2026-07-21,9930,中聯資源,63.7,64.2,63.4,64.1,144786.0,9233724.0
2026-07-21,9931,欣高,33.8,33.9,33.6,33.9,19053.0,642466.0
2026-07-21,9933,中鼎,39.5,39.8,39.3,39.75,3428575.0,135465738.0
2026-07-21,9934,成霖,10.9,10.9,10.75,10.8,712136.0,7711242.0
2026-07-21,9935,慶豐富,18.9,19.55,18.85,19.45,416164.0,8042970.0
2026-07-21,9937,全國,55.9,56.0,55.4,56.0,13330.0,743683.0
2026-07-21,9938,百和,46.65,47.8,46.65,47.6,3272601.0,155355116.0
2026-07-21,9939,宏全,128.5,133.0,127.5,132.5,2662807.0,348916135.0
2026-07-21,9940,信義,20.65,20.75,20.4,20.55,516462.0,10605924.0
2026-07-21,9941,裕融,83.4,83.8,83.0,83.4,636021.0,53083467.0
2026-07-21,9942,茂順,124.0,124.5,123.0,123.0,107332.0,13278090.0
2026-07-21,9943,好樂迪,52.8,53.3,52.8,52.9,40331.0,2140609.0
2026-07-21,9944,新麗,18.0,18.5,18.0,18.45,95641.0,1741093.0
2026-07-21,9945,潤泰新,26.4,27.05,26.4,26.65,6298075.0,168676069.0
2026-07-21,9946,三發地產,18.25,18.45,18.1,18.45,304472.0,5588003.0
2026-07-21,9955,佳龍,24.55,24.55,24.2,24.4,78414.0,1910003.0
2026-07-21,9958,世紀鋼,112.5,116.5,112.5,115.0,1572737.0,180484099.0
2026-07-21,_TAIEX,加權指數,44232.87,44232.87,44232.87,44232.87,0,0
2026-07-22,0050,元大台灣50,104.5,104.8,103.3,103.85,107935092.0,11230695541.0
2026-07-22,0051,元大中型100,138.95,142.1,138.95,140.6,38992.0,5492665.0
2026-07-22,0052,富邦科技,61.3,61.45,60.35,60.6,22694690.0,1383190450.0
2026-07-22,0053,元大電子,236.3,236.65,233.75,233.75,29344.0,6908244.0
2026-07-22,0055,元大MSCI金融,42.7,42.99,42.5,42.76,424657.0,18109857.0
2026-07-22,0056,元大高股息,50.1,51.2,50.1,50.95,63366135.0,3225645051.0
2026-07-22,0057,富邦摩台,311.95,312.15,310.0,310.0,10289.0,3197470.0
2026-07-22,0061,元大寶滬深,24.82,25.45,24.82,25.23,573246.0,14489259.0
2026-07-22,1101,台泥,24.0,24.2,23.75,23.85,15250226.0,364506996.0
2026-07-22,1102,亞泥,33.0,33.25,32.4,32.45,21672998.0,707290632.0
2026-07-22,1103,嘉泥,13.6,13.7,13.55,13.55,927136.0,12621044.0
2026-07-22,1104,環泥,26.9,27.05,26.5,26.5,793276.0,21121951.0
2026-07-22,1108,幸福,12.3,12.3,12.15,12.2,249370.0,3048569.0
2026-07-22,1109,信大,13.85,13.95,13.8,13.8,168926.0,2342869.0
2026-07-22,1110,東泥,16.0,16.15,15.95,16.0,241014.0,3862674.0
2026-07-22,1201,味全,12.65,12.7,12.6,12.65,384752.0,4862555.0
2026-07-22,1203,味王,46.75,47.3,45.0,46.45,33195.0,1541163.0
2026-07-22,1210,大成,57.5,57.8,57.0,57.0,1628639.0,93197322.0
2026-07-22,1213,大飲,7.3,7.4,7.28,7.3,8962.0,65589.0
2026-07-22,1215,卜蜂,110.5,111.0,109.0,109.0,850839.0,93330263.0
2026-07-22,1216,統一,79.3,79.3,75.5,76.8,28491284.0,2192022816.0
2026-07-22,1217,愛之味,9.97,10.05,9.91,9.92,439351.0,4380841.0
2026-07-22,1218,泰山,16.3,16.3,16.05,16.05,1528606.0,24701458.0
2026-07-22,1219,福壽,11.6,11.7,11.6,11.65,644972.0,7526599.0
2026-07-22,1220,台榮,11.35,11.4,11.3,11.3,48756.0,554507.0
2026-07-22,1225,福懋油,27.05,27.2,26.6,26.6,67326.0,1810187.0
2026-07-22,1227,佳格,30.2,30.25,29.85,29.95,1996262.0,59800304.0
2026-07-22,1229,聯華,40.95,41.35,40.1,40.2,3773800.0,152936605.0
2026-07-22,1231,聯華食,92.5,93.0,90.7,90.8,435358.0,39887216.0
2026-07-22,1232,大統益,160.0,160.0,153.0,153.5,733363.0,114275928.0
2026-07-22,1233,天仁,29.0,29.0,28.7,28.7,20219.0,582953.0
2026-07-22,1234,黑松,33.8,33.8,33.3,33.3,129522.0,4333536.0
2026-07-22,1235,興泰,36.05,36.7,35.8,35.8,34702.0,1260070.0
2026-07-22,1236,宏亞,23.4,23.95,23.35,23.6,30603.0,725287.0
2026-07-22,1256,鮮活果汁-KY,187.0,187.0,183.5,183.5,74453.0,13751620.0
2026-07-22,1301,台塑,63.1,66.5,63.1,63.5,61438338.0,3976058090.0
2026-07-22,1303,南亞,203.0,212.0,196.5,208.0,114338025.0,23504663767.0
2026-07-22,1304,台聚,13.05,13.6,13.05,13.35,4412907.0,59198380.0
2026-07-22,1305,華夏,12.55,12.9,12.55,12.7,1626309.0,20756468.0
2026-07-22,1307,三芳,32.4,33.0,32.4,32.5,547761.0,17899327.0
2026-07-22,1308,亞聚,14.2,14.75,14.2,14.6,1752560.0,25528145.0
2026-07-22,1309,台達化,14.6,15.15,14.6,14.8,3223191.0,48048416.0
2026-07-22,1310,台苯,10.4,10.4,10.05,10.15,4134967.0,42207070.0
2026-07-22,1312,國喬,13.35,13.95,13.25,13.8,17362301.0,235817558.0
2026-07-22,1313,聯成,12.1,12.45,12.1,12.3,4066575.0,49939859.0
2026-07-22,1314,中石化,8.6,8.75,8.41,8.42,37144576.0,317483079.0
2026-07-22,1315,達新,64.2,64.5,63.9,64.4,20606.0,1323836.0
2026-07-22,1316,上曜,10.35,10.45,10.3,10.4,1103252.0,11453740.0
2026-07-22,1319,東陽,73.7,74.4,73.1,73.2,1978670.0,145445849.0
2026-07-22,1321,大洋,32.1,32.15,31.65,31.9,63011.0,2008650.0
2026-07-22,1323,永裕,19.9,20.05,19.8,19.85,53659.0,1065196.0
2026-07-22,1324,地球,10.3,10.3,10.25,10.25,62342.0,639501.0
2026-07-22,1325,恆大,26.2,27.5,26.2,26.7,1246498.0,33486618.0
2026-07-22,1326,台化,68.8,73.5,68.3,70.6,94039267.0,6749029657.0
2026-07-22,1337,再生-KY,4.9,4.94,4.85,4.88,346993.0,1696758.0
2026-07-22,1338,廣華-KY,16.1,16.3,16.0,16.1,59269.0,952815.0
2026-07-22,1339,昭輝,45.25,45.6,44.85,45.2,98564.0,4449153.0
2026-07-22,1340,勝悅-KY,5.19,5.2,5.15,5.16,324455.0,1680055.0
2026-07-22,1341,富林-KY,57.9,58.5,57.9,58.5,4133.0,240133.0
2026-07-22,1342,八貫,113.0,114.0,112.0,114.0,268084.0,30356879.0
2026-07-22,1402,遠東新,27.35,27.85,27.2,27.2,15942868.0,436968368.0
2026-07-22,1409,新纖,24.35,25.0,24.3,24.4,10455213.0,256396539.0
2026-07-22,1410,南染,26.95,27.2,26.35,26.35,131265.0,3518471.0
2026-07-22,1413,宏洲,9.13,9.42,9.13,9.42,30918.0,285740.0
2026-07-22,1414,東和,18.7,18.7,18.0,18.0,208102.0,3778886.0
2026-07-22,1416,廣豐,11.05,11.1,11.0,11.05,198910.0,2197059.0
2026-07-22,1417,嘉裕,8.77,8.88,8.73,8.8,337256.0,2960021.0
2026-07-22,1418,東華,18.1,18.3,17.9,18.15,11038.0,199982.0
2026-07-22,1419,新紡,66.9,67.0,65.9,65.9,101466.0,6725532.0
2026-07-22,1423,利華,36.25,36.5,36.1,36.1,705320.0,23248765.0
2026-07-22,1432,大魯閣,15.1,15.1,15.05,15.05,99138.0,1494724.0
2026-07-22,1434,福懋,19.15,19.85,19.05,19.2,15919780.0,310024287.0
2026-07-22,1435,中福,18.7,19.6,18.7,19.2,30940.0,592598.0
2026-07-22,1436,華友聯,44.95,45.4,44.85,45.3,1326087.0,59734087.0
2026-07-22,1437,勤益控,31.2,31.3,31.0,31.15,299616.0,9329922.0
2026-07-22,1438,三地開發,22.4,22.4,21.6,21.9,54922.0,1199361.0
2026-07-22,1439,雋揚,26.85,26.85,26.3,26.6,199001.0,5279773.0
2026-07-22,1440,南紡,13.0,13.15,12.85,12.85,1808023.0,23462652.0
2026-07-22,1441,大東,9.05,9.1,9.03,9.03,42879.0,388338.0
2026-07-22,1442,名軒,30.2,30.2,29.1,29.15,459186.0,13566534.0
2026-07-22,1443,立益物流,26.55,26.6,26.0,26.0,19825.0,520603.0
2026-07-22,1444,力麗,8.11,8.19,7.97,8.05,2705154.0,21751607.0
2026-07-22,1445,大宇,11.2,11.2,11.0,11.05,86944.0,960754.0
2026-07-22,1446,宏和,14.35,14.35,14.0,14.0,206700.0,2912668.0
2026-07-22,1447,力鵬,7.75,7.86,7.65,7.78,4180884.0,32469619.0
2026-07-22,1449,佳和,12.95,13.0,12.7,12.8,583633.0,7498878.0
2026-07-22,1451,年興,17.5,17.5,17.15,17.4,142380.0,2472394.0
2026-07-22,1452,宏益,11.65,11.75,11.55,11.65,43546.0,506518.0
2026-07-22,1453,大將,11.15,11.2,11.15,11.2,45590.0,509970.0
2026-07-22,1454,台富,12.8,12.85,12.6,12.65,39554.0,501408.0
2026-07-22,1455,集盛,9.25,9.27,9.13,9.14,745593.0,6830680.0
2026-07-22,1456,怡華,14.15,14.15,13.6,13.95,66049.0,911127.0
2026-07-22,1457,宜進,14.3,14.3,14.1,14.25,122753.0,1745218.0
2026-07-22,1459,聯發,11.95,11.95,11.75,11.85,179971.0,2140334.0
2026-07-22,1460,宏遠,7.0,7.09,6.95,6.97,437302.0,3064015.0
2026-07-22,1463,強盛新,17.8,18.0,17.65,17.95,37982.0,676165.0
2026-07-22,1464,得力,10.5,10.55,10.35,10.4,339651.0,3540200.0
2026-07-22,1465,偉全,13.1,13.1,12.5,12.5,120382.0,1531344.0
2026-07-22,1466,聚隆,18.0,18.35,17.25,17.3,1414174.0,24971483.0
2026-07-22,1467,南緯,10.25,10.55,9.84,10.0,3317919.0,33573606.0
2026-07-22,1468,昶和,13.75,13.75,13.05,13.1,57064.0,765609.0
2026-07-22,1470,大統新創,22.35,22.55,22.35,22.55,5011.0,112727.0
2026-07-22,1471,首利,9.96,10.05,9.93,9.98,344709.0,3442089.0
2026-07-22,1472,三洋實業,87.0,89.0,87.0,88.4,24039.0,2117739.0
2026-07-22,1473,台南,20.5,20.5,20.05,20.15,63515.0,1283294.0
2026-07-22,1474,弘裕,10.5,10.6,10.4,10.5,76504.0,800146.0
2026-07-22,1475,業旺,26.55,27.3,26.55,27.2,8305.0,223407.0
2026-07-22,1476,儒鴻,343.5,344.0,337.0,337.5,1601276.0,543789027.0
2026-07-22,1477,聚陽,220.0,220.0,214.0,214.5,1749308.0,377296832.0
2026-07-22,1503,士電,207.5,212.5,207.5,211.5,2792173.0,588857813.0
2026-07-22,1504,東元,67.8,69.9,67.8,68.1,8178112.0,561202907.0
2026-07-22,1506,正道,10.8,10.8,10.6,10.6,227817.0,2433119.0
2026-07-22,1512,瑞利,6.69,6.76,6.65,6.65,40543.0,270693.0
2026-07-22,1513,中興電,164.5,167.0,162.5,162.5,3559066.0,587012821.0
2026-07-22,1514,亞力,108.0,110.5,108.0,108.5,5802121.0,633182892.0
2026-07-22,1515,力山,42.0,42.95,38.3,38.3,8119860.0,322319695.0
2026-07-22,1516,川飛,15.6,16.15,15.6,16.15,67785.0,1064151.0
2026-07-22,1517,利奇,11.45,11.85,11.45,11.6,976195.0,11327799.0
2026-07-22,1519,華城,696.0,711.0,696.0,705.0,1140701.0,803902458.0
2026-07-22,1521,大億,25.25,25.35,25.25,25.35,8005.0,202575.0
2026-07-22,1522,堤維西,28.9,28.95,28.55,28.55,561379.0,16099070.0
2026-07-22,1524,耿鼎,26.9,27.15,26.6,26.65,487177.0,13033379.0
2026-07-22,1525,江申,66.8,66.8,66.3,66.4,3122.0,207610.0
2026-07-22,1526,日馳,16.65,18.2,16.25,16.25,1144503.0,19409865.0
2026-07-22,1527,鑽全,34.0,34.0,33.65,33.7,93611.0,3159228.0
2026-07-22,1528,恩德,20.05,20.25,19.9,19.95,1052427.0,21069013.0
2026-07-22,1529,樂事綠能,18.55,19.5,18.55,19.4,567918.0,10805358.0
2026-07-22,1530,亞崴,30.5,31.0,30.5,30.65,83672.0,2566472.0
2026-07-22,1531,高林股,12.95,13.1,12.95,13.05,162662.0,2117631.0
2026-07-22,1532,勤美,23.35,23.45,23.15,23.15,291182.0,6777645.0
2026-07-22,1533,車王電,34.5,34.6,33.55,33.7,104611.0,3552818.0
2026-07-22,1535,中宇,46.6,46.6,45.75,45.75,195032.0,9001507.0
2026-07-22,1536,和大,51.6,53.6,51.4,52.3,2753088.0,144572996.0
2026-07-22,1537,廣隆,126.0,127.0,125.5,125.5,84011.0,10597961.0
2026-07-22,1538,正峰,10.0,10.0,10.0,10.0,8365.0,82738.0
2026-07-22,1539,巨庭,16.0,16.3,16.0,16.0,99253.0,1592866.0
2026-07-22,1540,喬福,22.15,22.3,21.95,22.0,160776.0,3556644.0
2026-07-22,1541,錩泰,22.2,22.45,21.75,22.2,33057.0,723322.0
2026-07-22,1558,伸興,95.1,95.1,93.3,93.6,171825.0,16111502.0
2026-07-22,1560,中砂,708.0,729.0,699.0,707.0,1753543.0,1255424266.0
2026-07-22,1563,巧新,60.5,63.0,60.4,62.8,915133.0,56621519.0
2026-07-22,1568,倉佑,30.0,30.15,29.35,29.55,379295.0,11283304.0
2026-07-22,1582,信錦,71.5,72.5,70.8,71.3,614849.0,43911274.0
2026-07-22,1583,程泰,49.45,49.6,49.35,49.35,10356.0,512068.0
2026-07-22,1587,吉茂,25.35,25.7,25.25,25.25,115238.0,2934969.0
2026-07-22,1590,亞德客-KY,1440.0,1460.0,1410.0,1430.0,1060711.0,1522039080.0
2026-07-22,1597,直得,126.0,131.5,126.0,129.0,690540.0,89163454.0
2026-07-22,1598,岱宇,20.05,20.15,19.6,19.7,160454.0,3183626.0
2026-07-22,1603,華電,29.5,29.6,29.05,29.05,228916.0,6710364.0
2026-07-22,1604,聲寶,23.45,23.55,23.2,23.2,649232.0,15146119.0
2026-07-22,1605,華新,33.45,34.25,33.45,33.5,15428804.0,522553162.0
2026-07-22,1608,華榮,30.1,30.55,30.1,30.45,2843179.0,86229135.0
2026-07-22,1609,大亞,38.0,38.45,37.75,37.75,4281456.0,162603927.0
2026-07-22,1611,中電,12.25,12.4,12.15,12.2,395884.0,4858506.0
2026-07-22,1612,宏泰,31.6,31.95,31.4,31.4,916592.0,28956450.0
2026-07-22,1614,三洋電,31.05,31.15,31.0,31.0,42104.0,1306686.0
2026-07-22,1615,大山,43.55,43.55,42.8,43.0,175646.0,7556029.0
2026-07-22,1616,億泰,20.3,20.35,20.05,20.05,527438.0,10631466.0
2026-07-22,1617,榮星,19.9,20.95,19.5,19.7,1293654.0,25868314.0
2026-07-22,1618,合機,38.2,39.35,38.2,39.1,975954.0,38033165.0
2026-07-22,1623,大東電,224.5,224.5,220.0,220.0,112747.0,24971633.0
2026-07-22,1626,艾美特-KY,10.2,10.2,10.0,10.05,38532.0,387486.0
2026-07-22,1702,南僑,33.95,34.15,33.45,33.5,311695.0,10478784.0
2026-07-22,1707,葡萄王,91.8,91.8,90.6,90.6,563424.0,51288630.0
2026-07-22,1708,東鹼,54.8,55.2,53.5,54.1,3503108.0,189938010.0
2026-07-22,1709,和益,27.55,28.3,27.25,27.9,5226738.0,145586722.0
2026-07-22,1710,東聯,17.0,18.5,16.95,17.55,23400633.0,417385626.0
2026-07-22,1711,永光,38.25,39.1,37.55,37.65,3230406.0,123595681.0
2026-07-22,1712,興農,40.05,40.05,38.85,38.85,2549271.0,99985718.0
2026-07-22,1713,國化,48.15,48.25,47.8,48.15,278313.0,13380908.0
2026-07-22,1714,和桐,15.35,16.15,15.25,15.7,21638321.0,339389573.0
2026-07-22,1717,長興,64.8,65.0,62.4,62.6,10748355.0,680168951.0
2026-07-22,1718,中纖,13.5,13.95,12.35,12.35,102414990.0,1334171463.0
2026-07-22,1720,生達,64.2,64.3,63.3,63.5,838134.0,53508260.0
2026-07-22,1721,三晃,21.15,21.55,20.9,21.05,713441.0,15166009.0
2026-07-22,1722,台肥,47.1,47.5,46.3,46.5,3838929.0,178887202.0
2026-07-22,1723,中碳,89.6,90.4,85.3,85.7,1818893.0,157749130.0
2026-07-22,1725,元禎,30.15,30.35,29.9,29.9,51613.0,1550728.0
2026-07-22,1726,永記,75.9,76.1,75.5,75.5,56290.0,4266536.0
2026-07-22,1727,中華化,82.4,83.8,80.2,80.3,1455674.0,119497600.0
2026-07-22,1730,花仙子,51.2,51.6,51.2,51.4,14623.0,751582.0
2026-07-22,1731,美吾華,20.6,20.7,20.6,20.6,77746.0,1605237.0
2026-07-22,1732,毛寶,27.0,28.05,27.0,27.0,1001481.0,27422144.0
2026-07-22,1733,五鼎,32.1,32.15,31.6,31.6,202531.0,6445957.0
2026-07-22,1734,杏輝,32.9,32.9,32.6,32.85,733366.0,24027796.0
2026-07-22,1735,日勝化,20.1,20.95,20.1,20.2,157807.0,3222215.0
2026-07-22,1736,喬山,138.5,142.5,136.0,136.5,1407089.0,194302386.0
2026-07-22,1737,臺鹽,32.0,32.0,31.8,31.8,210607.0,6715670.0
2026-07-22,1752,南光,31.5,31.65,31.5,31.55,28019.0,884522.0
2026-07-22,1760,寶齡富錦,61.6,62.0,61.1,61.5,146611.0,9020704.0
2026-07-22,1762,中化生,35.3,35.3,34.8,34.9,142562.0,4979759.0
2026-07-22,1773,勝一,171.0,174.0,168.5,169.0,914615.0,156450666.0
2026-07-22,1776,展宇,18.0,18.0,17.7,17.9,65231.0,1161435.0
2026-07-22,1783,和康生,40.05,40.25,39.85,39.9,84642.0,3389092.0
2026-07-22,1786,科妍,50.8,51.0,50.0,50.0,162132.0,8182252.0
2026-07-22,1789,神隆,20.05,20.05,19.75,19.75,573816.0,11433828.0
2026-07-22,1795,美時,191.5,195.5,190.5,192.5,2190934.0,421795585.0
2026-07-22,1802,台玻,55.2,57.0,55.2,55.6,17614999.0,987904343.0
2026-07-22,1805,寶徠,10.25,10.3,10.1,10.3,89372.0,912818.0
2026-07-22,1806,冠軍,8.32,8.4,8.32,8.38,408487.0,3416279.0
2026-07-22,1808,潤隆,31.8,32.2,31.7,31.95,638063.0,20389795.0
2026-07-22,1809,中釉,39.6,40.9,39.6,40.0,1358419.0,54690366.0
2026-07-22,1810,和成,33.4,34.15,33.15,34.15,36961745.0,1255808336.0
2026-07-22,1817,凱撒衛,38.5,39.0,38.5,38.7,89113.0,3456823.0
2026-07-22,1903,士紙,49.05,49.2,48.4,48.4,145906.0,7108618.0
2026-07-22,1904,正隆,21.5,21.8,21.1,21.45,1357654.0,29171110.0
2026-07-22,1905,華紙,14.2,14.4,14.0,14.25,2292566.0,32590130.0
2026-07-22,1906,寶隆,11.2,11.2,11.0,11.15,32746.0,363757.0
2026-07-22,1907,永豐餘,27.95,28.4,27.75,28.05,1137368.0,31809477.0
2026-07-22,1909,榮成,10.05,10.25,10.05,10.1,2521206.0,25577873.0
2026-07-22,2002,中鋼,18.75,19.0,18.75,18.85,46436073.0,877917949.0
2026-07-22,2006,東和鋼鐵,71.5,72.2,71.1,71.1,2870139.0,205545349.0
2026-07-22,2007,燁興,7.18,7.18,7.12,7.12,199744.0,1426946.0
2026-07-22,2008,高興昌,30.7,30.75,30.1,30.15,16982.0,514459.0
2026-07-22,2009,第一銅,37.8,38.55,37.75,37.85,1308438.0,49963623.0
2026-07-22,2010,春源,21.3,21.3,21.1,21.1,692029.0,14657925.0
2026-07-22,2012,春雨,15.65,15.75,15.6,15.6,51965.0,814091.0
2026-07-22,2013,中鋼構,41.35,41.35,40.65,40.65,149747.0,6111628.0
2026-07-22,2014,中鴻,17.0,17.35,17.0,17.15,2764821.0,47380989.0
2026-07-22,2015,豐興,63.7,64.0,62.7,62.7,245807.0,15541429.0
2026-07-22,2017,官田鋼,8.93,9.0,8.91,8.94,297187.0,2661719.0
2026-07-22,2020,美亞,21.2,21.35,21.1,21.1,227003.0,4813482.0
2026-07-22,2022,聚亨,7.75,7.79,7.7,7.75,427240.0,3302318.0
2026-07-22,2023,燁輝,13.85,14.05,13.75,13.85,1679422.0,23358449.0
2026-07-22,2024,志聯,13.65,13.7,13.55,13.55,15462.0,210704.0
2026-07-22,2025,千興,11.8,11.8,11.4,11.55,248176.0,2869446.0
2026-07-22,2027,大成鋼,41.35,44.75,41.35,43.75,50852028.0,2201319613.0
2026-07-22,2028,威致,15.65,15.7,15.5,15.6,94501.0,1471618.0
2026-07-22,2029,盛餘,20.7,20.8,20.5,20.5,129932.0,2678333.0
2026-07-22,2030,彰源,17.35,17.55,17.3,17.4,626359.0,10941550.0
2026-07-22,2031,新光鋼,39.5,40.25,39.45,39.8,837000.0,33457452.0
2026-07-22,2032,新鋼,15.9,16.1,15.8,16.05,255663.0,4085397.0
2026-07-22,2033,佳大,14.9,15.3,14.9,15.3,120974.0,1820204.0
2026-07-22,2034,允強,19.5,19.7,19.5,19.55,872575.0,17113110.0
2026-07-22,2038,海光,12.65,12.85,12.65,12.65,270994.0,3451380.0
2026-07-22,2049,上銀,307.5,326.5,307.5,320.5,2470512.0,791279030.0
2026-07-22,2059,川湖,8370.0,8495.0,8060.0,8125.0,411091.0,3397209970.0
2026-07-22,2062,橋椿,18.95,19.15,18.85,18.9,227545.0,4314033.0
2026-07-22,2069,運錩,18.8,18.85,18.65,18.65,225544.0,4220713.0
2026-07-22,2072,世紀風電,146.5,146.5,143.5,143.5,160300.0,23249866.0
2026-07-22,2101,南港,33.8,34.05,33.5,33.6,1471876.0,49656201.0
2026-07-22,2102,泰豐,19.05,19.65,19.05,19.1,352640.0,6809610.0
2026-07-22,2103,台橡,23.35,24.2,23.35,24.15,4683612.0,111916569.0
2026-07-22,2104,國際中橡,10.5,10.6,10.4,10.5,2128157.0,22368221.0
2026-07-22,2105,正新,32.25,32.5,31.25,31.25,15177614.0,481319785.0
2026-07-22,2106,建大,17.9,18.05,17.7,17.7,959520.0,17095088.0
2026-07-22,2107,厚生,26.05,26.1,25.8,25.8,305837.0,7937416.0
2026-07-22,2108,南帝,28.1,28.45,28.0,28.1,391782.0,11044721.0
2026-07-22,2109,華豐,14.65,14.7,14.55,14.55,123992.0,1810861.0
2026-07-22,2114,鑫永銓,88.0,88.0,87.1,87.1,58518.0,5119949.0
2026-07-22,2115,六暉-KY,22.2,22.35,21.8,22.0,145834.0,3234717.0
2026-07-22,2201,裕隆,28.45,28.85,28.1,28.1,1786235.0,50465452.0
2026-07-22,2204,中華,56.1,56.3,55.5,55.5,2323064.0,129598334.0
2026-07-22,2206,三陽工業,60.9,63.0,59.4,60.0,4608557.0,278210303.0
2026-07-22,2207,和泰車,490.5,496.0,490.0,492.0,289342.0,142458009.0
2026-07-22,2208,台船,21.0,21.7,20.05,20.1,10920880.0,225353692.0
2026-07-22,2211,長榮鋼,88.6,88.8,87.5,87.8,750821.0,66020637.0
2026-07-22,2227,裕日車,50.0,50.0,49.55,49.55,21426.0,1064386.0
2026-07-22,2228,劍麟,80.6,80.8,80.0,80.0,90791.0,7292512.0
2026-07-22,2231,為升,114.0,114.0,105.0,105.0,1028379.0,111241847.0
2026-07-22,2233,宇隆,211.0,223.5,210.0,216.0,748907.0,161512500.0
2026-07-22,2236,百達-KY,152.5,157.0,150.5,153.5,551830.0,84821488.0
2026-07-22,2239,英利-KY,20.25,20.5,19.85,19.9,137150.0,2747557.0
2026-07-22,2241,艾姆勒,35.45,36.4,34.95,35.05,700727.0,24748876.0
2026-07-22,2243,宏旭-KY,55.0,55.0,51.5,52.2,528498.0,28111300.0
2026-07-22,2247,汎德永業,221.5,222.0,220.0,220.0,24830.0,5480750.0
2026-07-22,2248,華勝-KY,64.8,67.1,63.6,63.6,349960.0,22789652.0
2026-07-22,2250,IKKA-KY,62.4,62.6,62.0,62.0,89738.0,5579062.0
2026-07-22,2254,巨鎧精密-創,60.5,60.5,60.5,60.5,1000.0,60500.0
2026-07-22,2258,鴻華先進-創,32.15,32.5,31.8,31.8,480018.0,15410443.0
2026-07-22,2301,光寶科,214.0,221.0,213.0,218.0,19802445.0,4306978403.0
2026-07-22,2302,麗正,41.0,43.55,40.0,43.55,4545945.0,192298047.0
2026-07-22,2303,聯電,140.5,145.0,137.5,139.0,176785970.0,24993034013.0
2026-07-22,2305,全友,33.0,35.0,32.05,33.75,4928955.0,165598118.0
2026-07-22,2308,台達電,1920.0,1950.0,1870.0,1880.0,11813364.0,22585771450.0
2026-07-22,2312,金寶,33.15,34.1,32.8,33.0,27797662.0,926728133.0
2026-07-22,2313,華通,215.5,219.5,208.0,208.0,39346319.0,8349844532.0
2026-07-22,2314,台揚,12.7,12.7,12.5,12.7,152854.0,1921278.0
2026-07-22,2316,楠梓電,166.0,171.0,161.5,161.5,4926967.0,815958546.0
2026-07-22,2317,鴻海,249.0,259.0,248.0,251.5,67787081.0,17204588878.0
2026-07-22,2321,東訊,16.2,16.2,15.75,15.9,5588.0,88592.0
2026-07-22,2323,中環,10.6,10.9,10.6,10.6,4613550.0,49452360.0
2026-07-22,2324,仁寶,36.45,37.0,36.05,36.2,46804122.0,1709799738.0
2026-07-22,2327,國巨*,713.0,730.0,676.0,703.0,75283059.0,52817106923.0
2026-07-22,2328,廣宇,47.4,48.3,47.0,47.0,2123621.0,101156971.0
2026-07-22,2329,華泰,46.1,47.65,46.1,46.8,3735956.0,175186632.0
2026-07-22,2330,台積電,2440.0,2445.0,2385.0,2400.0,31653123.0,76206482625.0
2026-07-22,2331,精英,20.05,20.35,20.05,20.05,1020931.0,20558062.0
2026-07-22,2332,友訊,22.05,24.45,22.0,23.9,62541984.0,1469661774.0
2026-07-22,2337,旺宏,129.5,135.0,129.5,135.0,54882537.0,7384301758.0
2026-07-22,2338,光罩,43.35,44.5,43.25,43.4,1502090.0,65672910.0
2026-07-22,2340,台亞,31.9,33.6,31.7,33.1,3755629.0,122885737.0
2026-07-22,2342,茂矽,41.65,44.0,41.6,42.95,3117619.0,132839657.0
2026-07-22,2344,華邦電,165.0,171.0,164.5,171.0,97387194.0,16500992930.0
2026-07-22,2345,智邦,2295.0,2310.0,2240.0,2285.0,3027115.0,6901041235.0
2026-07-22,2347,聯強,85.6,89.8,85.6,88.2,7408050.0,656633212.0
2026-07-22,2348,海悅,79.1,79.7,78.5,78.8,324231.0,25613180.0
2026-07-22,2349,錸德,11.3,11.65,11.3,11.45,1542372.0,17772861.0
2026-07-22,2351,順德,169.0,172.5,164.5,168.0,2531996.0,427174621.0
2026-07-22,2352,佳世達,30.65,31.1,30.4,30.4,10592497.0,324133967.0
2026-07-22,2353,宏碁,30.55,31.05,30.45,30.55,22556708.0,693441892.0
2026-07-22,2354,鴻準,55.6,56.8,55.6,56.1,4008916.0,225903232.0
2026-07-22,2355,敬鵬,42.8,43.9,42.8,43.25,3050389.0,132672401.0
2026-07-22,2356,英業達,60.5,63.2,60.4,61.7,36114702.0,2245662108.0
2026-07-22,2357,華碩,740.0,772.0,740.0,757.0,5556494.0,4223528552.0
2026-07-22,2359,所羅門,139.5,143.5,138.0,139.0,3944234.0,555129073.0
2026-07-22,2360,致茂,2065.0,2215.0,2065.0,2125.0,4034157.0,8656311085.0
2026-07-22,2362,藍天,43.25,43.9,43.05,43.3,551358.0,23924754.0
2026-07-22,2363,矽統,58.4,59.8,57.9,59.0,7328382.0,432385392.0
2026-07-22,2364,倫飛,71.3,72.0,70.7,71.4,224071.0,15999864.0
2026-07-22,2365,昆盈,30.2,31.9,30.2,30.95,5907339.0,183814090.0
2026-07-22,2367,燿華,44.85,45.6,44.4,45.3,6907181.0,311046502.0
2026-07-22,2368,金像電,1005.0,1010.0,938.0,940.0,8073832.0,7800837403.0
2026-07-22,2369,菱生,34.6,36.9,34.6,36.45,18804611.0,676026457.0
2026-07-22,2371,大同,26.9,27.0,26.4,26.4,7551480.0,201004442.0
2026-07-22,2373,震旦行,54.8,54.8,53.3,53.3,74971.0,4016142.0
2026-07-22,2374,佳能,68.0,69.0,67.7,67.7,1853411.0,126647543.0
2026-07-22,2375,凱美,149.0,152.5,145.0,145.5,6741319.0,998290928.0
2026-07-22,2376,技嘉,343.0,350.0,342.5,348.0,7898953.0,2739729046.0
2026-07-22,2377,微星,149.0,157.5,148.0,155.0,40828315.0,6266806079.0
2026-07-22,2379,瑞昱,749.0,760.0,734.0,743.0,4502375.0,3354367464.0
2026-07-22,2380,虹光,19.85,19.85,19.0,19.1,86890.0,1654079.0
2026-07-22,2382,廣達,326.0,335.0,326.0,329.0,23698660.0,7828219068.0
2026-07-22,2383,台光電,5210.0,5250.0,5045.0,5125.0,2287942.0,11822162835.0
2026-07-22,2385,群光,105.5,108.0,105.5,106.5,6317138.0,674977588.0
2026-07-22,2387,精元,38.9,39.4,38.7,38.7,318226.0,12395841.0
2026-07-22,2388,威盛,72.6,76.8,72.6,74.9,11063368.0,830771390.0
2026-07-22,2390,云辰,11.6,11.6,11.2,11.35,432566.0,4908868.0
2026-07-22,2392,正崴,35.5,36.2,35.4,36.0,1284164.0,46014744.0
2026-07-22,2393,億光,68.0,68.4,67.1,67.1,1445080.0,97895948.0
2026-07-22,2395,研華,589.0,618.0,584.0,596.0,9512024.0,5729262167.0
2026-07-22,2397,友通,57.8,60.2,57.8,59.3,728107.0,43285922.0
2026-07-22,2399,映泰,38.6,40.4,38.6,39.45,2464046.0,97608170.0
2026-07-22,2401,凌陽,29.2,30.35,29.0,29.9,9029492.0,269373200.0
2026-07-22,2402,毅嘉,59.4,59.8,58.6,58.6,1100959.0,65154322.0
2026-07-22,2404,漢唐,1170.0,1215.0,1170.0,1175.0,1898721.0,2253255650.0
2026-07-22,2405,輔信,16.8,17.25,16.75,16.85,1633409.0,27790847.0
2026-07-22,2406,國碩,34.5,35.3,34.15,35.3,7159572.0,251169207.0
2026-07-22,2408,南亞科,435.0,445.5,431.5,445.5,63907084.0,28190910149.0
2026-07-22,2409,友達,26.15,26.8,25.8,25.8,172390588.0,4531976453.0
2026-07-22,2412,中華電,137.5,139.0,137.0,138.5,13465261.0,1857282382.0
2026-07-22,2413,環科,41.0,42.1,41.0,41.5,499729.0,20797299.0
2026-07-22,2414,精技,57.4,58.0,56.9,57.3,982713.0,56266837.0
2026-07-22,2415,錩新,35.15,35.2,34.05,35.0,289649.0,10038228.0
2026-07-22,2417,圓剛,41.15,41.8,40.85,40.9,890972.0,36858753.0
2026-07-22,2419,仲琦,25.85,26.1,25.75,25.8,626791.0,16248495.0
2026-07-22,2420,新巨,57.7,58.6,57.5,58.0,274591.0,15911634.0
2026-07-22,2421,建準,131.0,133.5,130.5,132.0,2400669.0,317172961.0
2026-07-22,2423,固緯,76.5,77.6,74.6,74.8,285868.0,21648824.0
2026-07-22,2424,隴華,8.6,8.6,8.5,8.55,26282.0,223976.0
2026-07-22,2425,承啟,42.2,45.65,42.2,45.15,5991971.0,269215556.0
2026-07-22,2426,鼎元,56.4,60.1,56.0,58.8,7309360.0,425223863.0
2026-07-22,2427,三商電,24.25,24.65,23.9,23.9,690836.0,16716913.0
2026-07-22,2428,興勤,262.0,265.5,255.5,257.0,1183534.0,309594268.0
2026-07-22,2429,銘旺科,43.0,43.3,40.1,40.9,1059033.0,43679566.0
2026-07-22,2430,燦坤,17.9,17.9,17.8,17.8,144606.0,2578326.0
2026-07-22,2431,聯昌,10.75,11.0,10.65,10.7,231521.0,2500824.0
2026-07-22,2432,倚天酷碁-創,28.1,28.5,28.1,28.5,15900.0,450359.0
2026-07-22,2433,互盛電,42.25,42.25,41.8,41.8,29203.0,1223378.0
2026-07-22,2434,統懋,75.0,75.0,70.4,71.8,160516.0,11607916.0
2026-07-22,2436,偉詮電,60.5,62.2,60.5,61.3,2592905.0,159367758.0
2026-07-22,2438,翔耀,18.85,18.85,18.1,18.3,165015.0,3022520.0
2026-07-22,2439,美律,84.7,85.3,84.4,84.4,623874.0,52849441.0
2026-07-22,2440,太空梭,16.1,16.25,16.0,16.1,136242.0,2194057.0
2026-07-22,2441,超豐,129.0,131.0,126.0,127.5,5584448.0,714896267.0
2026-07-22,2442,新美齊,19.5,19.55,19.35,19.4,799341.0,15517290.0
2026-07-22,2444,兆勁,11.6,11.6,11.35,11.35,172338.0,1968450.0
2026-07-22,2449,京元電子,286.0,298.5,282.0,295.0,22881139.0,6664637132.0
2026-07-22,2450,神腦,28.85,29.1,28.7,28.7,139038.0,3999744.0
2026-07-22,2451,創見,242.5,252.5,241.5,241.5,3962363.0,971794460.0
2026-07-22,2453,凌群,52.4,52.9,52.3,52.3,241162.0,12663100.0
2026-07-22,2454,聯發科,4000.0,4000.0,3830.0,3850.0,13766807.0,53781999095.0
2026-07-22,2455,全新,308.0,324.5,306.0,324.5,6537151.0,2102979384.0
2026-07-22,2457,飛宏,24.65,25.25,24.65,24.75,1591124.0,39659575.0
2026-07-22,2458,義隆,167.5,176.0,167.5,174.5,3089559.0,535623849.0
2026-07-22,2459,敦吉,65.7,66.0,65.1,65.1,97872.0,6398563.0
2026-07-22,2460,建通,32.5,33.35,32.05,32.05,412659.0,13417933.0
2026-07-22,2461,光群雷,16.2,16.35,16.05,16.05,410355.0,6641614.0
2026-07-22,2462,良得電,20.9,21.15,20.8,21.1,185051.0,3887420.0
2026-07-22,2464,盟立,148.5,154.0,146.0,151.0,6935448.0,1046782532.0
2026-07-22,2465,麗臺,80.0,85.2,78.5,82.5,2340352.0,193343623.0
2026-07-22,2466,冠西電,118.0,119.5,114.0,115.5,955542.0,110549375.0
2026-07-22,2467,志聖,552.0,563.0,542.0,546.0,1224142.0,675152892.0
2026-07-22,2468,華經,36.3,36.3,35.3,35.6,209190.0,7466980.0
2026-07-22,2471,資通,48.7,49.25,48.3,48.45,645860.0,31364150.0
2026-07-22,2472,立隆電,287.0,293.0,277.0,282.5,4904890.0,1403221110.0
2026-07-22,2474,可成,190.5,193.5,190.5,193.0,4054903.0,779541275.0
2026-07-22,2476,鉅祥,119.5,122.0,117.5,121.0,1211004.0,145487521.0
2026-07-22,2477,美隆電,21.15,21.35,21.0,21.15,99192.0,2094990.0
2026-07-22,2478,大毅,147.5,150.0,139.5,150.0,7017120.0,1024117670.0
2026-07-22,2480,敦陽科,162.0,162.5,158.5,159.0,197345.0,31607178.0
2026-07-22,2481,強茂,153.5,157.5,150.5,157.5,20484605.0,3163190400.0
2026-07-22,2482,連宇,18.7,19.25,18.5,18.5,556368.0,10479477.0
2026-07-22,2483,百容,43.05,43.05,40.05,41.05,947078.0,39052644.0
2026-07-22,2484,希華,74.0,76.8,72.0,72.1,18356321.0,1356953723.0
2026-07-22,2485,兆赫,42.0,44.3,42.0,42.3,4044190.0,172565337.0
2026-07-22,2486,一詮,227.5,239.0,225.5,232.5,7525204.0,1743877917.0
2026-07-22,2488,漢平,49.7,49.7,49.4,49.4,106794.0,5293798.0
2026-07-22,2489,瑞軒,31.5,32.2,31.05,31.6,6020880.0,191088759.0
2026-07-22,2491,吉祥全,32.5,32.8,30.3,30.8,402409.0,12599688.0
2026-07-22,2492,華新科,300.0,300.0,300.0,300.0,3034681.0,910404300.0
2026-07-22,2493,揚博,262.0,262.0,260.0,262.0,982470.0,257395640.0
2026-07-22,2495,普安,39.6,40.15,39.3,39.35,1921441.0,76082827.0
2026-07-22,2496,卓越,60.2,60.4,60.0,60.4,32084.0,1928386.0
2026-07-22,2497,怡利電,54.2,55.3,54.2,54.4,416329.0,22806803.0
2026-07-22,2498,宏達電,42.3,42.8,41.85,41.85,3487327.0,147453623.0
2026-07-22,2501,國建,22.35,22.7,22.3,22.3,1112648.0,24954478.0
2026-07-22,2504,國產,31.7,32.0,31.2,31.2,2896929.0,90945855.0
2026-07-22,2505,國揚,17.75,17.9,17.7,17.7,337374.0,5988219.0
2026-07-22,2506,太設,8.73,8.78,8.68,8.69,211299.0,1845954.0
2026-07-22,2509,全坤建,13.2,13.3,13.2,13.25,17337.0,229517.0
2026-07-22,2511,太子,8.58,8.6,8.47,8.47,1455126.0,12392836.0
2026-07-22,2514,龍邦,12.8,12.85,12.7,12.7,87278.0,1114023.0
2026-07-22,2515,中工,12.4,12.55,12.2,12.2,10207442.0,125929946.0
2026-07-22,2516,新建,14.0,14.05,13.9,13.9,110443.0,1543619.0
2026-07-22,2520,冠德,35.6,35.9,35.4,35.7,2421535.0,86319493.0
2026-07-22,2524,京城,37.2,37.55,36.6,36.6,104632.0,3887224.0
2026-07-22,2527,宏璟,49.8,50.7,48.8,49.05,2306965.0,114070100.0
2026-07-22,2528,皇普,22.3,22.65,22.3,22.5,652631.0,14690765.0
2026-07-22,2530,華建,19.45,19.7,19.3,19.3,665340.0,12974750.0
2026-07-22,2534,宏盛,17.3,17.3,17.1,17.15,397492.0,6827218.0
2026-07-22,2535,達欣工,88.5,89.8,87.8,88.3,219512.0,19461022.0
2026-07-22,2536,宏普,19.5,19.5,18.9,18.9,2125894.0,40746641.0
2026-07-22,2537,聯上發,11.1,11.15,11.05,11.1,536690.0,5948694.0
2026-07-22,2538,基泰,9.93,9.95,9.87,9.87,241181.0,2391112.0
2026-07-22,2539,櫻花建,40.1,40.5,39.95,40.0,801812.0,32155823.0
2026-07-22,2540,愛山林,53.8,54.5,53.7,53.7,419624.0,22637591.0
2026-07-22,2542,興富發,44.0,44.8,43.3,44.8,15277591.0,672103742.0
2026-07-22,2543,皇昌,39.9,40.35,39.0,39.0,1053872.0,41517063.0
2026-07-22,2545,皇翔,34.05,34.15,33.8,33.8,427030.0,14498989.0
2026-07-22,2546,根基,98.5,98.5,95.6,96.0,208107.0,20078047.0
2026-07-22,2547,日勝生,10.35,10.35,10.15,10.15,1931187.0,19751777.0
2026-07-22,2548,華固,99.5,99.7,97.6,99.4,3131678.0,309100932.0
2026-07-22,2597,潤弘,162.0,165.0,157.5,158.0,741310.0,118674038.0
2026-07-22,2601,益航,6.85,7.02,6.75,6.75,3066050.0,21036678.0
2026-07-22,2603,長榮,204.0,208.5,204.0,206.0,11781418.0,2440773351.0
2026-07-22,2605,新興,31.0,31.85,30.9,31.45,5893488.0,184553154.0
2026-07-22,2606,裕民,63.5,64.7,63.4,64.1,4474075.0,287550502.0
2026-07-22,2607,榮運,47.8,47.9,47.3,47.3,342457.0,16265814.0
2026-07-22,2608,嘉里大榮,29.15,29.3,29.1,29.1,170739.0,4977831.0
2026-07-22,2609,陽明,51.0,51.9,50.7,51.4,17484464.0,897582705.0
2026-07-22,2610,華航,21.6,22.0,21.25,21.35,37370117.0,804621259.0
2026-07-22,2611,志信,14.55,14.55,14.3,14.3,193567.0,2786898.0
2026-07-22,2612,中航,52.9,53.5,52.9,52.9,307247.0,16326191.0
2026-07-22,2613,中櫃,21.3,21.55,21.15,21.15,241858.0,5140010.0
2026-07-22,2614,東森,18.25,18.4,18.15,18.25,489335.0,8930017.0
2026-07-22,2615,萬海,85.2,87.4,84.8,85.1,15974451.0,1371224972.0
2026-07-22,2616,山隆,13.7,13.7,13.55,13.6,157901.0,2150811.0
2026-07-22,2617,台航,29.0,29.5,29.0,29.25,708988.0,20753460.0
2026-07-22,2618,長榮航,42.6,43.65,41.95,42.1,39206315.0,1665803302.0
2026-07-22,2630,亞航,59.2,61.2,53.1,53.2,22495116.0,1269822794.0
2026-07-22,2633,台灣高鐵,26.0,26.15,25.8,25.95,4689446.0,121568647.0
2026-07-22,2634,漢翔,73.0,75.3,64.4,64.4,153710865.0,10516335956.0
2026-07-22,2636,台驊控股,65.2,66.1,65.0,65.8,339209.0,22283796.0
2026-07-22,2637,慧洋-KY,82.4,84.7,81.9,83.6,3382090.0,283254609.0
2026-07-22,2642,宅配通,20.55,20.75,20.5,20.6,97789.0,2018701.0
2026-07-22,2645,長榮航太,215.0,220.5,193.5,195.0,10806628.0,2177532741.0
2026-07-22,2646,星宇航空,22.0,22.2,21.35,21.4,8176169.0,176760982.0
2026-07-22,2701,萬企,10.9,11.0,10.85,10.85,63389.0,689132.0
2026-07-22,2702,華園,12.95,12.95,12.8,12.85,57157.0,735971.0
2026-07-22,2704,國賓,47.7,47.7,45.65,46.2,187096.0,8659086.0
2026-07-22,2705,六福,16.55,16.55,16.25,16.25,72559.0,1185044.0
2026-07-22,2706,第一店,12.85,12.95,12.75,12.8,85671.0,1098789.0
2026-07-22,2707,晶華,181.0,181.0,178.5,179.0,107913.0,19355458.0
2026-07-22,2712,遠雄來,14.55,14.6,14.55,14.6,4001.0,58314.0
2026-07-22,2722,夏都,22.35,22.35,22.0,22.1,40185.0,887392.0
2026-07-22,2723,美食-KY,63.6,64.3,62.9,63.0,247990.0,15687567.0
2026-07-22,2727,王品,226.5,229.5,220.5,221.5,713478.0,160203702.0
2026-07-22,2731,雄獅,147.0,147.5,145.0,145.0,395817.0,57708849.0
2026-07-22,2739,寒舍,35.55,35.55,34.75,35.1,79131.0,2768941.0
2026-07-22,2748,雲品,39.75,39.9,39.6,39.85,97619.0,3879660.0
2026-07-22,2753,八方雲集,179.0,179.0,176.5,176.5,182952.0,32455768.0
2026-07-22,2762,世界健身-KY,86.8,87.3,85.2,85.2,63490.0,5463779.0
2026-07-22,2801,彰銀,24.2,24.65,24.2,24.65,38539954.0,946022334.0
2026-07-22,2812,台中銀,20.5,20.6,20.35,20.45,19850214.0,406448468.0
2026-07-22,2816,旺旺保,34.1,34.2,33.65,33.65,163045.0,5511569.0
2026-07-22,2820,華票,16.6,16.75,16.55,16.55,1283894.0,21363907.0
2026-07-22,2832,台產,56.8,56.8,56.3,56.3,189026.0,10682054.0
2026-07-22,2834,臺企銀,18.0,18.15,17.95,18.1,35698295.0,644739511.0
2026-07-22,2836,高雄銀,12.65,12.85,12.65,12.8,6682718.0,85635863.0
2026-07-22,2838,聯邦銀,20.4,20.75,20.1,20.25,4488495.0,91141015.0
2026-07-22,2845,遠東銀,13.4,13.5,13.3,13.35,9644683.0,128952450.0
2026-07-22,2849,安泰銀,15.1,15.15,14.55,14.55,252804.0,3723277.0
2026-07-22,2850,新產,146.5,149.0,146.5,147.0,179184.0,26464605.0
2026-07-22,2851,中再保,36.15,36.45,35.45,35.7,2318169.0,82810592.0
2026-07-22,2852,第一保,26.75,26.85,26.6,26.6,247265.0,6604066.0
2026-07-22,2855,統一證,44.1,45.2,44.1,44.5,4619441.0,206819246.0
2026-07-22,2867,三商壽,9.52,9.63,9.26,9.28,13727294.0,129019942.0
2026-07-22,2880,華南金,40.2,41.25,39.85,41.25,27491427.0,1119516724.0
2026-07-22,2881,富邦金,124.0,129.5,124.0,127.0,28000052.0,3567359887.0
2026-07-22,2882,國泰金,95.7,99.6,95.7,96.8,24444875.0,2384911537.0
2026-07-22,2883,凱基金,29.7,30.8,29.7,30.45,59155620.0,1807936988.0
2026-07-22,2884,玉山金,36.75,37.2,36.05,36.05,35080404.0,1278554949.0
2026-07-22,2885,元大金,61.4,63.2,61.3,63.1,43272761.0,2696528916.0
2026-07-22,2886,兆豐金,47.9,49.05,47.65,48.2,24691634.0,1192610833.0
2026-07-22,2887,台新新光金,34.25,35.0,34.25,34.6,54218588.0,1877049480.0
2026-07-22,2889,國票金,15.75,15.85,15.65,15.7,6958678.0,109293629.0
2026-07-22,2890,永豐金,40.05,40.6,39.7,40.4,72934487.0,2930693047.0
2026-07-22,2891,中信金,62.9,64.3,62.9,64.0,35795208.0,2285881653.0
2026-07-22,2892,第一金,34.05,34.75,34.05,34.4,31044488.0,1066694808.0
2026-07-22,2897,王道銀行,10.5,10.55,10.45,10.5,13275741.0,139486428.0
2026-07-22,2901,欣欣,23.4,24.5,23.4,24.5,25979.0,622880.0
2026-07-22,2903,遠百,22.35,22.65,22.1,22.1,2134904.0,47543743.0
2026-07-22,2904,匯僑,13.7,13.7,13.6,13.6,37631.0,513389.0
2026-07-22,2905,三商,16.0,16.25,15.9,15.9,1448418.0,23241473.0
2026-07-22,2906,高林,13.5,13.5,13.25,13.25,598013.0,8011607.0
2026-07-22,2908,特力,21.8,21.9,21.4,21.5,307374.0,6655274.0
2026-07-22,2910,統領,31.0,31.1,25.75,25.75,497993.0,14027462.0
2026-07-22,2911,麗嬰房,7.2,7.2,7.04,7.04,182835.0,1293487.0
2026-07-22,2912,統一超,243.0,243.0,237.0,239.5,5295741.0,1267953479.0
2026-07-22,2913,農林,11.35,11.55,11.35,11.4,2409305.0,27587704.0
2026-07-22,2915,潤泰全,52.0,52.7,51.5,51.5,1513512.0,78586268.0
2026-07-22,2923,鼎固-KY,34.0,34.05,31.95,32.3,165921.0,5440122.0
2026-07-22,2929,淘帝-KY,6.0,6.05,5.91,6.0,176060.0,1051228.0
2026-07-22,2939,永邑-KY,19.1,19.1,18.65,19.0,12004.0,227126.0
2026-07-22,2945,三商家購,41.8,41.8,41.05,41.5,9462.0,392693.0
2026-07-22,3002,歐格,18.4,18.7,18.35,18.35,261601.0,4835942.0
2026-07-22,3003,健和興,61.4,61.7,60.9,61.1,339829.0,20826499.0
2026-07-22,3004,豐達科,142.0,145.5,137.5,138.0,704594.0,98989534.0
2026-07-22,3005,神基,115.5,118.5,114.0,114.5,5193842.0,600915710.0
2026-07-22,3006,晶豪科,209.0,219.0,209.0,217.5,10246929.0,2226674411.0
2026-07-22,3008,大立光,4050.0,4140.0,3955.0,4000.0,2234509.0,9061662155.0
2026-07-22,3010,華立,118.0,121.5,117.5,119.0,1259139.0,150910044.0
2026-07-22,3011,今皓,12.35,12.35,12.15,12.15,305910.0,3746911.0
2026-07-22,3013,晟銘電,88.6,91.0,88.0,89.7,1341148.0,120115982.0
2026-07-22,3014,聯陽,130.5,134.0,130.5,133.0,1043875.0,138458508.0
2026-07-22,3015,全漢,56.8,60.5,56.4,57.1,2215364.0,127530717.0
2026-07-22,3016,嘉晶,102.5,111.5,102.5,105.0,11278484.0,1202953329.0
2026-07-22,3017,奇鋐,2385.0,2390.0,2255.0,2265.0,4356001.0,10034797450.0
2026-07-22,3018,隆銘綠能,11.9,11.9,11.7,11.9,47114.0,556314.0
2026-07-22,3019,亞光,139.0,142.0,138.5,139.0,2085584.0,291475559.0
2026-07-22,3021,鴻名,21.85,23.5,21.85,23.5,240475.0,5504613.0
2026-07-22,3022,威強電,87.5,93.7,87.5,90.9,5626855.0,515229496.0
2026-07-22,3023,信邦,308.5,318.0,308.5,317.0,1605655.0,506426903.0
2026-07-22,3024,憶聲,13.75,14.05,12.7,13.2,5902302.0,77450183.0
2026-07-22,3025,星通,57.8,57.8,57.0,57.2,126306.0,7229591.0
2026-07-22,3026,禾伸堂,708.0,708.0,660.0,663.0,2351754.0,1599488395.0
2026-07-22,3027,盛達,19.25,19.95,19.2,19.95,356042.0,6956684.0
2026-07-22,3028,增你強,67.7,68.7,67.0,67.4,1550263.0,105079385.0
2026-07-22,3029,零壹,108.0,108.0,104.0,104.0,1112921.0,117320599.0
2026-07-22,3030,德律,296.0,303.0,296.0,298.5,1055493.0,316772478.0
2026-07-22,3031,佰鴻,25.05,25.45,25.0,25.0,736408.0,18528566.0
2026-07-22,3032,偉訓,79.7,80.9,78.8,78.8,276062.0,22018539.0
2026-07-22,3033,威健,49.7,51.0,49.7,50.2,7524828.0,379625076.0
2026-07-22,3034,聯詠,484.5,507.0,484.5,501.0,6652240.0,3322439016.0
2026-07-22,3035,智原,199.0,203.0,196.5,199.0,4881431.0,975761271.0
2026-07-22,3036,文曄,196.0,199.0,194.0,197.5,5253936.0,1037316521.0
2026-07-22,3037,欣興,876.0,907.0,876.0,907.0,25034100.0,22400818846.0
2026-07-22,3038,全台,21.0,21.0,20.75,20.8,132917.0,2769613.0
2026-07-22,3040,遠見,37.6,37.8,37.15,37.15,109187.0,4096254.0
2026-07-22,3041,揚智,24.05,24.7,23.9,24.05,1076257.0,26095857.0
2026-07-22,3042,晶技,173.0,177.5,167.5,169.0,12424300.0,2124934525.0
2026-07-22,3043,科風,21.3,21.3,20.85,21.2,104749.0,2208941.0
2026-07-22,3044,健鼎,415.0,421.0,409.0,417.5,3383672.0,1411395285.0
2026-07-22,3045,台灣大,112.0,113.5,112.0,112.5,9558783.0,1078195676.0
2026-07-22,3046,建碁,55.0,56.5,55.0,55.5,636487.0,35573598.0
2026-07-22,3047,訊舟,15.4,15.55,15.15,15.25,779402.0,11951802.0
2026-07-22,3048,益登,50.8,52.2,50.8,50.9,1508179.0,77520522.0
2026-07-22,3049,精金,11.35,11.6,11.3,11.3,2162336.0,24706684.0
2026-07-22,3050,鈺德,11.75,11.9,11.75,11.85,431272.0,5087493.0
2026-07-22,3051,力特,23.4,23.65,23.2,23.2,520627.0,12182639.0
2026-07-22,3052,夆典,10.8,10.85,10.7,10.7,337675.0,3627928.0
2026-07-22,3054,立萬利,54.9,56.6,54.7,55.1,45050.0,2496747.0
2026-07-22,3055,蔚華科,175.5,176.0,165.5,165.5,604195.0,102922917.0
2026-07-22,3056,富華新,14.55,14.9,14.55,14.85,1139116.0,16874451.0
2026-07-22,3057,喬鼎,16.0,16.5,16.0,16.2,88250.0,1440677.0
2026-07-22,3058,立德,8.64,8.74,8.64,8.67,382265.0,3317954.0
2026-07-22,3059,華晶科,41.8,42.35,41.4,41.45,2176591.0,90779469.0
2026-07-22,3060,銘異,29.75,30.65,29.75,30.15,1905061.0,57621244.0
2026-07-22,3062,建漢,21.7,21.95,21.55,21.6,1248958.0,27124407.0
2026-07-22,3090,日電貿,180.0,184.5,176.0,183.0,2892458.0,519660084.0
2026-07-22,3092,鴻碩,24.3,24.85,24.2,24.4,175487.0,4308884.0
2026-07-22,3094,聯傑,38.85,40.3,38.0,38.15,3731692.0,145482319.0
2026-07-22,3130,一零四,204.5,206.0,204.5,205.0,243963.0,50090663.0
2026-07-22,3135,凌航,151.0,156.0,150.0,153.0,887179.0,135914918.0
2026-07-22,3138,耀登,99.6,103.0,99.6,101.0,249263.0,25266972.0
2026-07-22,3149,正達,77.7,79.2,72.7,72.8,9617508.0,729349692.0
2026-07-22,3150,鈺寶-創,16.85,17.2,16.85,17.05,15000.0,256150.0
2026-07-22,3164,景岳,16.35,16.5,16.25,16.25,22800.0,372148.0
2026-07-22,3167,大量,745.0,760.0,694.0,699.0,5765897.0,4135689294.0
2026-07-22,3168,眾福科,43.65,43.65,43.15,43.3,31115.0,1347976.0
2026-07-22,3189,景碩,804.0,819.0,770.0,796.0,25561416.0,20426356411.0
2026-07-22,3209,全科,57.5,58.0,56.7,57.2,1281525.0,73448375.0
2026-07-22,3229,晟鈦,41.9,44.9,41.0,42.7,717257.0,30897150.0
2026-07-22,3231,緯創,154.0,164.0,153.5,164.0,94856772.0,15392894552.0
2026-07-22,3257,虹冠電,53.9,54.9,53.9,54.2,340355.0,18486973.0
2026-07-22,3266,昇陽,13.5,13.5,13.35,13.35,61385.0,824006.0
2026-07-22,3296,勝德,25.7,25.75,25.1,25.5,76205.0,1934295.0
2026-07-22,3305,昇貿,112.5,115.0,112.0,112.0,1339834.0,151799578.0
2026-07-22,3308,聯德,21.0,21.0,20.5,20.5,49525.0,1025625.0
2026-07-22,3311,閎暉,33.9,35.3,33.9,34.2,207303.0,7117400.0
2026-07-22,3312,弘憶股,49.15,49.6,48.45,48.9,948182.0,46550067.0
2026-07-22,3321,同泰,19.2,19.4,19.0,19.1,192580.0,3693286.0
2026-07-22,3338,泰碩,69.1,71.5,67.4,67.4,1397548.0,96617021.0
2026-07-22,3346,麗清,21.2,21.9,21.05,21.6,381723.0,8199547.0
2026-07-22,3356,奇偶,57.4,58.5,57.4,57.6,354242.0,20528696.0
2026-07-22,3376,新日興,192.5,195.0,191.5,191.5,1605062.0,309533850.0
2026-07-22,3380,明泰,30.65,31.1,30.5,30.8,1417891.0,43684788.0
2026-07-22,3406,玉晶光,535.0,542.0,521.0,529.0,1531764.0,811438154.0
2026-07-22,3413,京鼎,339.0,368.0,335.0,363.0,5417380.0,1898433718.0
2026-07-22,3416,融程電,176.0,183.0,176.0,179.5,876184.0,158276814.0
2026-07-22,3419,譁裕,12.45,12.6,12.4,12.5,132184.0,1654009.0
2026-07-22,3432,台端,17.4,17.95,17.35,17.9,63283.0,1116786.0
2026-07-22,3437,榮創,17.95,18.6,17.95,18.45,635936.0,11637275.0
2026-07-22,3443,創意,4305.0,4450.0,4235.0,4370.0,2504634.0,10840111140.0
2026-07-22,3447,展達,30.25,30.7,30.2,30.2,184520.0,5610751.0
2026-07-22,3450,聯鈞,450.0,469.0,448.0,458.5,6610087.0,3037925499.0
2026-07-22,3481,群創,51.5,54.1,51.5,52.5,288972898.0,15281226517.0
2026-07-22,3494,誠研,7.79,7.79,7.33,7.47,64359.0,477046.0
2026-07-22,3501,維熹,40.7,40.7,40.15,40.15,110060.0,4438545.0
2026-07-22,3504,揚明光,64.4,66.3,64.2,64.4,685399.0,44558465.0
2026-07-22,3515,華擎,211.5,212.5,209.0,209.0,321634.0,67784824.0
2026-07-22,3518,柏騰,27.0,27.2,26.55,26.9,297130.0,8009502.0
2026-07-22,3528,安馳,84.1,87.9,84.1,86.3,355767.0,30578652.0
2026-07-22,3530,晶相光,58.7,60.1,58.7,59.2,132037.0,7850867.0
2026-07-22,3532,台勝科,446.5,476.5,440.5,468.0,14308280.0,6651430049.0
2026-07-22,3533,嘉澤,2040.0,2055.0,1985.0,2010.0,760832.0,1532894830.0
2026-07-22,3535,晶彩科,90.3,92.4,89.2,90.0,691471.0,62642328.0
2026-07-22,3543,州巧,29.25,29.35,28.8,28.9,409245.0,11860308.0
2026-07-22,3545,敦泰,50.5,51.2,50.0,50.3,651365.0,32890447.0
2026-07-22,3550,聯穎,22.95,23.4,22.6,22.85,1434477.0,32917283.0
2026-07-22,3557,嘉威,26.35,26.7,25.75,26.25,54419.0,1418954.0
2026-07-22,3563,牧德,665.0,680.0,656.0,670.0,572359.0,383643394.0
2026-07-22,3576,聯合再生,19.55,20.8,19.3,19.45,68619960.0,1372585062.0
2026-07-22,3583,辛耘,764.0,779.0,752.0,767.0,947730.0,727340690.0
2026-07-22,3588,通嘉,56.5,58.4,56.5,58.0,309255.0,17759843.0
2026-07-22,3591,艾笛森,21.35,21.85,21.05,21.25,772140.0,16526947.0
2026-07-22,3592,瑞鼎,238.0,243.5,236.0,236.0,887348.0,211443081.0
2026-07-22,3593,力銘,14.05,14.4,13.6,14.4,18652.0,261596.0
2026-07-22,3596,智易,187.0,188.5,185.0,187.5,727249.0,135702606.0
2026-07-22,3605,宏致,85.9,92.8,85.6,92.8,15920917.0,1441112812.0
2026-07-22,3607,谷崧,15.05,15.2,15.0,15.05,223727.0,3368784.0
2026-07-22,3617,碩天,203.5,210.5,203.5,208.5,495031.0,102550446.0
2026-07-22,3622,洋華,53.3,53.8,53.1,53.1,273602.0,14609605.0
2026-07-22,3645,達邁,73.1,73.2,70.9,71.2,1288223.0,92810776.0
2026-07-22,3652,精聯,30.65,33.5,30.5,31.6,2896155.0,92033382.0
2026-07-22,3653,健策,3545.0,3615.0,3405.0,3500.0,2074379.0,7260537145.0
2026-07-22,3661,世芯-KY,3645.0,3720.0,3580.0,3590.0,1558375.0,5671821925.0
2026-07-22,3665,貿聯-KY,2060.0,2195.0,2040.0,2115.0,4993122.0,10523988440.0
2026-07-22,3669,圓展,36.85,36.85,35.85,36.4,1275403.0,46850108.0
2026-07-22,3673,TPK-KY,64.6,66.4,64.1,65.3,5526555.0,361365017.0
2026-07-22,3679,新至陞,110.0,110.0,109.5,110.0,17533.0,1926614.0
2026-07-22,3686,達能,15.75,16.45,15.75,15.9,113246.0,1823103.0
2026-07-22,3694,海華,66.9,67.5,64.0,64.0,3406329.0,224205683.0
2026-07-22,3701,大眾控,39.5,40.6,39.5,39.75,676033.0,27021995.0
2026-07-22,3702,大聯大,112.5,118.0,112.5,118.0,11894391.0,1384690599.0
2026-07-22,3703,欣陸,20.7,20.9,20.55,20.55,662181.0,13680932.0
2026-07-22,3704,合勤控,47.55,48.35,46.35,47.15,3486496.0,165261148.0
2026-07-22,3705,永信,55.0,55.0,54.0,54.0,269961.0,14664911.0
2026-07-22,3706,神達,92.7,92.7,91.0,91.2,17123720.0,1573676476.0
2026-07-22,3708,上緯投控,101.0,105.0,100.5,103.0,627340.0,64705357.0
2026-07-22,3711,日月光投控,668.0,673.0,652.0,656.0,22726328.0,15068912538.0
2026-07-22,3712,永崴投控,17.45,18.3,17.25,18.0,1258042.0,22270855.0
2026-07-22,3714,富采,53.0,54.6,53.0,53.8,4363947.0,235363756.0
2026-07-22,3715,定穎投控,126.0,129.5,124.5,125.5,4798976.0,605860622.0
2026-07-22,3716,中化控股,34.7,35.1,34.65,34.65,263234.0,9162416.0
2026-07-22,3717,聯嘉投控,22.05,22.5,21.8,21.85,2475953.0,54457462.0
2026-07-22,4104,佳醫,71.5,71.5,70.9,70.9,142616.0,10130197.0
2026-07-22,4106,雃博,25.0,25.0,24.7,25.0,397266.0,9878986.0
2026-07-22,4108,懷特,11.75,11.85,11.65,11.65,167791.0,1972041.0
2026-07-22,4119,旭富,48.25,50.2,48.25,49.8,331304.0,16399699.0
2026-07-22,4133,亞諾法,21.45,21.85,21.25,21.65,567117.0,12233778.0
2026-07-22,4137,麗豐-KY,95.3,96.0,94.7,94.7,161800.0,15419095.0
2026-07-22,4142,國光生,17.05,17.15,17.05,17.05,761786.0,13020336.0
2026-07-22,4148,全宇生技-KY,30.8,30.85,30.6,30.85,31723.0,975451.0
2026-07-22,4155,訊映,15.8,15.9,15.7,15.85,265876.0,4200221.0
2026-07-22,4164,承業醫,27.2,27.4,27.0,27.05,464736.0,12598788.0
2026-07-22,4169,泰宗,273.0,290.0,273.0,275.0,408532.0,113475296.0
2026-07-22,4178,永笙-KY,19.4,19.65,19.25,19.55,345969.0,6722663.0
2026-07-22,4190,佐登-KY,27.1,27.1,26.0,26.2,37274.0,983682.0
2026-07-22,4195,基米-創,16.8,16.8,16.3,16.7,97958.0,1609968.0
2026-07-22,4306,炎洲,14.6,14.7,14.5,14.55,963298.0,14071750.0
2026-07-22,4414,如興,8.56,8.56,8.46,8.46,97323.0,827716.0
2026-07-22,4426,利勤,8.31,8.43,8.18,8.2,106053.0,876246.0
2026-07-22,4438,廣越,61.5,61.5,60.7,60.7,37393.0,2280109.0
2026-07-22,4439,冠星-KY,99.8,101.0,99.5,101.0,31112.0,3111643.0
2026-07-22,4440,宜新實業,17.35,17.35,17.25,17.25,50293.0,869862.0
2026-07-22,4441,振大環球,177.0,178.0,174.0,174.0,224335.0,39409532.0
2026-07-22,4526,東台,32.35,33.05,32.0,32.0,1174485.0,38063874.0
2026-07-22,4532,瑞智,24.7,25.0,24.6,24.65,763756.0,18912120.0
2026-07-22,4536,拓凱,165.5,167.5,164.0,165.5,210045.0,34782849.0
2026-07-22,4540,全球傳動,52.1,54.3,51.6,53.4,1286282.0,68572585.0
2026-07-22,4545,銘鈺,33.3,34.5,33.25,34.5,58680.0,2000076.0
2026-07-22,4551,智伸科,191.5,191.5,181.0,182.0,792855.0,146958444.0
2026-07-22,4552,力達-KY,19.25,19.3,19.1,19.1,82824.0,1589167.0
2026-07-22,4555,氣立,46.3,47.45,46.25,46.4,97743.0,4560589.0
2026-07-22,4557,永新-KY,53.0,53.1,51.4,52.3,40384.0,2114399.0
2026-07-22,4560,強信-KY,32.4,32.4,31.3,31.55,317651.0,10075412.0
2026-07-22,4562,穎漢,31.9,32.85,31.9,32.2,178506.0,5772894.0
2026-07-22,4564,元翎,20.1,20.65,18.5,18.7,4724407.0,91347963.0
2026-07-22,4566,時碩工業,69.5,70.7,68.4,68.4,2888922.0,200840084.0
2026-07-22,4569,六方科-KY,162.5,165.5,159.5,159.5,46739.0,7567166.0
2026-07-22,4571,鈞興-KY,155.0,159.0,155.0,156.0,152796.0,24005836.0
2026-07-22,4572,駐龍,150.0,150.0,143.5,144.0,49296.0,7176022.0
2026-07-22,4576,大銀微系統,194.0,203.0,194.0,198.0,1046038.0,207475866.0
2026-07-22,4581,光隆精密-KY,50.6,50.6,50.1,50.3,21000.0,1056500.0
2026-07-22,4582,聚恆-創,28.5,28.6,27.95,28.4,92536.0,2617345.0
2026-07-22,4583,台灣精銳,577.0,597.0,577.0,588.0,35141.0,20602253.0
2026-07-22,4585,達明,308.0,313.0,306.0,307.0,244877.0,75781606.0
2026-07-22,4588,玖鼎電力,52.2,53.1,52.2,52.3,34351.0,1809803.0
2026-07-22,4590,富田-創,90.7,91.8,83.1,87.5,550754.0,48448838.0
2026-07-22,4720,德淵,20.65,21.2,20.4,20.4,546260.0,11305670.0
2026-07-22,4722,國精化,226.0,229.5,222.0,222.0,565120.0,127377188.0
2026-07-22,4736,泰博,130.5,133.0,129.5,130.5,288286.0,37841731.0
2026-07-22,4737,華廣,56.0,57.0,56.0,56.3,48286.0,2726761.0
2026-07-22,4739,康普,84.0,85.5,82.9,83.0,1171648.0,98413866.0
2026-07-22,4746,台耀,52.9,53.8,51.8,52.1,493994.0,25907773.0
2026-07-22,4755,三福化,123.0,125.0,122.5,122.5,150710.0,18646703.0
2026-07-22,4763,材料*-KY,50.8,53.5,50.0,50.3,19851298.0,1023199384.0
2026-07-22,4764,雙鍵,319.5,322.0,290.0,290.5,2262302.0,692508695.0
2026-07-22,4766,南寶,334.0,338.0,333.0,333.0,175130.0,58626366.0
2026-07-22,4770,上品,223.5,234.0,222.0,227.5,950091.0,216727564.0
2026-07-22,4771,望隼,197.5,199.0,196.0,196.5,176286.0,34814127.0
2026-07-22,4807,日成-KY,38.95,39.95,37.8,39.95,272565.0,10536188.0
2026-07-22,4904,遠傳,102.0,105.5,102.0,103.0,13356108.0,1382516342.0
2026-07-22,4906,正文,35.15,36.5,35.15,36.05,3295741.0,118514652.0
2026-07-22,4912,聯德控股-KY,84.1,86.0,84.1,85.9,165158.0,14049414.0
2026-07-22,4915,致伸,66.2,67.0,66.1,66.3,1926262.0,128125686.0
2026-07-22,4916,事欣科,109.0,112.5,106.0,106.5,8787291.0,958788314.0
2026-07-22,4919,新唐,145.5,148.0,142.5,143.0,5316638.0,771377784.0
2026-07-22,4927,泰鼎-KY,36.3,37.1,36.0,36.5,2532505.0,92414455.0
2026-07-22,4930,燦星網,16.6,16.75,16.45,16.5,137722.0,2284957.0
2026-07-22,4934,太極,15.75,16.35,15.7,15.8,933709.0,15012066.0
2026-07-22,4935,茂林-KY,36.05,36.05,35.55,35.85,67456.0,2414191.0
2026-07-22,4938,和碩,83.0,85.4,83.0,84.4,15836628.0,1342058609.0
2026-07-22,4942,嘉彰,37.1,37.1,36.7,36.7,139390.0,5139226.0
2026-07-22,4943,康控-KY,8.71,8.71,8.5,8.7,17202.0,147346.0
2026-07-22,4949,有成精密,69.5,71.0,68.1,68.7,451662.0,31299582.0
2026-07-22,4952,凌通,50.0,51.3,49.7,50.3,462113.0,23426109.0
2026-07-22,4956,光鋐,29.0,31.45,29.0,30.4,3667182.0,112573353.0
2026-07-22,4958,臻鼎-KY,530.0,559.0,514.0,559.0,46265315.0,24976092557.0
2026-07-22,4960,誠美材,21.45,22.85,21.3,22.25,3544332.0,78299048.0
2026-07-22,4961,天鈺,163.5,167.5,163.0,164.5,532835.0,88029518.0
2026-07-22,4967,十銓,219.5,223.5,218.5,218.5,1893230.0,417329273.0
2026-07-22,4968,立積,100.5,102.0,100.5,100.5,418904.0,42494112.0
2026-07-22,4976,佳凌,32.4,32.9,32.05,32.2,493434.0,15981853.0
2026-07-22,4977,眾達-KY,135.5,138.0,133.5,134.0,1808745.0,244877606.0
2026-07-22,4989,榮科,75.0,75.5,70.4,72.5,7543463.0,547858007.0
2026-07-22,4994,傳奇,91.5,93.4,91.5,92.7,16306.0,1505923.0
2026-07-22,4999,鑫禾,19.35,19.45,19.35,19.4,56299.0,1093669.0
2026-07-22,5007,三星,56.0,56.0,55.6,55.6,23575.0,1314349.0
2026-07-22,5203,訊連,66.3,66.9,66.1,66.3,126114.0,8383438.0
2026-07-22,5215,科嘉-KY,39.35,39.65,39.2,39.5,27807.0,1093708.0
2026-07-22,5222,全訊,121.5,123.0,117.0,117.5,389928.0,46477045.0
2026-07-22,5225,東科-KY,72.4,73.2,72.4,72.7,92872.0,6768630.0
2026-07-22,5234,達興材料,350.0,351.5,339.0,339.0,289469.0,99363808.0
2026-07-22,5236,凌陽創新,152.0,152.0,150.0,151.0,71067.0,10749841.0
2026-07-22,5243,乙盛-KY,90.8,92.4,90.3,90.7,836718.0,76269978.0
2026-07-22,5244,弘凱,31.4,32.6,31.4,32.15,225582.0,7285606.0
2026-07-22,5258,虹堡,52.9,55.3,52.9,54.3,634880.0,34582837.0
2026-07-22,5269,祥碩,1420.0,1440.0,1415.0,1415.0,350184.0,499195895.0
2026-07-22,5283,禾聯碩,53.9,54.5,53.0,53.0,55063.0,2945398.0
2026-07-22,5284,jpp-KY,295.0,302.0,293.0,293.0,522699.0,154956570.0
2026-07-22,5285,界霖,81.8,84.1,81.7,82.5,733975.0,60777076.0
2026-07-22,5288,豐祥-KY,200.0,200.0,193.0,194.0,128794.0,25149150.0
2026-07-22,5292,華懋,168.5,173.5,168.0,171.0,112032.0,19084831.0
2026-07-22,5306,桂盟,92.8,93.6,92.3,92.9,143705.0,13336629.0
2026-07-22,5388,中磊,86.2,87.7,86.0,87.2,3680007.0,320316566.0
2026-07-22,5434,崇越,556.0,571.0,545.0,565.0,1613988.0,902349316.0
2026-07-22,5469,瀚宇博,71.7,72.5,71.6,71.9,1226201.0,88363631.0
2026-07-22,5471,松翰,57.0,59.4,56.5,57.5,5428410.0,313861109.0
2026-07-22,5484,慧友,43.4,43.4,41.8,42.05,320190.0,13593319.0
2026-07-22,5515,建國,44.6,45.25,41.55,41.9,1624468.0,69966374.0
2026-07-22,5519,隆大,28.15,28.45,28.1,28.1,451150.0,12721789.0
2026-07-22,5521,工信,10.3,10.35,10.15,10.15,1959354.0,20114627.0
2026-07-22,5522,遠雄,68.8,68.9,66.1,66.1,1041341.0,69774314.0
2026-07-22,5525,順天,23.3,23.55,22.9,23.2,218914.0,5094783.0
2026-07-22,5531,鄉林,7.8,7.83,7.75,7.75,373151.0,2903135.0
2026-07-22,5533,皇鼎,14.2,14.2,14.05,14.2,118780.0,1679991.0
2026-07-22,5534,長虹,80.6,81.5,79.6,79.9,685223.0,54999041.0
2026-07-22,5538,東明-KY,34.7,35.6,34.3,34.6,34015.0,1182826.0
2026-07-22,5546,永固-KY,17.1,17.15,16.75,16.8,20001.0,340185.0
2026-07-22,5607,遠雄港,50.3,50.7,49.9,50.0,287666.0,14435388.0
2026-07-22,5608,四維航,14.0,14.1,13.8,13.85,1114621.0,15536651.0
2026-07-22,5706,鳳凰,46.55,46.55,44.5,45.85,423892.0,19355136.0
2026-07-22,5871,中租-KY,123.0,124.5,121.0,123.0,12460810.0,1525771011.0
2026-07-22,5876,上海商銀,45.65,46.3,45.0,45.0,14761577.0,670786286.0
2026-07-22,5880,合庫金,25.5,25.8,25.5,25.55,13282240.0,340448381.0
2026-07-22,5906,台南-KY,39.5,39.5,39.5,39.5,1000.0,39500.0
2026-07-22,5907,大洋-KY,4.88,4.95,4.83,4.83,146001.0,712224.0
2026-07-22,6005,群益證,34.0,34.85,34.0,34.15,9997565.0,344049534.0
2026-07-22,6024,群益期,64.6,65.0,64.4,64.5,327234.0,21155237.0
2026-07-22,6108,競國,16.85,16.95,16.6,16.6,748906.0,12464754.0
2026-07-22,6112,邁達特,42.35,42.7,41.85,41.9,228042.0,9603076.0
2026-07-22,6115,鎰勝,46.1,46.25,45.7,45.7,143547.0,6578290.0
2026-07-22,6116,彩晶,14.9,15.2,14.65,14.65,23243708.0,346943066.0
2026-07-22,6117,迎廣,67.1,68.8,67.1,67.6,117151.0,7983027.0
2026-07-22,6120,達運,13.6,13.8,13.4,13.4,1692730.0,22998925.0
2026-07-22,6128,上福,20.7,20.7,20.5,20.65,27863.0,573769.0
2026-07-22,6133,金橋,21.5,21.95,21.4,21.4,640106.0,13798884.0
2026-07-22,6136,富爾特,24.3,24.55,24.3,24.35,122103.0,2982705.0
2026-07-22,6139,亞翔,844.0,866.0,832.0,844.0,2961727.0,2507924556.0
2026-07-22,6141,柏承,39.85,42.4,37.5,42.0,1758023.0,70291716.0
2026-07-22,6142,友勁,9.73,10.35,9.7,10.1,1772632.0,17906339.0
2026-07-22,6152,百一,12.15,12.45,12.1,12.25,383788.0,4710328.0
2026-07-22,6153,嘉聯益,17.3,17.45,17.0,17.0,3036176.0,52410020.0
2026-07-22,6155,鈞寶,64.1,64.8,60.1,60.2,2083955.0,128300162.0
2026-07-22,6164,華興,12.65,12.9,12.65,12.7,602750.0,7690625.0
2026-07-22,6165,浪凡,50.1,50.3,49.55,49.7,289037.0,14428561.0
2026-07-22,6166,凌華,137.5,145.0,137.0,145.0,2591426.0,371784008.0
2026-07-22,6168,宏齊,24.7,25.5,24.4,25.1,2656394.0,66536125.0
2026-07-22,6176,瑞儀,86.0,89.3,86.0,87.4,5303105.0,463095365.0
2026-07-22,6177,達麗,47.95,48.95,47.55,48.3,1520696.0,73474218.0
2026-07-22,6183,關貿,90.6,91.2,90.6,91.1,17472.0,1590731.0
2026-07-22,6184,大豐電,42.85,42.85,42.7,42.7,46607.0,1993181.0
2026-07-22,6189,豐藝,47.95,50.0,47.95,49.3,794082.0,39094532.0
2026-07-22,6191,精成科,91.0,92.4,90.7,91.0,2758970.0,251898003.0
2026-07-22,6192,巨路,117.0,118.0,115.5,115.5,140545.0,16332430.0
2026-07-22,6196,帆宣,554.0,561.0,545.0,548.0,1322410.0,727974855.0
2026-07-22,6197,佳必琪,323.0,326.0,314.0,315.0,2178904.0,699532678.0
2026-07-22,6201,亞弘電,49.1,49.1,48.9,49.0,17285.0,847080.0
2026-07-22,6202,盛群,58.1,59.1,57.1,57.5,2649263.0,153620969.0
2026-07-22,6205,詮欣,62.7,64.0,62.5,62.8,405094.0,25610551.0
2026-07-22,6206,飛捷,118.0,126.5,117.5,126.5,2041250.0,250641778.0
2026-07-22,6209,今國光,69.2,72.1,69.2,70.0,2960595.0,208137885.0
2026-07-22,6213,聯茂,373.0,387.5,363.0,367.0,28213708.0,10615316443.0
2026-07-22,6214,精誠,142.0,143.5,141.5,141.5,1121168.0,159854443.0
2026-07-22,6215,和椿,96.7,100.5,96.7,98.7,841655.0,83364003.0
2026-07-22,6216,居易,22.3,22.3,22.05,22.05,80755.0,1787252.0
2026-07-22,6224,聚鼎,57.8,59.6,57.6,58.3,449706.0,26409722.0
2026-07-22,6225,天瀚,26.9,27.0,25.15,25.15,17428.0,452314.0
2026-07-22,6226,光鼎,17.7,19.85,17.6,19.1,19897181.0,373128682.0
2026-07-22,6230,尼得科超眾,119.0,119.0,114.5,114.5,24436.0,2854155.0
2026-07-22,6235,華孚,40.4,40.75,39.95,39.95,473746.0,19103611.0
2026-07-22,6239,力成,281.0,299.0,278.5,294.0,18357684.0,5338147786.0
2026-07-22,6243,迅杰,54.0,54.9,49.2,50.1,7583554.0,393319234.0
2026-07-22,6257,矽格,223.0,227.5,221.5,223.5,4988193.0,1120329918.0
2026-07-22,6269,台郡,56.9,59.0,56.9,58.0,2903326.0,168596540.0
2026-07-22,6271,同欣電,207.5,212.0,203.0,203.0,4210949.0,867651390.0
2026-07-22,6272,驊陞,27.0,27.45,26.8,26.95,194123.0,5258823.0
2026-07-22,6277,宏正,80.0,81.5,78.1,78.4,1116111.0,88989844.0
2026-07-22,6278,台表科,170.0,172.5,167.0,167.0,3208152.0,543772775.0
2026-07-22,6281,全國電,51.9,52.1,51.3,51.3,39472.0,2039528.0
2026-07-22,6282,康舒,49.5,50.5,48.6,48.7,10492224.0,518733784.0
2026-07-22,6283,淳安,21.4,21.55,21.0,21.05,155153.0,3290905.0
2026-07-22,6285,啟碁,250.0,258.0,248.5,253.0,7248664.0,1835037628.0
2026-07-22,6405,悅城,42.35,43.8,41.6,41.95,644107.0,27354151.0
2026-07-22,6409,旭隼,995.0,1020.0,994.0,998.0,597756.0,599358675.0
2026-07-22,6412,群電,82.0,83.5,81.6,82.2,778378.0,64117073.0
2026-07-22,6414,樺漢,470.0,490.0,457.5,490.0,5327081.0,2546519377.0
2026-07-22,6415,矽力*-KY,470.0,499.0,470.0,483.5,4720583.0,2302379341.0
2026-07-22,6416,瑞祺電通,103.0,109.0,102.0,106.0,3037880.0,324978429.0
2026-07-22,6426,統新,167.0,168.0,163.5,167.0,345255.0,57374976.0
2026-07-22,6431,光麗-KY,17.35,17.4,16.8,17.4,43153.0,741378.0
2026-07-22,6438,迅得,151.0,152.5,149.0,151.5,370839.0,56055789.0
2026-07-22,6442,光聖,1350.0,1385.0,1325.0,1385.0,1078368.0,1480854850.0
2026-07-22,6443,元晶,28.75,30.3,28.75,29.6,8007723.0,238727770.0
2026-07-22,6446,藥華藥,1195.0,1215.0,1170.0,1180.0,2030357.0,2413008515.0
2026-07-22,6449,鈺邦,269.5,269.5,269.5,269.5,416257.0,112181234.0
2026-07-22,6451,訊芯-KY,473.0,477.5,443.0,444.0,2714185.0,1243788780.0
2026-07-22,6456,GIS-KY,64.0,68.7,63.6,68.7,4267822.0,286274824.0
2026-07-22,6464,台數科,79.7,79.7,79.0,79.3,51542.0,4081972.0
2026-07-22,6472,保瑞,402.5,424.0,402.5,423.0,922818.0,385337610.0
2026-07-22,6477,安集,41.45,43.9,39.9,40.15,11733915.0,488057469.0
2026-07-22,6491,晶碩,337.5,345.0,336.0,338.0,331495.0,112641313.0
2026-07-22,6504,南六,36.45,36.95,36.25,36.9,104087.0,3810848.0
2026-07-22,6505,台塑化,87.4,92.8,84.1,85.1,121175845.0,10603163687.0
2026-07-22,6515,穎崴,7000.0,7180.0,6490.0,6500.0,616813.0,4143581100.0
2026-07-22,6525,捷敏-KY,158.0,161.5,153.0,155.0,3297367.0,515210355.0
2026-07-22,6526,達發,590.0,604.0,590.0,591.0,307825.0,183928079.0
2026-07-22,6531,愛普*,900.0,930.0,899.0,908.0,2632186.0,2410858120.0
2026-07-22,6533,晶心科,233.5,242.0,233.5,234.5,1694512.0,402109679.0
2026-07-22,6534,正瀚-創,93.0,93.8,91.7,91.7,156102.0,14437599.0
2026-07-22,6541,泰福-KY,40.4,40.4,39.65,40.0,387624.0,15518799.0
2026-07-22,6550,北極星藥業-KY,12.4,12.4,12.0,12.05,1810418.0,21892352.0
2026-07-22,6552,易華電,26.75,26.75,25.5,25.95,127845.0,3314369.0
2026-07-22,6558,興能高,27.55,27.95,27.5,27.7,183724.0,5091065.0
2026-07-22,6573,虹揚-KY,20.2,21.7,20.05,21.7,551120.0,11508520.0
2026-07-22,6579,研揚,168.0,175.5,166.5,167.0,1349175.0,230799857.0
2026-07-22,6581,鋼聯,107.5,107.5,106.0,107.0,29497.0,3151238.0
2026-07-22,6582,申豐,32.55,32.55,32.1,32.25,22669.0,731712.0
2026-07-22,6585,鼎基,127.0,128.0,126.0,127.0,217761.0,27616373.0
2026-07-22,6589,台康生技,45.5,46.9,45.35,46.6,478033.0,22162505.0
2026-07-22,6591,動力-KY,44.5,45.2,44.1,45.0,112226.0,4995883.0
2026-07-22,6592,和潤企業,60.6,61.2,60.5,60.5,327885.0,19919301.0
2026-07-22,6598,ABC-KY,27.0,28.3,26.25,27.85,735523.0,19992849.0
2026-07-22,6605,帝寶,131.0,136.0,131.0,135.5,815566.0,109374284.0
2026-07-22,6606,建德工業,25.65,25.9,25.4,25.7,65030.0,1664477.0
2026-07-22,6614,資拓宏宇,38.5,38.5,38.2,38.35,57013.0,2187416.0
2026-07-22,6625,必應,76.0,76.0,74.9,75.1,140721.0,10585366.0
2026-07-22,6641,基士德-KY,18.25,18.25,17.95,17.95,93707.0,1691993.0
2026-07-22,6645,金萬林-創,14.0,14.0,13.35,13.35,34020.0,459522.0
2026-07-22,6655,科定,117.5,118.0,116.0,118.0,7010.0,820665.0
2026-07-22,6657,華安,36.3,36.5,35.35,35.85,125487.0,4526728.0
2026-07-22,6658,聯策,157.0,164.5,155.5,162.5,655049.0,105204733.0
2026-07-22,6666,羅麗芬-KY,44.6,44.85,44.35,44.55,18614.0,829346.0
2026-07-22,6668,中揚光,34.4,34.8,34.1,34.1,305463.0,10512931.0
2026-07-22,6669,緯穎,5195.0,5500.0,5145.0,5500.0,3846206.0,20981249520.0
2026-07-22,6670,復盛應用,261.0,265.5,261.0,262.5,548737.0,144781560.0
2026-07-22,6671,三能-KY,24.4,24.45,23.95,24.0,62758.0,1508443.0
2026-07-22,6672,騰輝電子-KY,240.5,244.0,234.0,235.0,4344132.0,1039557996.0
2026-07-22,6674,鋐寶科技,16.4,16.6,16.0,16.2,30215.0,491813.0
2026-07-22,6689,伊雲谷,62.1,62.6,61.2,62.0,84160.0,5217235.0
2026-07-22,6691,洋基工程,730.0,748.0,722.0,726.0,542694.0,397441819.0
2026-07-22,6695,芯鼎,57.5,58.2,55.8,55.9,3789191.0,216117256.0
2026-07-22,6698,旭暉應材,35.0,36.0,34.95,35.15,307803.0,10897946.0
2026-07-22,6706,惠特,112.5,120.0,112.5,116.5,1893507.0,218049650.0
2026-07-22,6715,嘉基,400.0,413.5,372.0,387.0,1306707.0,518152795.0
2026-07-22,6719,力智,256.0,257.0,242.0,246.5,3357731.0,836722696.0
2026-07-22,6722,輝創,34.3,35.05,34.3,34.85,42106.0,1461418.0
2026-07-22,6742,澤米,46.0,46.5,44.85,44.85,499010.0,22657167.0
2026-07-22,6743,安普新,30.6,30.6,30.0,30.05,224855.0,6778353.0
2026-07-22,6753,龍德造船,152.0,160.0,142.0,144.5,8210385.0,1226751423.0
2026-07-22,6754,匯僑設計,42.15,43.0,42.05,42.15,18098.0,766714.0
2026-07-22,6756,威鋒電子,95.8,97.3,95.2,95.8,141673.0,13620910.0
2026-07-22,6757,台灣虎航,58.6,59.4,56.8,56.9,2026206.0,116475636.0
2026-07-22,6768,志強-KY,70.1,70.5,69.5,69.8,408042.0,28529720.0
2026-07-22,6770,力積電,67.8,69.6,67.1,67.9,169362718.0,11579825012.0
2026-07-22,6771,平和環保-創,38.3,38.5,38.2,38.35,27560.0,1058370.0
2026-07-22,6776,展碁國際,55.3,55.8,55.0,55.1,136869.0,7574254.0
2026-07-22,6781,AES-KY,995.0,1020.0,985.0,1005.0,655536.0,657731611.0
2026-07-22,6782,視陽,187.5,190.5,187.0,188.5,274576.0,51797018.0
2026-07-22,6789,采鈺,498.0,504.0,488.5,492.0,1634275.0,810699550.0
2026-07-22,6790,永豐實,38.75,38.95,38.5,38.5,196745.0,7599311.0
2026-07-22,6792,詠業,54.2,55.0,54.1,54.3,41005.0,2231375.0
2026-07-22,6794,向榮生技,78.1,78.1,77.1,77.9,33800.0,2621118.0
2026-07-22,6796,晉弘,59.0,60.1,57.9,59.4,52132.0,3051458.0
2026-07-22,6799,來頡,85.0,86.2,84.7,84.8,276036.0,23576025.0
2026-07-22,6805,富世達,1470.0,1470.0,1390.0,1395.0,607834.0,860380060.0
2026-07-22,6807,峰源-KY,33.7,34.2,33.1,34.2,5000.0,168000.0
2026-07-22,6830,汎銓,362.5,381.0,358.5,370.5,1154170.0,427333904.0
2026-07-22,6831,邁科,600.0,650.0,600.0,635.0,670290.0,416875757.0
2026-07-22,6834,天二科技,106.0,109.0,100.5,100.5,6346848.0,662580619.0
2026-07-22,6835,圓裕,32.1,32.1,31.6,31.75,43034.0,1365828.0
2026-07-22,6838,台新藥,23.45,24.45,23.35,23.85,119585.0,2861995.0
2026-07-22,6854,錼創科技-KY創,102.0,103.0,101.0,101.0,162243.0,16539258.0
2026-07-22,6861,睿生光電,224.0,224.0,213.0,218.0,374356.0,81762576.0
2026-07-22,6862,三集瑞-KY,155.0,157.5,151.5,152.5,244004.0,37562023.0
2026-07-22,6863,永道-KY,105.0,107.0,104.5,105.5,151201.0,16010109.0
2026-07-22,6869,雲豹能源,68.8,69.4,68.4,68.7,216454.0,14896621.0
2026-07-22,6873,泓德能源,88.3,89.9,87.1,87.6,328494.0,28899748.0
2026-07-22,6885,全福生技,20.8,21.0,20.75,20.85,189008.0,3938605.0
2026-07-22,6887,寶綠特-KY,37.3,37.95,37.1,37.8,45760.0,1716132.0
2026-07-22,6890,來億-KY,175.5,177.0,171.0,171.0,257768.0,44572772.0
2026-07-22,6901,鑽石投資,17.7,17.95,17.45,17.5,1881955.0,33146241.0
2026-07-22,6902,GOGOLOOK,119.0,123.0,119.0,122.0,108603.0,13196326.0
2026-07-22,6906,現觀科,72.1,72.7,71.6,72.4,61862.0,4459950.0
2026-07-22,6908,宏碁遊戲-創,35.85,35.95,35.35,35.85,60366.0,2149839.0
2026-07-22,6909,創控,43.8,44.3,43.45,43.55,320584.0,14060247.0
2026-07-22,6914,阜爾運通,146.0,146.0,144.0,144.5,47873.0,6933601.0
2026-07-22,6916,華凌,20.0,20.15,19.85,19.85,17016.0,339811.0
2026-07-22,6918,愛派司,72.6,73.0,72.6,72.9,14000.0,1020600.0
2026-07-22,6919,康霈*,105.5,106.0,104.0,104.0,2708605.0,283992329.0
2026-07-22,6921,嘉雨思-創,64.5,64.5,63.1,63.4,5500.0,349850.0
2026-07-22,6923,中台,77.5,80.0,77.5,79.2,265095.0,20979199.0
2026-07-22,6924,榮惠-KY創,105.5,107.5,105.5,106.5,15165.0,1615470.0
2026-07-22,6928,攸泰科技,57.7,59.8,53.9,54.9,1296936.0,74024678.0
2026-07-22,6931,青松健康,38.75,39.35,38.75,39.25,18138.0,710164.0
2026-07-22,6933,AMAX-KY,173.0,179.5,165.0,165.0,1119517.0,194065403.0
2026-07-22,6934,心誠鎂,78.0,78.0,75.2,78.0,20168.0,1539374.0
2026-07-22,6936,永鴻生技,31.7,31.9,31.7,31.75,61402.0,1951134.0
2026-07-22,6937,天虹,273.5,295.0,271.0,288.0,796309.0,227004426.0
2026-07-22,6944,兆聯實業,1020.0,1070.0,1015.0,1030.0,1036690.0,1075554855.0
2026-07-22,6949,沛爾生醫-創,1005.0,1020.0,995.0,1010.0,194855.0,196642040.0
2026-07-22,6951,青新-創,72.0,72.3,71.8,71.8,22360.0,1610469.0
2026-07-22,6952,大武山,35.45,35.45,35.2,35.2,13000.0,459100.0
2026-07-22,6955,邦睿生技-創,114.0,114.5,114.0,114.0,7325.0,835227.0
2026-07-22,6957,裕慶-KY,254.0,257.5,252.5,252.5,209467.0,53351078.0
2026-07-22,6958,日盛台駿,18.2,18.25,17.5,17.75,61813.0,1109964.0
2026-07-22,6962,奕力-KY,33.75,34.3,33.55,33.55,1456608.0,49302453.0
2026-07-22,6965,中傑-KY,78.2,79.5,77.2,78.4,50106.0,3920761.0
2026-07-22,6969,成信實業*-創,31.9,31.9,31.9,31.9,488278.0,15576065.0
2026-07-22,6988,威力暘-創,12.8,12.85,12.7,12.8,24000.0,307250.0
2026-07-22,6994,富威電力,40.7,41.3,40.2,41.1,284492.0,11592378.0
2026-07-22,7610,聯友金屬-創,1805.0,1960.0,1765.0,1835.0,1446339.0,2699345940.0
2026-07-22,7631,聚賢研發-創,141.0,141.0,138.0,139.0,32012.0,4469270.0
2026-07-22,7705,三商餐飲,30.6,30.6,30.35,30.4,26830.0,817634.0
2026-07-22,7711,永擎,307.0,311.0,304.5,308.5,170863.0,52727499.0
2026-07-22,7721,微程式,63.0,63.8,62.5,63.1,79787.0,5032374.0
2026-07-22,7722,LINEPAY,310.0,312.5,304.5,312.5,67514.0,20858279.0
2026-07-22,7730,暉盛-創,172.0,174.0,169.0,169.0,63291.0,10824121.0
2026-07-22,7732,金興精密,35.5,35.8,35.0,35.8,33002.0,1167964.0
2026-07-22,7736,虎山,70.5,70.5,70.1,70.2,23000.0,1615900.0
2026-07-22,7740,熙特爾-創,163.0,166.0,160.5,163.0,187740.0,30646212.0
2026-07-22,7749,意騰-KY,374.0,374.0,365.0,368.0,131562.0,48658309.0
2026-07-22,7750,新代,2065.0,2085.0,2005.0,2030.0,152294.0,311409140.0
2026-07-22,7760,享溫馨,34.15,34.85,34.15,34.85,57362.0,1984016.0
2026-07-22,7765,中華資安,231.5,231.5,227.0,227.0,24375.0,5554361.0
2026-07-22,7768,頌勝科技,294.0,303.0,294.0,296.0,97427.0,29184096.0
2026-07-22,7769,鴻勁,6690.0,6710.0,6375.0,6405.0,519468.0,3383280655.0
2026-07-22,7780,大研生醫*,17.5,17.6,17.3,17.3,775675.0,13482340.0
2026-07-22,7786,東方風能,132.5,132.5,130.5,131.0,100792.0,13242289.0
2026-07-22,7788,松川精密,230.0,244.0,230.0,239.5,1265729.0,298770651.0
2026-07-22,7791,皇家可口,62.3,62.3,62.0,62.1,27365.0,1700996.0
2026-07-22,7795,長廣,429.0,447.5,419.5,434.0,1327207.0,574364887.0
2026-07-22,7799,禾榮科,432.5,435.0,410.0,410.0,585718.0,243917834.0
2026-07-22,7803,雲象科技-創,21.1,21.45,21.0,21.1,66338.0,1405164.0
2026-07-22,7818,溢泰實業,69.0,69.0,68.1,69.0,104051.0,7155659.0
2026-07-22,7821,神數,41.5,41.55,40.4,40.5,132624.0,5392761.0
2026-07-22,7822,倍利科,884.0,919.0,880.0,881.0,145936.0,130442586.0
2026-07-22,7823,奧義賽博-KY創,84.0,84.0,83.0,83.1,9728.0,811886.0
2026-07-22,7827,漢康-KY創,153.0,155.0,150.5,155.0,174932.0,26743142.0
2026-07-22,8011,台通,16.9,16.9,16.45,16.45,952097.0,15821880.0
2026-07-22,8016,矽創,293.0,309.5,293.0,299.5,1277508.0,384964108.0
2026-07-22,8021,尖點,407.5,418.5,397.0,418.5,4498543.0,1848250737.0
2026-07-22,8028,昇陽半導體,310.0,319.5,302.5,308.0,10029180.0,3115629917.0
2026-07-22,8033,雷虎,214.5,214.5,193.0,196.5,22040043.0,4447522426.0
2026-07-22,8039,台虹,226.5,233.0,219.0,233.0,27683012.0,6252560702.0
2026-07-22,8045,達運光電,65.2,67.7,62.5,62.5,675206.0,43789514.0
2026-07-22,8046,南電,1255.0,1305.0,1215.0,1305.0,17115866.0,21731597030.0
2026-07-22,8070,長華*,47.75,49.8,47.75,49.0,3138420.0,153893372.0
2026-07-22,8072,陞泰,27.5,27.6,27.25,27.4,64593.0,1772743.0
2026-07-22,8081,致新,252.0,259.0,252.0,253.0,1386762.0,354235696.0
2026-07-22,8101,華冠,12.7,13.9,12.7,13.9,4714.0,61209.0
2026-07-22,8103,瀚荃,78.4,81.1,78.3,80.0,643382.0,51539360.0
2026-07-22,8104,錸寶,34.25,35.0,34.25,34.3,389096.0,13431265.0
2026-07-22,8105,凌巨,17.65,18.25,17.4,17.8,7050424.0,125735440.0
2026-07-22,8110,華東,43.5,45.5,43.3,44.35,4781378.0,213756324.0
2026-07-22,8112,至上,87.2,92.4,87.1,88.1,32659661.0,2948177723.0
2026-07-22,8114,振樺電,200.0,221.0,200.0,221.0,1842127.0,397788768.0
2026-07-22,8131,福懋科,69.0,73.3,68.9,71.8,7147099.0,510743117.0
2026-07-22,8150,南茂,106.5,109.5,100.0,100.0,101449863.0,10536439965.0
2026-07-22,8162,微矽電子-創,62.1,64.6,62.1,64.5,220536.0,13995841.0
2026-07-22,8163,達方,33.05,33.8,32.85,32.85,769182.0,25592665.0
2026-07-22,8201,無敵,12.25,12.35,12.1,12.1,51434.0,628625.0
2026-07-22,8210,勤誠,1195.0,1205.0,1150.0,1150.0,1421309.0,1663223035.0
2026-07-22,8213,志超,31.65,32.8,31.65,32.25,694117.0,22352898.0
2026-07-22,8215,明基材,24.85,25.45,24.85,25.1,459665.0,11601553.0
2026-07-22,8222,寶一,42.65,43.85,38.6,39.9,5343456.0,218323016.0
2026-07-22,8249,菱光,44.6,45.05,44.2,44.2,193216.0,8639341.0
2026-07-22,8261,富鼎,254.0,266.0,248.5,254.0,2165921.0,556063828.0
2026-07-22,8271,宇瞻,200.0,202.5,196.0,196.5,3630322.0,723466165.0
2026-07-22,8341,日友,76.6,77.3,75.7,75.7,258469.0,19683905.0
2026-07-22,8367,建新國際,40.25,40.7,40.25,40.35,27143.0,1096769.0
2026-07-22,8374,羅昇,80.5,81.0,79.0,79.0,200554.0,16021745.0
2026-07-22,8404,百和興業-KY,17.05,17.25,16.95,16.95,251027.0,4274090.0
2026-07-22,8411,福貞-KY,12.6,12.95,12.5,12.95,139032.0,1769320.0
2026-07-22,8422,可寧衛*,26.4,26.8,26.0,26.0,5478347.0,143732546.0
2026-07-22,8429,金麗-KY,6.16,6.16,6.11,6.11,118323.0,725162.0
2026-07-22,8438,昶昕,70.5,71.9,70.2,70.2,228985.0,16288494.0
2026-07-22,8442,威宏-KY,44.7,45.35,44.65,45.1,41289.0,1853708.0
2026-07-22,8443,阿瘦,11.2,11.35,11.2,11.35,18939.0,214848.0
2026-07-22,8454,富邦媒,253.5,260.0,246.5,248.0,756136.0,190732853.0
2026-07-22,8462,柏文,157.5,158.0,155.5,156.0,113643.0,17799690.0
2026-07-22,8463,潤泰材,21.5,21.55,21.3,21.3,32001.0,687571.0
2026-07-22,8464,億豐,359.0,367.5,358.5,363.0,416008.0,151475022.0
2026-07-22,8466,美吉吉-KY,17.45,17.7,17.4,17.5,67300.0,1179132.0
2026-07-22,8467,波力-KY,109.5,109.5,104.0,105.0,18202.0,1927081.0
2026-07-22,8473,山林水,44.4,45.35,43.7,44.5,611523.0,27169081.0
2026-07-22,8476,台境*,24.1,24.2,23.2,23.25,835375.0,19645083.0
2026-07-22,8478,東哥遊艇,151.5,153.5,151.5,152.0,151470.0,23107761.0
2026-07-22,8481,政伸,40.25,40.3,40.0,40.2,13172.0,528225.0
2026-07-22,8482,商億-KY,47.15,47.85,47.15,47.85,3010.0,143330.0
2026-07-22,8487,愛爾達-創,75.1,75.5,75.0,75.2,36242.0,2724349.0
2026-07-22,8488,吉源-KY,9.93,10.1,9.93,10.1,3001.0,30140.0
2026-07-22,8499,鼎炫-KY,270.0,275.5,269.5,269.5,37767.0,10236618.0
2026-07-22,8926,台汽電,65.6,66.7,64.7,64.7,4155137.0,271189222.0
2026-07-22,8940,新天地,16.15,16.2,15.95,16.1,54815.0,883193.0
2026-07-22,8996,高力,1070.0,1080.0,1030.0,1080.0,2245700.0,2397049730.0
2026-07-22,9103,美德醫療-DR,5.36,5.72,5.34,5.5,4184405.0,23272508.0
2026-07-22,9105,泰金寶-DR,8.88,8.95,8.68,8.68,21384538.0,188274833.0
2026-07-22,9110,越南控-DR,3.15,3.15,3.15,3.15,2000.0,6300.0
2026-07-22,9136,巨騰-DR,11.15,11.65,11.0,11.1,587286.0,6649293.0
2026-07-22,9802,鈺齊-KY,74.6,75.0,73.9,73.9,434520.0,32320633.0
2026-07-22,9902,台火,13.95,14.2,13.8,13.8,159999.0,2234162.0
2026-07-22,9904,寶成,24.4,24.55,24.25,24.25,21266835.0,517853837.0
2026-07-22,9905,大華,20.65,20.7,20.55,20.6,163141.0,3365873.0
2026-07-22,9906,欣巴巴,41.0,41.2,40.05,40.15,92510.0,3741482.0
2026-07-22,9907,統一實,15.35,15.4,15.15,15.15,2985467.0,45460900.0
2026-07-22,9908,大台北,29.1,29.3,29.0,29.0,351301.0,10215841.0
2026-07-22,9910,豐泰,68.0,69.8,68.0,68.3,2288919.0,157691481.0
2026-07-22,9911,櫻花,83.2,83.7,82.3,82.4,547389.0,45200947.0
2026-07-22,9912,偉聯,12.45,12.6,12.45,12.45,61511.0,770496.0
2026-07-22,9914,美利達,79.9,82.3,79.2,79.3,2425675.0,194350979.0
2026-07-22,9917,中保科,108.5,109.0,107.5,107.5,383696.0,41456495.0
2026-07-22,9918,欣天然,43.5,43.65,43.45,43.5,32793.0,1427005.0
2026-07-22,9919,康那香,14.25,14.7,14.25,14.5,2364195.0,34200273.0
2026-07-22,9921,巨大,84.0,86.9,83.9,84.6,1766953.0,150205425.0
2026-07-22,9924,福興,40.5,40.5,39.7,39.7,171032.0,6818311.0
2026-07-22,9925,新保,41.5,41.6,41.2,41.2,904550.0,37449369.0
2026-07-22,9926,新海,48.95,49.2,48.95,49.05,24334.0,1193884.0
2026-07-22,9927,泰銘,69.1,69.7,69.1,69.4,70236.0,4871979.0
2026-07-22,9928,中視,17.9,18.05,17.9,18.05,28191.0,506618.0
2026-07-22,9929,秋雨,11.05,11.6,11.05,11.6,5003.0,55984.0
2026-07-22,9930,中聯資源,63.8,64.0,62.7,62.8,369373.0,23347747.0
2026-07-22,9931,欣高,33.75,33.8,33.55,33.6,33551.0,1129563.0
2026-07-22,9933,中鼎,39.8,40.45,39.8,40.15,1770208.0,71120975.0
2026-07-22,9934,成霖,10.9,11.1,10.85,10.9,1631491.0,17880852.0
2026-07-22,9935,慶豐富,19.45,19.5,19.15,19.35,242475.0,4683592.0
2026-07-22,9937,全國,55.6,56.2,55.1,55.1,43200.0,2395955.0
2026-07-22,9938,百和,47.85,47.9,47.05,47.1,2678750.0,126967008.0
2026-07-22,9939,宏全,133.0,134.0,130.5,132.0,2833456.0,373124309.0
2026-07-22,9940,信義,20.45,20.5,20.1,20.15,401435.0,8141086.0
2026-07-22,9941,裕融,83.5,84.1,82.0,82.0,988246.0,81813284.0
2026-07-22,9942,茂順,123.5,124.5,123.0,123.5,116345.0,14405415.0
2026-07-22,9943,好樂迪,53.0,53.5,52.8,52.8,66014.0,3503093.0
2026-07-22,9944,新麗,18.3,18.35,18.15,18.25,54139.0,986875.0
2026-07-22,9945,潤泰新,26.55,26.95,26.35,26.4,6777179.0,179776090.0
2026-07-22,9946,三發地產,18.45,18.5,18.1,18.25,352015.0,6411036.0
2026-07-22,9955,佳龍,24.5,24.7,24.4,24.5,190343.0,4671610.0
2026-07-22,9958,世紀鋼,115.5,116.5,115.0,115.5,1611203.0,186216685.0
2026-07-22,_TAIEX,加權指數,44825.78,44825.78,44825.78,44825.78,0,0
2026-07-23,0050,元大台灣50,104.25,104.8,102.9,103.9,54786484.0,5669961359.0
2026-07-23,0051,元大中型100,141.85,141.9,139.45,139.85,29964.0,4210834.0
2026-07-23,0052,富邦科技,60.95,61.15,60.25,60.9,13157819.0,798186389.0
2026-07-23,0053,元大電子,236.15,236.15,232.95,234.5,18834.0,4415864.0
2026-07-23,0055,元大MSCI金融,42.8,42.8,42.16,42.42,106201.0,4499250.0
2026-07-23,0056,元大高股息,51.3,51.55,50.35,50.65,29851078.0,1518020911.0
2026-07-23,0057,富邦摩台,311.55,311.55,308.8,308.8,10341.0,3207494.0
2026-07-23,0061,元大寶滬深,25.2,25.3,25.11,25.13,98487.0,2479947.0
2026-07-23,1101,台泥,23.9,24.2,23.75,24.0,17293780.0,414369489.0
2026-07-23,1102,亞泥,32.7,32.8,32.4,32.7,7387571.0,241097573.0
2026-07-23,1103,嘉泥,13.1,13.2,13.05,13.1,479379.0,6294602.0
2026-07-23,1104,環泥,26.7,26.7,26.45,26.55,438904.0,11648641.0
2026-07-23,1108,幸福,12.2,12.25,12.15,12.2,234655.0,2861577.0
2026-07-23,1109,信大,13.8,13.9,13.75,13.85,83924.0,1160332.0
2026-07-23,1110,東泥,16.05,16.15,15.85,16.05,114305.0,1829162.0
2026-07-23,1201,味全,12.5,12.5,12.25,12.4,355183.0,4389852.0
2026-07-23,1203,味王,47.2,47.2,47.2,47.2,9788.0,461639.0
2026-07-23,1210,大成,57.0,57.1,56.2,56.9,1969937.0,111639735.0
2026-07-23,1213,大飲,7.1,7.65,7.1,7.65,8402.0,61059.0
2026-07-23,1215,卜蜂,109.5,109.5,107.5,109.5,1081044.0,117149945.0
2026-07-23,1216,統一,76.7,77.0,75.5,77.0,20523566.0,1566232886.0
2026-07-23,1217,愛之味,9.98,9.99,9.93,9.95,182197.0,1812980.0
2026-07-23,1218,泰山,16.1,16.1,15.9,15.95,1506849.0,24092743.0
2026-07-23,1219,福壽,11.65,11.65,11.55,11.65,959905.0,11130938.0
2026-07-23,1220,台榮,11.3,11.4,11.3,11.4,34916.0,395845.0
2026-07-23,1225,福懋油,26.6,26.6,26.45,26.55,51945.0,1379274.0
2026-07-23,1227,佳格,28.7,28.8,28.6,28.8,1880284.0,53928602.0
2026-07-23,1229,聯華,41.3,42.7,40.85,42.5,9105810.0,381111455.0
2026-07-23,1231,聯華食,91.4,92.0,89.5,92.0,377116.0,34315548.0
2026-07-23,1232,大統益,155.0,155.0,151.5,152.0,243975.0,37213220.0
2026-07-23,1233,天仁,29.6,29.6,28.8,29.15,28501.0,828343.0
2026-07-23,1234,黑松,33.55,33.65,33.25,33.6,101477.0,3390473.0
2026-07-23,1235,興泰,35.8,35.8,35.3,35.8,21345.0,758320.0
2026-07-23,1236,宏亞,23.75,23.95,23.4,23.55,50315.0,1185936.0
2026-07-23,1256,鮮活果汁-KY,183.5,188.5,183.0,188.0,49788.0,9294981.0
2026-07-23,1301,台塑,64.8,69.8,64.7,66.2,163615466.0,11083602494.0
2026-07-23,1303,南亞,210.5,217.0,194.0,197.0,120996999.0,24816035647.0
2026-07-23,1304,台聚,13.25,14.25,13.25,13.45,11334246.0,156058812.0
2026-07-23,1305,華夏,12.6,13.45,12.6,12.75,5637599.0,73533098.0
2026-07-23,1307,三芳,32.5,32.85,32.4,32.6,476118.0,15510741.0
2026-07-23,1308,亞聚,14.55,15.35,14.45,14.55,5963257.0,88892088.0
2026-07-23,1309,台達化,14.75,16.1,14.75,15.4,18051199.0,284172245.0
2026-07-23,1310,台苯,10.15,10.65,10.1,10.2,7261666.0,75261056.0
2026-07-23,1312,國喬,13.7,15.0,13.7,13.95,68564026.0,988541220.0
2026-07-23,1313,聯成,12.3,12.95,12.2,12.3,9161742.0,115165567.0
2026-07-23,1314,中石化,8.5,8.72,8.36,8.41,45029555.0,384352524.0
2026-07-23,1315,達新,64.3,64.4,63.8,64.2,9835.0,630701.0
2026-07-23,1316,上曜,10.45,10.5,10.15,10.2,1123834.0,11543288.0
2026-07-23,1319,東陽,73.2,73.8,72.5,72.9,1397180.0,101864877.0
2026-07-23,1321,大洋,32.0,32.0,31.45,31.8,70489.0,2230614.0
2026-07-23,1323,永裕,19.9,20.0,19.8,19.95,32263.0,641921.0
2026-07-23,1324,地球,10.3,10.35,10.2,10.3,54226.0,557269.0
2026-07-23,1325,恆大,28.0,29.35,27.9,28.25,5307564.0,152967677.0
2026-07-23,1326,台化,71.7,77.6,70.8,71.7,160401362.0,11983467583.0
2026-07-23,1337,再生-KY,4.89,5.07,4.87,4.89,280137.0,1383347.0
2026-07-23,1338,廣華-KY,16.2,16.2,15.9,16.15,69524.0,1117017.0
2026-07-23,1339,昭輝,45.4,45.4,44.1,44.95,52660.0,2350215.0
2026-07-23,1340,勝悅-KY,5.17,5.39,5.12,5.34,529214.0,2785294.0
2026-07-23,1341,富林-KY,57.9,58.4,57.9,58.4,4001.0,232658.0
2026-07-23,1342,八貫,114.5,114.5,111.0,113.0,180242.0,20233039.0
2026-07-23,1402,遠東新,27.45,27.5,26.9,27.2,18684169.0,507350779.0
2026-07-23,1409,新纖,24.5,24.9,23.55,23.8,12427211.0,297811166.0
2026-07-23,1410,南染,26.35,26.8,26.25,26.65,156264.0,4135835.0
2026-07-23,1413,宏洲,9.29,9.39,9.29,9.39,18521.0,172771.0
2026-07-23,1414,東和,18.15,18.15,17.45,17.75,151925.0,2687900.0
2026-07-23,1416,廣豐,11.05,11.05,10.95,11.0,113924.0,1251058.0
2026-07-23,1417,嘉裕,8.59,8.63,8.5,8.5,157740.0,1351555.0
2026-07-23,1418,東華,18.35,19.25,18.2,19.25,92842.0,1721821.0
2026-07-23,1419,新紡,66.3,66.3,64.8,65.8,87399.0,5717995.0
2026-07-23,1423,利華,36.0,36.0,36.0,36.0,4165.0,149808.0
2026-07-23,1432,大魯閣,15.05,15.05,14.95,15.05,88529.0,1330503.0
2026-07-23,1434,福懋,19.1,21.0,19.05,19.5,24676001.0,495382216.0
2026-07-23,1435,中福,19.05,21.1,19.0,21.1,34639.0,697188.0
2026-07-23,1436,華友聯,39.1,39.5,38.5,38.85,1163416.0,45155203.0
2026-07-23,1437,勤益控,31.2,31.25,31.0,31.0,105032.0,3266693.0
2026-07-23,1438,三地開發,22.2,22.2,21.55,22.0,31401.0,684621.0
2026-07-23,1439,雋揚,26.3,26.35,26.3,26.35,4169.0,109759.0
2026-07-23,1440,南紡,13.0,13.1,12.8,12.85,1440741.0,18598544.0
2026-07-23,1441,大東,9.08,9.08,9.0,9.07,11997.0,108344.0
2026-07-23,1442,名軒,29.4,29.6,29.0,29.6,186063.0,5451766.0
2026-07-23,1443,立益物流,25.65,26.45,25.25,26.2,24011.0,618426.0
2026-07-23,1444,力麗,7.99,8.1,7.76,8.1,2613539.0,20679844.0
2026-07-23,1445,大宇,11.3,11.4,10.65,10.85,99464.0,1083149.0
2026-07-23,1446,宏和,14.15,14.15,13.9,14.0,144178.0,2012599.0
2026-07-23,1447,力鵬,7.82,7.88,7.38,7.68,3975733.0,30029663.0
2026-07-23,1449,佳和,12.8,12.95,12.7,12.75,403091.0,5154011.0
2026-07-23,1451,年興,17.35,17.4,17.25,17.4,102686.0,1779280.0
2026-07-23,1452,宏益,11.6,11.7,11.45,11.55,57677.0,668253.0
2026-07-23,1453,大將,11.1,11.1,11.05,11.1,93287.0,1032711.0
2026-07-23,1454,台富,12.7,12.7,12.65,12.7,3862.0,49030.0
2026-07-23,1455,集盛,9.2,9.22,8.94,9.01,1018940.0,9196016.0
2026-07-23,1456,怡華,13.55,13.55,13.55,13.55,17042.0,230921.0
2026-07-23,1457,宜進,14.25,14.25,14.15,14.25,41904.0,594874.0
2026-07-23,1460,宏遠,7.0,7.0,6.9,6.92,479637.0,3320154.0
2026-07-23,1463,強盛新,18.0,18.0,17.8,17.85,43580.0,778598.0
2026-07-23,1464,得力,10.4,10.55,10.35,10.4,344358.0,3592696.0
2026-07-23,1465,偉全,12.5,12.8,12.5,12.8,121748.0,1542038.0
2026-07-23,1466,聚隆,17.25,18.0,17.1,17.35,1056284.0,18438895.0
2026-07-23,1467,南緯,10.25,10.65,10.05,10.3,1869193.0,19319773.0
2026-07-23,1468,昶和,13.15,13.65,13.05,13.4,39349.0,522991.0
2026-07-23,1470,大統新創,22.35,22.5,22.35,22.5,3031.0,67980.0
2026-07-23,1471,首利,9.99,10.0,9.8,9.82,337899.0,3332720.0
2026-07-23,1472,三洋實業,87.6,89.3,87.6,89.0,59480.0,5258080.0
2026-07-23,1473,台南,20.15,20.15,20.0,20.15,60439.0,1212604.0
2026-07-23,1474,弘裕,10.5,10.5,10.3,10.45,108189.0,1123014.0
2026-07-23,1475,業旺,27.0,27.0,26.4,26.8,25100.0,668328.0
2026-07-23,1476,儒鴻,338.5,338.5,332.5,334.0,1247248.0,418205449.0
2026-07-23,1477,聚陽,215.0,215.0,211.0,214.5,1199915.0,255603411.0
2026-07-23,1503,士電,209.0,211.5,205.5,211.5,1382956.0,288366157.0
2026-07-23,1504,東元,68.5,68.8,66.5,67.3,6238301.0,420387796.0
2026-07-23,1506,正道,10.7,10.8,10.6,10.7,204003.0,2179630.0
2026-07-23,1512,瑞利,6.6,6.85,6.6,6.69,62164.0,416721.0
2026-07-23,1513,中興電,164.5,164.5,160.0,160.0,3349556.0,539854834.0
2026-07-23,1514,亞力,109.0,110.0,106.0,108.0,1664922.0,178882043.0
2026-07-23,1515,力山,37.25,37.55,34.5,34.5,6010062.0,212032636.0
2026-07-23,1516,川飛,16.2,16.2,15.65,16.05,32224.0,514729.0
2026-07-23,1517,利奇,11.65,11.8,11.15,11.4,993681.0,11340566.0
2026-07-23,1519,華城,708.0,714.0,699.0,705.0,658614.0,465307476.0
2026-07-23,1521,大億,25.35,25.35,25.1,25.35,4002.0,101199.0
2026-07-23,1522,堤維西,28.65,28.65,28.2,28.35,416959.0,11825246.0
2026-07-23,1524,耿鼎,26.7,26.7,26.3,26.4,396996.0,10492526.0
2026-07-23,1525,江申,67.4,67.4,65.6,67.2,7903.0,527094.0
2026-07-23,1526,日馳,16.7,16.85,16.0,16.75,416097.0,6779247.0
2026-07-23,1527,鑽全,33.7,33.85,33.45,33.6,218879.0,7346475.0
2026-07-23,1528,恩德,20.0,20.1,19.5,19.65,917309.0,18072054.0
2026-07-23,1529,樂事綠能,19.4,19.4,18.65,18.65,605501.0,11400560.0
2026-07-23,1530,亞崴,31.45,31.45,30.2,30.5,58712.0,1800976.0
2026-07-23,1531,高林股,13.0,13.05,12.95,13.0,79431.0,1032224.0
2026-07-23,1532,勤美,23.3,23.3,23.05,23.25,243006.0,5637100.0
2026-07-23,1533,車王電,33.85,33.85,33.0,33.5,115397.0,3843375.0
2026-07-23,1535,中宇,46.1,46.1,45.2,45.35,105190.0,4789257.0
2026-07-23,1536,和大,52.0,53.2,51.3,51.6,1492517.0,77508716.0
2026-07-23,1537,廣隆,126.0,126.0,125.0,125.0,58155.0,7291971.0
2026-07-23,1538,正峰,10.15,10.15,9.37,9.37,2400.0,23284.0
2026-07-23,1539,巨庭,16.2,16.25,16.05,16.25,71310.0,1153219.0
2026-07-23,1540,喬福,22.0,22.1,21.55,21.55,235213.0,5114673.0
2026-07-23,1541,錩泰,22.0,22.05,22.0,22.05,3033.0,66827.0
2026-07-23,1558,伸興,88.6,90.4,88.6,89.7,216840.0,19325251.0
2026-07-23,1560,中砂,714.0,722.0,693.0,702.0,1213601.0,853686770.0
2026-07-23,1563,巧新,63.0,63.4,60.1,61.0,712543.0,43494428.0
2026-07-23,1568,倉佑,29.0,29.65,28.85,29.2,282573.0,8241386.0
2026-07-23,1582,信錦,71.5,71.6,69.4,70.1,1125018.0,78927857.0
2026-07-23,1583,程泰,49.1,49.1,48.45,48.8,18651.0,909697.0
2026-07-23,1587,吉茂,25.4,25.4,24.75,24.85,215088.0,5358308.0
2026-07-23,1590,亞德客-KY,1425.0,1430.0,1360.0,1405.0,1002215.0,1395418445.0
2026-07-23,1597,直得,131.5,138.0,128.5,134.5,835805.0,110886956.0
2026-07-23,1598,岱宇,19.85,19.9,19.55,19.7,114589.0,2254938.0
2026-07-23,1603,華電,29.3,29.35,28.95,29.3,103156.0,3008129.0
2026-07-23,1604,聲寶,23.3,23.3,22.95,23.1,764904.0,17665450.0
2026-07-23,1605,華新,33.9,34.65,33.2,33.65,15343771.0,518773800.0
2026-07-23,1608,華榮,30.45,30.6,30.1,30.25,1678152.0,50817458.0
2026-07-23,1609,大亞,37.9,38.2,37.45,37.8,2102681.0,79477692.0
2026-07-23,1611,中電,12.3,12.35,12.15,12.2,389699.0,4763540.0
2026-07-23,1612,宏泰,31.5,31.55,31.05,31.1,503455.0,15694846.0
2026-07-23,1614,三洋電,31.15,31.15,30.95,31.1,22265.0,692485.0
2026-07-23,1615,大山,43.0,43.1,42.5,42.95,95827.0,4090645.0
2026-07-23,1616,億泰,20.2,20.2,19.8,19.8,378234.0,7522022.0
2026-07-23,1617,榮星,20.1,20.15,18.8,19.25,1249130.0,24001485.0
2026-07-23,1618,合機,39.5,39.5,38.0,38.5,749410.0,28725713.0
2026-07-23,1623,大東電,220.5,222.5,217.5,219.0,127188.0,27816036.0
2026-07-23,1626,艾美特-KY,10.2,10.2,9.99,10.0,56605.0,570487.0
2026-07-23,1702,南僑,33.6,33.6,33.2,33.25,151298.0,5043201.0
2026-07-23,1707,葡萄王,91.0,91.2,90.3,90.8,462785.0,41944008.0
2026-07-23,1708,東鹼,54.5,56.0,53.7,53.9,4796810.0,262277779.0
2026-07-23,1709,和益,28.1,28.5,27.1,27.2,4659277.0,129189658.0
2026-07-23,1710,東聯,17.6,17.9,16.6,16.8,11598912.0,198060674.0
2026-07-23,1711,永光,38.15,38.5,36.6,37.65,2944971.0,110473038.0
2026-07-23,1712,興農,38.85,39.35,38.5,39.15,2264577.0,87930617.0
2026-07-23,1713,國化,48.15,48.35,48.0,48.0,86110.0,4141784.0
2026-07-23,1714,和桐,16.0,16.15,15.1,15.45,12564981.0,195274456.0
2026-07-23,1717,長興,63.5,64.2,61.4,62.1,7251935.0,455291519.0
2026-07-23,1718,中纖,12.15,12.75,11.15,11.35,80916543.0,944959194.0
2026-07-23,1720,生達,56.5,56.9,55.7,56.1,992130.0,55783467.0
2026-07-23,1721,三晃,21.8,21.95,21.15,21.45,649453.0,13937415.0
2026-07-23,1722,台肥,46.85,46.85,46.0,46.15,2732308.0,126259992.0
2026-07-23,1723,中碳,85.7,89.7,85.7,89.4,1589814.0,140207146.0
2026-07-23,1725,元禎,29.75,29.8,29.4,29.45,28187.0,833575.0
2026-07-23,1726,永記,75.4,75.5,75.3,75.4,38556.0,2906692.0
2026-07-23,1727,中華化,80.6,82.1,78.1,79.2,1416942.0,113148376.0
2026-07-23,1730,花仙子,51.4,51.7,51.3,51.3,39507.0,2030797.0
2026-07-23,1731,美吾華,20.65,20.7,20.55,20.55,81611.0,1681886.0
2026-07-23,1732,毛寶,28.0,29.6,27.45,27.6,3110761.0,88305853.0
2026-07-23,1733,五鼎,31.65,31.7,31.2,31.65,286440.0,9036354.0
2026-07-23,1734,杏輝,32.85,32.9,32.4,32.55,868648.0,28298520.0
2026-07-23,1735,日勝化,20.45,20.6,19.9,20.0,88606.0,1788635.0
2026-07-23,1736,喬山,134.5,139.0,129.5,131.5,555549.0,73455977.0
2026-07-23,1737,臺鹽,31.85,32.05,31.8,32.0,72247.0,2303989.0
2026-07-23,1752,南光,31.75,31.75,31.4,31.7,29562.0,931979.0
2026-07-23,1760,寶齡富錦,62.1,63.4,61.1,61.1,179903.0,11152665.0
2026-07-23,1762,中化生,34.7,35.2,34.4,34.5,135294.0,4681887.0
2026-07-23,1773,勝一,171.5,173.0,166.0,167.5,596697.0,100671340.0
2026-07-23,1776,展宇,18.1,18.1,17.45,17.65,72243.0,1277852.0
2026-07-23,1783,和康生,40.2,40.2,39.7,40.15,78773.0,3145620.0
2026-07-23,1786,科妍,50.5,50.5,49.85,50.4,109316.0,5488651.0
2026-07-23,1789,神隆,19.8,19.9,19.7,19.8,543690.0,10768037.0
2026-07-23,1795,美時,194.5,198.5,188.5,188.5,2482041.0,474785631.0
2026-07-23,1802,台玻,56.2,56.6,53.6,54.3,15839160.0,866966140.0
2026-07-23,1805,寶徠,10.1,10.15,10.0,10.15,106303.0,1072724.0
2026-07-23,1806,冠軍,8.31,8.33,8.18,8.18,266381.0,2188404.0
2026-07-23,1808,潤隆,31.95,32.2,31.55,32.05,621065.0,19818307.0
2026-07-23,1809,中釉,40.35,40.45,38.0,38.75,999298.0,38883247.0
2026-07-23,1810,和成,33.2,33.2,30.75,30.75,32641237.0,1026764990.0
2026-07-23,1817,凱撒衛,38.55,38.55,38.3,38.4,73335.0,2815061.0
2026-07-23,1903,士紙,48.6,48.7,48.25,48.6,91436.0,4433295.0
2026-07-23,1904,正隆,21.65,21.8,21.55,21.7,794133.0,17203783.0
2026-07-23,1905,華紙,14.2,14.4,14.0,14.15,2015423.0,28575242.0
2026-07-23,1906,寶隆,11.2,11.2,10.9,10.95,66899.0,735997.0
2026-07-23,1907,永豐餘,28.05,28.3,27.75,28.05,881723.0,24694238.0
2026-07-23,1909,榮成,10.05,10.4,10.05,10.1,2667897.0,27133537.0
2026-07-23,2002,中鋼,19.0,19.45,19.0,19.1,89130582.0,1712220353.0
2026-07-23,2006,東和鋼鐵,71.1,72.0,70.9,71.2,1879763.0,134075569.0
2026-07-23,2007,燁興,7.19,7.27,7.15,7.18,235068.0,1689838.0
2026-07-23,2008,高興昌,30.05,30.9,30.0,30.9,20372.0,615766.0
2026-07-23,2009,第一銅,38.0,38.6,37.6,38.3,856702.0,32646343.0
2026-07-23,2010,春源,21.2,21.35,21.0,21.05,961469.0,20338730.0
2026-07-23,2012,春雨,15.75,15.75,15.4,15.65,38037.0,590812.0
2026-07-23,2013,中鋼構,40.65,41.0,40.6,41.0,54661.0,2227183.0
2026-07-23,2014,中鴻,17.25,17.65,17.2,17.35,4718589.0,82165833.0
2026-07-23,2015,豐興,63.0,63.5,62.9,63.5,179031.0,11327509.0
2026-07-23,2017,官田鋼,9.02,9.1,8.91,8.92,263179.0,2367521.0
2026-07-23,2020,美亞,21.35,21.35,21.05,21.2,126695.0,2678240.0
2026-07-23,2022,聚亨,7.77,7.83,7.7,7.76,508366.0,3945163.0
2026-07-23,2023,燁輝,13.9,14.2,13.85,13.95,1185645.0,16602244.0
2026-07-23,2024,志聯,13.75,13.75,13.5,13.6,8225.0,111764.0
2026-07-23,2025,千興,11.55,12.3,11.55,12.2,716801.0,8618507.0
2026-07-23,2027,大成鋼,44.7,45.5,43.2,44.4,26272612.0,1165523544.0
2026-07-23,2028,威致,15.6,15.8,15.4,15.6,92237.0,1441252.0
2026-07-23,2029,盛餘,20.6,21.0,20.5,20.65,191277.0,3958502.0
2026-07-23,2030,彰源,17.55,17.7,17.35,17.5,739330.0,12951625.0
2026-07-23,2031,新光鋼,40.4,40.8,40.05,40.4,793834.0,32085579.0
2026-07-23,2032,新鋼,16.2,16.4,16.0,16.25,422574.0,6859117.0
2026-07-23,2033,佳大,15.15,15.35,15.0,15.35,118000.0,1787900.0
2026-07-23,2034,允強,19.7,19.9,19.45,19.55,803113.0,15765150.0
2026-07-23,2038,海光,12.85,13.2,12.7,12.8,480780.0,6208323.0
2026-07-23,2049,上銀,324.5,327.0,313.0,319.5,1813006.0,579020008.0
2026-07-23,2059,川湖,8300.0,8350.0,8005.0,8200.0,457766.0,3743410855.0
2026-07-23,2062,橋椿,19.0,19.05,18.75,18.85,177868.0,3354901.0
2026-07-23,2069,運錩,18.65,18.7,18.5,18.65,160250.0,2976450.0
2026-07-23,2072,世紀風電,144.5,144.5,141.5,142.0,195132.0,27783821.0
2026-07-23,2101,南港,33.65,33.85,33.25,33.45,792946.0,26537294.0
2026-07-23,2102,泰豐,19.1,19.2,18.75,19.05,189961.0,3601740.0
2026-07-23,2103,台橡,24.05,24.6,23.7,23.85,5365978.0,129567136.0
2026-07-23,2104,國際中橡,10.5,10.9,10.4,10.45,4539546.0,48393427.0
2026-07-23,2105,正新,31.5,31.65,31.15,31.2,8554672.0,267865970.0
2026-07-23,2106,建大,17.75,18.0,17.7,17.8,502414.0,8952576.0
2026-07-23,2107,厚生,25.9,25.95,25.65,25.8,265184.0,6833828.0
2026-07-23,2108,南帝,28.35,29.15,28.3,28.85,714394.0,20579825.0
2026-07-23,2109,華豐,14.55,14.6,14.3,14.5,192146.0,2768773.0
2026-07-23,2114,鑫永銓,87.6,87.6,86.8,87.0,90032.0,7848572.0
2026-07-23,2115,六暉-KY,22.0,22.15,21.9,22.15,64000.0,1409800.0
2026-07-23,2201,裕隆,28.35,28.35,28.0,28.05,1323266.0,37233107.0
2026-07-23,2204,中華,52.3,52.7,51.8,52.0,2170192.0,113075759.0
2026-07-23,2206,三陽工業,60.5,61.1,60.5,60.7,1184460.0,72038468.0
2026-07-23,2207,和泰車,496.5,496.5,488.5,492.0,242622.0,119354609.0
2026-07-23,2208,台船,20.1,20.3,19.55,19.75,5274666.0,104633082.0
2026-07-23,2211,長榮鋼,88.4,88.4,87.3,87.6,357524.0,31337978.0
2026-07-23,2227,裕日車,49.25,50.4,49.1,50.4,82655.0,4086797.0
2026-07-23,2228,劍麟,79.3,80.1,79.1,79.5,42702.0,3393525.0
2026-07-23,2231,為升,106.0,106.0,96.1,96.1,1589318.0,156855498.0
2026-07-23,2233,宇隆,220.0,220.0,213.5,218.5,469100.0,101925864.0
2026-07-23,2236,百達-KY,153.5,154.5,148.5,150.0,300586.0,45414597.0
2026-07-23,2239,英利-KY,19.9,20.15,19.9,19.95,26290.0,523924.0
2026-07-23,2241,艾姆勒,35.1,35.5,33.85,34.2,1004369.0,34435515.0
2026-07-23,2243,宏旭-KY,52.2,57.4,52.2,54.4,1039054.0,57815923.0
2026-07-23,2247,汎德永業,220.0,221.5,218.5,221.5,35630.0,7822936.0
2026-07-23,2248,華勝-KY,63.6,64.3,62.7,62.7,117735.0,7446466.0
2026-07-23,2250,IKKA-KY,62.4,62.4,61.0,61.1,73681.0,4520720.0
2026-07-23,2254,巨鎧精密-創,60.9,60.9,58.9,60.5,14000.0,837500.0
2026-07-23,2258,鴻華先進-創,31.9,32.1,31.65,31.7,248552.0,7900134.0
2026-07-23,2301,光寶科,220.5,228.0,214.5,218.0,19107524.0,4210998583.0
2026-07-23,2302,麗正,45.4,46.1,41.55,42.45,7634130.0,333971553.0
2026-07-23,2303,聯電,141.0,142.5,135.5,138.5,115296489.0,16011521432.0
2026-07-23,2305,全友,33.2,34.4,31.75,34.35,5054900.0,169627659.0
2026-07-23,2308,台達電,1900.0,1945.0,1850.0,1880.0,6075442.0,11498662450.0
2026-07-23,2312,金寶,33.35,33.55,32.25,32.5,11653600.0,382336582.0
2026-07-23,2313,華通,210.5,218.5,208.5,214.0,40008211.0,8594529272.0
2026-07-23,2314,台揚,12.7,12.7,12.55,12.7,90957.0,1149775.0
2026-07-23,2316,楠梓電,169.0,174.5,161.0,165.5,5795187.0,973343342.0
2026-07-23,2317,鴻海,256.5,259.5,253.5,257.5,63787974.0,16358184879.0
2026-07-23,2321,東訊,0.0,0.0,0.0,0.0,1125.0,17655.0
2026-07-23,2323,中環,10.7,10.8,10.45,10.6,2620926.0,27708461.0
2026-07-23,2324,仁寶,36.6,37.7,36.4,36.75,57790237.0,2144726028.0
2026-07-23,2327,國巨*,708.0,732.0,681.0,696.0,59707395.0,41795391097.0
2026-07-23,2328,廣宇,47.6,47.75,46.05,46.5,1888109.0,88114715.0
2026-07-23,2329,華泰,48.85,49.6,46.55,47.1,6024423.0,288198007.0
2026-07-23,2330,台積電,2385.0,2405.0,2370.0,2405.0,28001492.0,66833713878.0
2026-07-23,2331,精英,20.1,20.25,19.65,19.75,972713.0,19303465.0
2026-07-23,2332,友訊,24.85,25.1,22.35,22.4,54864867.0,1282191076.0
2026-07-23,2337,旺宏,132.0,134.5,125.5,129.5,67629271.0,8792858740.0
2026-07-23,2338,光罩,44.0,44.0,41.75,42.0,1425294.0,60461272.0
2026-07-23,2340,台亞,33.15,33.65,31.7,32.4,2797790.0,90953483.0
2026-07-23,2342,茂矽,43.0,44.3,40.15,41.25,2921227.0,121569963.0
2026-07-23,2344,華邦電,172.0,172.0,157.0,161.0,157825138.0,25919122838.0
2026-07-23,2345,智邦,2305.0,2390.0,2280.0,2325.0,2178658.0,5083398420.0
2026-07-23,2347,聯強,88.5,89.5,87.5,87.8,4802450.0,423484051.0
2026-07-23,2348,海悅,78.7,79.3,77.4,79.2,454969.0,35628778.0
2026-07-23,2349,錸德,11.55,11.7,11.3,11.3,1416812.0,16190381.0
2026-07-23,2351,順德,169.0,170.5,161.5,164.0,1715676.0,281692051.0
2026-07-23,2352,佳世達,29.85,31.35,29.8,30.1,14402908.0,437854822.0
2026-07-23,2353,宏碁,30.8,30.9,30.0,30.15,16783323.0,508834290.0
2026-07-23,2354,鴻準,56.6,57.3,56.1,57.0,5913466.0,336674716.0
2026-07-23,2355,敬鵬,43.55,43.85,42.4,42.9,2551698.0,109502776.0
2026-07-23,2356,英業達,63.1,64.9,62.3,63.0,40918379.0,2592463572.0
2026-07-23,2357,華碩,759.0,773.0,759.0,769.0,3640645.0,2793219026.0
2026-07-23,2359,所羅門,140.0,143.0,138.5,142.0,3338328.0,469637411.0
2026-07-23,2360,致茂,2185.0,2215.0,2105.0,2155.0,2350458.0,5067735585.0
2026-07-23,2362,藍天,43.3,44.4,43.3,43.85,907926.0,39943984.0
2026-07-23,2363,矽統,59.3,60.0,56.6,57.1,5630352.0,325510181.0
2026-07-23,2364,倫飛,71.6,72.3,70.7,70.9,136238.0,9724997.0
2026-07-23,2365,昆盈,30.85,31.75,30.2,30.35,7776615.0,241511542.0
2026-07-23,2367,燿華,45.7,45.9,43.8,44.1,6799159.0,303095126.0
2026-07-23,2368,金像電,949.0,958.0,930.0,941.0,5006114.0,4717717280.0
2026-07-23,2369,菱生,36.45,37.7,33.7,34.7,15387317.0,539401749.0
2026-07-23,2371,大同,26.7,26.7,26.1,26.35,4666377.0,122648487.0
2026-07-23,2373,震旦行,53.9,53.9,53.2,53.4,37837.0,2018544.0
2026-07-23,2374,佳能,68.5,68.9,66.8,68.1,2016689.0,136926437.0
2026-07-23,2375,凱美,145.0,149.5,139.5,142.5,5133012.0,737330404.0
2026-07-23,2376,技嘉,350.5,354.5,344.5,354.5,7441425.0,2608306289.0
2026-07-23,2377,微星,157.5,158.0,149.0,152.0,20410666.0,3114343589.0
2026-07-23,2379,瑞昱,736.0,748.0,726.0,745.0,3392330.0,2506322636.0
2026-07-23,2380,虹光,19.6,19.6,19.0,19.0,40903.0,778326.0
2026-07-23,2382,廣達,331.0,337.5,328.0,336.0,24000085.0,7994203151.0
2026-07-23,2383,台光電,5280.0,5280.0,5030.0,5095.0,1471379.0,7535441046.0
2026-07-23,2385,群光,107.0,108.0,104.5,106.0,3812816.0,404632400.0
2026-07-23,2387,精元,38.7,39.1,38.4,38.85,303046.0,11749437.0
2026-07-23,2388,威盛,74.7,76.2,72.5,73.4,5391678.0,398789259.0
2026-07-23,2390,云辰,11.35,11.4,11.0,11.05,437287.0,4875140.0
2026-07-23,2392,正崴,36.35,36.95,35.9,36.1,1419657.0,51737357.0
2026-07-23,2393,億光,67.1,67.4,66.1,66.9,3251515.0,217063720.0
2026-07-23,2395,研華,605.0,607.0,582.0,600.0,3860896.0,2297473146.0
2026-07-23,2397,友通,60.4,60.4,59.0,60.0,400715.0,24017995.0
2026-07-23,2399,映泰,39.95,39.95,38.25,38.8,1960251.0,76396136.0
2026-07-23,2401,凌陽,29.95,30.0,27.85,28.2,6729552.0,192737538.0
2026-07-23,2402,毅嘉,59.6,59.6,57.7,59.5,1157960.0,68115736.0
2026-07-23,2404,漢唐,1190.0,1190.0,1165.0,1165.0,1021315.0,1197214580.0
2026-07-23,2405,輔信,17.15,17.15,16.5,16.65,1003041.0,16755081.0
2026-07-23,2406,國碩,35.8,35.95,33.1,33.35,25125219.0,864758870.0
2026-07-23,2408,南亞科,452.0,452.0,415.0,426.0,89386639.0,38764135815.0
2026-07-23,2409,友達,26.3,26.7,25.55,26.25,152317415.0,3979862859.0
2026-07-23,2412,中華電,139.0,139.0,137.5,138.0,10882713.0,1503172088.0
2026-07-23,2413,環科,41.7,42.55,41.2,41.85,530628.0,22204891.0
2026-07-23,2414,精技,54.4,54.9,53.2,54.5,577023.0,31167764.0
2026-07-23,2415,錩新,35.85,35.85,33.8,34.45,394736.0,13612822.0
2026-07-23,2417,圓剛,41.95,42.0,40.1,40.85,429558.0,17490508.0
2026-07-23,2419,仲琦,25.9,26.05,25.25,25.5,514778.0,13127171.0
2026-07-23,2420,新巨,58.0,58.0,56.9,57.2,254169.0,14558998.0
2026-07-23,2421,建準,132.0,135.0,131.0,133.5,1005497.0,134002435.0
2026-07-23,2423,固緯,75.7,76.3,73.9,76.2,174809.0,13110350.0
2026-07-23,2424,隴華,8.54,8.55,8.35,8.55,75213.0,635117.0
2026-07-23,2425,承啟,44.8,46.95,44.05,45.8,10884616.0,498465647.0
2026-07-23,2426,鼎元,59.0,63.9,58.0,61.1,14052620.0,864443108.0
2026-07-23,2427,三商電,23.9,24.0,23.0,23.2,852029.0,19917990.0
2026-07-23,2428,興勤,259.5,260.0,246.5,250.5,838253.0,210990915.0
2026-07-23,2429,銘旺科,40.35,40.35,38.8,39.5,770817.0,30351586.0
2026-07-23,2430,燦坤,17.9,17.9,17.65,17.7,144471.0,2557824.0
2026-07-23,2431,聯昌,10.7,10.7,10.5,10.65,175155.0,1857344.0
2026-07-23,2432,倚天酷碁-創,28.15,28.5,28.15,28.5,26104.0,737362.0
2026-07-23,2433,互盛電,41.9,42.0,41.7,42.0,51470.0,2156046.0
2026-07-23,2434,統懋,74.4,74.4,69.9,69.9,253025.0,18212673.0
2026-07-23,2436,偉詮電,61.6,62.0,59.4,60.2,1962581.0,118451557.0
2026-07-23,2438,翔耀,18.45,18.45,17.8,17.85,116953.0,2102845.0
2026-07-23,2439,美律,84.2,85.0,83.1,83.6,735071.0,61722851.0
2026-07-23,2440,太空梭,16.05,16.25,15.7,15.95,213389.0,3397498.0
2026-07-23,2441,超豐,128.5,130.0,123.0,127.0,4298710.0,544490228.0
2026-07-23,2442,新美齊,19.5,19.6,19.25,19.35,876747.0,16972299.0
2026-07-23,2444,兆勁,11.4,11.4,11.15,11.2,239062.0,2686467.0
2026-07-23,2449,京元電子,300.0,302.0,282.5,286.0,16709456.0,4856714078.0
2026-07-23,2450,神腦,28.7,28.75,28.65,28.65,64923.0,1862413.0
2026-07-23,2451,創見,244.0,246.5,237.0,244.5,2965726.0,719724030.0
2026-07-23,2453,凌群,52.3,52.9,51.9,52.1,242161.0,12634642.0
2026-07-23,2454,聯發科,3950.0,4050.0,3850.0,3875.0,8514494.0,33587878595.0
2026-07-23,2455,全新,335.5,356.5,329.0,345.0,19113416.0,6600222104.0
2026-07-23,2457,飛宏,24.9,25.05,24.25,24.6,1049536.0,25759006.0
2026-07-23,2458,義隆,176.0,176.0,167.0,171.0,2558650.0,435751364.0
2026-07-23,2459,敦吉,65.7,65.7,64.5,65.5,78192.0,5085547.0
2026-07-23,2460,建通,32.15,32.35,31.25,31.55,356995.0,11269134.0
2026-07-23,2461,光群雷,16.2,16.35,15.95,16.1,290169.0,4662576.0
2026-07-23,2462,良得電,21.4,21.45,20.55,20.85,184332.0,3851870.0
2026-07-23,2464,盟立,151.0,152.0,145.5,148.5,3814669.0,567727008.0
2026-07-23,2465,麗臺,86.0,87.0,80.8,82.7,2639590.0,220328838.0
2026-07-23,2466,冠西電,111.5,113.5,104.0,104.0,1644640.0,174198137.0
2026-07-23,2467,志聖,550.0,552.0,528.0,538.0,774702.0,417332778.0
2026-07-23,2468,華經,35.8,36.1,34.65,35.1,361797.0,12715099.0
2026-07-23,2471,資通,48.4,48.5,48.1,48.2,256771.0,12385809.0
2026-07-23,2472,立隆電,285.5,285.5,270.0,276.0,3172339.0,876197470.0
2026-07-23,2474,可成,193.5,194.0,191.5,192.0,3116074.0,599737278.0
2026-07-23,2476,鉅祥,121.5,122.5,118.5,120.5,1286394.0,154768445.0
2026-07-23,2477,美隆電,21.25,21.35,21.0,21.25,123101.0,2610395.0
2026-07-23,2478,大毅,145.0,147.0,135.0,138.0,8290198.0,1162942670.0
2026-07-23,2480,敦陽科,160.0,160.5,158.0,159.0,122736.0,19475499.0
2026-07-23,2481,強茂,154.5,154.5,142.0,144.5,28522408.0,4190319793.0
2026-07-23,2482,連宇,18.65,18.65,17.8,17.8,300898.0,5424182.0
2026-07-23,2483,百容,41.5,41.5,39.0,39.85,533458.0,21219773.0
2026-07-23,2484,希華,73.5,76.5,68.7,69.4,18606427.0,1343953271.0
2026-07-23,2485,兆赫,42.35,43.0,40.9,41.55,3670860.0,152594739.0
2026-07-23,2486,一詮,232.5,247.5,232.0,239.0,10236102.0,2467721856.0
2026-07-23,2488,漢平,49.25,49.7,49.2,49.7,100816.0,4985558.0
2026-07-23,2489,瑞軒,32.0,32.85,31.1,31.75,6276773.0,200255959.0
2026-07-23,2491,吉祥全,30.65,30.65,29.8,30.3,160410.0,4832595.0
2026-07-23,2492,華新科,293.0,300.0,282.0,300.0,5451372.0,1595085443.0
2026-07-23,2493,揚博,261.5,261.5,236.0,236.0,2866400.0,688249087.0
2026-07-23,2495,普安,39.8,39.85,38.35,38.8,1731755.0,67186445.0
2026-07-23,2496,卓越,59.8,60.0,59.2,60.0,25511.0,1521655.0
2026-07-23,2497,怡利電,54.6,54.8,51.9,52.8,531595.0,28207638.0
2026-07-23,2498,宏達電,42.75,43.0,41.75,41.9,3471702.0,146366375.0
2026-07-23,2501,國建,22.3,22.65,22.1,22.65,1558484.0,34888044.0
2026-07-23,2504,國產,31.45,31.45,31.15,31.4,1108109.0,34642067.0
2026-07-23,2505,國揚,17.9,17.95,17.6,17.7,71890.0,1271468.0
2026-07-23,2506,太設,8.73,8.75,8.63,8.73,238829.0,2080242.0
2026-07-23,2509,全坤建,13.2,13.2,13.05,13.05,148763.0,1951501.0
2026-07-23,2511,太子,8.47,8.55,8.44,8.51,1451645.0,12286790.0
2026-07-23,2514,龍邦,12.75,12.75,12.6,12.7,103824.0,1315935.0
2026-07-23,2515,中工,12.35,12.4,12.05,12.3,11953285.0,145689990.0
2026-07-23,2516,新建,14.0,14.0,13.85,14.0,60972.0,848532.0
2026-07-23,2520,冠德,35.7,35.85,34.65,35.1,1553806.0,54611162.0
2026-07-23,2524,京城,36.2,37.1,35.8,35.8,87187.0,3156560.0
2026-07-23,2527,宏璟,49.45,49.8,47.85,48.7,1028537.0,50030099.0
2026-07-23,2528,皇普,22.5,22.55,22.05,22.35,270223.0,6002863.0
2026-07-23,2530,華建,19.3,20.0,19.0,19.95,1149726.0,22619758.0
2026-07-23,2534,宏盛,17.15,17.2,16.95,17.2,421021.0,7193476.0
2026-07-23,2535,達欣工,88.3,88.9,86.8,88.5,183852.0,16133502.0
2026-07-23,2536,宏普,19.05,19.05,17.95,18.25,2930882.0,53344530.0
2026-07-23,2537,聯上發,11.1,11.25,10.9,11.0,823008.0,9060488.0
2026-07-23,2538,基泰,9.93,9.93,9.83,9.9,298057.0,2938250.0
2026-07-23,2539,櫻花建,40.05,40.4,39.75,40.4,662230.0,26535564.0
2026-07-23,2540,愛山林,54.0,54.0,52.9,53.5,360060.0,19151424.0
2026-07-23,2542,興富發,44.35,44.95,43.85,44.95,14212931.0,632174301.0
2026-07-23,2543,皇昌,39.0,39.25,38.75,39.05,613734.0,23903005.0
2026-07-23,2545,皇翔,33.8,34.0,33.55,33.6,243251.0,8192820.0
2026-07-23,2546,根基,96.4,96.4,94.4,95.0,97415.0,9257292.0
2026-07-23,2547,日勝生,10.15,10.25,10.05,10.1,1398300.0,14149492.0
2026-07-23,2548,華固,99.4,99.9,98.7,99.6,1400708.0,138953615.0
2026-07-23,2597,潤弘,158.5,160.0,156.5,159.5,258030.0,40765506.0
2026-07-23,2601,益航,6.86,6.95,6.51,6.53,3037945.0,20141148.0
2026-07-23,2603,長榮,206.0,207.0,203.0,203.5,6148889.0,1254966407.0
2026-07-23,2605,新興,32.0,33.3,31.4,32.5,18586553.0,600749884.0
2026-07-23,2606,裕民,64.6,65.2,63.1,63.2,3622181.0,230995027.0
2026-07-23,2607,榮運,47.45,47.5,46.85,47.3,446675.0,21034510.0
2026-07-23,2608,嘉里大榮,29.25,29.25,29.05,29.15,86406.0,2516075.0
2026-07-23,2609,陽明,51.1,51.4,50.3,50.5,12019699.0,608800123.0
2026-07-23,2610,華航,21.3,21.3,20.4,20.6,39937212.0,825412590.0
2026-07-23,2611,志信,14.45,14.45,14.1,14.25,166592.0,2370549.0
2026-07-23,2612,中航,53.5,53.8,52.1,52.2,234042.0,12361591.0
2026-07-23,2613,中櫃,21.2,21.2,20.85,21.05,332706.0,6979095.0
2026-07-23,2614,東森,18.35,18.4,18.15,18.2,486314.0,8859103.0
2026-07-23,2615,萬海,85.5,85.6,83.6,84.5,8634771.0,728377849.0
2026-07-23,2616,山隆,13.7,14.3,13.6,13.85,430877.0,5968863.0
2026-07-23,2617,台航,29.45,29.45,29.0,29.05,501537.0,14630279.0
2026-07-23,2618,長榮航,42.3,42.3,40.35,40.85,38294705.0,1565828994.0
2026-07-23,2630,亞航,53.7,55.2,51.9,53.3,8232152.0,439455352.0
2026-07-23,2633,台灣高鐵,26.1,26.1,25.85,25.95,3825936.0,99299822.0
2026-07-23,2634,漢翔,64.3,65.0,60.2,61.9,69201618.0,4315155932.0
2026-07-23,2636,台驊控股,65.9,66.3,65.2,65.6,168684.0,11053543.0
2026-07-23,2637,慧洋-KY,83.8,84.5,81.1,81.3,2326978.0,191143575.0
2026-07-23,2642,宅配通,20.35,20.5,20.35,20.5,30811.0,630025.0
2026-07-23,2645,長榮航太,198.0,198.5,191.5,198.0,4371036.0,853835145.0
2026-07-23,2646,星宇航空,21.4,21.45,21.15,21.25,4292003.0,91159810.0
2026-07-23,2701,萬企,10.9,10.9,10.8,10.85,51337.0,556547.0
2026-07-23,2702,華園,12.9,13.0,12.8,13.0,46280.0,595778.0
2026-07-23,2704,國賓,45.8,45.8,45.2,45.8,61599.0,2802848.0
2026-07-23,2705,六福,16.2,16.2,16.1,16.1,75874.0,1224430.0
2026-07-23,2706,第一店,12.85,12.95,12.65,12.85,103252.0,1321553.0
2026-07-23,2707,晶華,179.0,179.0,176.5,178.0,308087.0,54620594.0
2026-07-23,2712,遠雄來,15.0,15.0,15.0,15.0,3336.0,50103.0
2026-07-23,2722,夏都,22.25,22.35,21.9,22.0,50059.0,1099815.0
2026-07-23,2723,美食-KY,62.8,62.8,61.9,62.1,376247.0,23393219.0
2026-07-23,2727,王品,221.5,223.0,219.5,222.0,287194.0,63581065.0
2026-07-23,2731,雄獅,145.5,145.5,143.5,144.0,320108.0,46300378.0
2026-07-23,2739,寒舍,35.2,35.2,34.85,34.85,55373.0,1935877.0
2026-07-23,2748,雲品,39.8,39.85,39.7,39.75,72490.0,2882797.0
2026-07-23,2753,八方雲集,177.0,177.5,175.0,176.0,155077.0,27270375.0
2026-07-23,2762,世界健身-KY,85.2,85.2,83.9,84.2,47936.0,4049110.0
2026-07-23,2801,彰銀,24.75,24.75,24.1,24.25,37914912.0,919050847.0
2026-07-23,2812,台中銀,20.45,20.55,20.35,20.45,15890714.0,324661421.0
2026-07-23,2816,旺旺保,33.9,33.9,33.4,33.65,207809.0,6977681.0
2026-07-23,2820,華票,16.55,16.65,16.45,16.45,1342471.0,22145616.0
2026-07-23,2832,台產,56.6,56.7,55.8,56.7,235246.0,13241678.0
2026-07-23,2834,臺企銀,18.15,18.15,17.85,17.9,30929948.0,554736689.0
2026-07-23,2836,高雄銀,12.8,12.85,12.7,12.85,4921342.0,63079288.0
2026-07-23,2838,聯邦銀,20.25,20.3,20.1,20.25,1515121.0,30570416.0
2026-07-23,2845,遠東銀,13.45,13.45,13.15,13.2,7315458.0,96659844.0
2026-07-23,2849,安泰銀,14.6,14.7,14.45,14.55,138685.0,2020305.0
2026-07-23,2850,新產,148.0,149.0,145.5,147.0,157516.0,23140122.0
2026-07-23,2851,中再保,35.7,36.05,35.45,35.5,1654251.0,59050831.0
2026-07-23,2852,第一保,26.65,26.65,26.4,26.55,272599.0,7217019.0
2026-07-23,2855,統一證,44.95,45.1,44.15,44.65,2252442.0,100370354.0
2026-07-23,2867,三商壽,9.19,9.29,9.09,9.18,9907070.0,90557498.0
2026-07-23,2880,華南金,41.3,41.3,39.65,41.25,30298261.0,1229870271.0
2026-07-23,2881,富邦金,129.0,129.5,126.5,128.5,16221406.0,2073336418.0
2026-07-23,2882,國泰金,97.8,98.5,96.4,97.3,15934678.0,1548865744.0
2026-07-23,2883,凱基金,30.8,31.3,30.5,30.85,43024593.0,1328617091.0
2026-07-23,2884,玉山金,36.3,36.3,35.4,35.65,26137234.0,930771716.0
2026-07-23,2885,元大金,64.0,64.2,61.9,63.3,21574602.0,1355883249.0
2026-07-23,2886,兆豐金,48.35,48.35,47.6,48.15,26238579.0,1257485944.0
2026-07-23,2887,台新新光金,34.65,34.85,33.95,34.5,53495915.0,1833674790.0
2026-07-23,2889,國票金,15.75,15.8,15.55,15.65,3908623.0,61177146.0
2026-07-23,2890,永豐金,38.85,38.9,37.6,38.2,75842535.0,2883566292.0
2026-07-23,2891,中信金,64.8,64.8,62.4,63.5,35051644.0,2215172655.0
2026-07-23,2892,第一金,34.4,34.4,33.7,34.15,35275097.0,1200318644.0
2026-07-23,2897,王道銀行,10.05,10.15,10.0,10.05,8459196.0,85113382.0
2026-07-23,2901,欣欣,24.0,24.5,24.0,24.35,11793.0,285656.0
2026-07-23,2903,遠百,22.2,22.2,21.7,22.0,2791854.0,61102129.0
2026-07-23,2904,匯僑,13.6,13.6,13.55,13.6,22063.0,299624.0
2026-07-23,2905,三商,15.9,16.2,15.6,15.8,1179007.0,18657735.0
2026-07-23,2906,高林,13.3,13.4,13.2,13.4,247979.0,3282267.0
2026-07-23,2908,特力,21.5,21.6,21.4,21.55,121724.0,2617050.0
2026-07-23,2910,統領,25.8,25.8,23.8,24.0,135831.0,3345931.0
2026-07-23,2911,麗嬰房,7.1,7.13,7.0,7.0,206393.0,1450909.0
2026-07-23,2912,統一超,239.5,239.5,232.0,237.0,4235521.0,996898562.0
2026-07-23,2913,農林,11.4,11.4,11.15,11.15,1733871.0,19504047.0
2026-07-23,2915,潤泰全,51.6,51.9,51.3,51.6,1112114.0,57341953.0
2026-07-23,2923,鼎固-KY,31.55,33.0,29.15,30.2,252501.0,7646319.0
2026-07-23,2929,淘帝-KY,5.94,5.96,5.85,5.85,146640.0,864119.0
2026-07-23,2939,永邑-KY,19.05,19.05,18.75,19.0,14105.0,266749.0
2026-07-23,2945,三商家購,40.8,41.55,40.6,41.55,16020.0,655027.0
2026-07-23,3002,歐格,18.5,18.55,18.05,18.3,215900.0,3930218.0
2026-07-23,3003,健和興,61.6,62.0,60.1,60.8,303952.0,18534556.0
2026-07-23,3004,豐達科,141.5,145.0,137.5,138.0,838752.0,117910115.0
2026-07-23,3005,神基,115.5,116.0,112.5,113.5,2400359.0,273307421.0
2026-07-23,3006,晶豪科,216.0,219.0,206.0,212.5,7526171.0,1592521736.0
2026-07-23,3008,大立光,4025.0,4175.0,3980.0,4140.0,1535158.0,6279980140.0
2026-07-23,3010,華立,120.5,120.5,116.5,120.0,976781.0,115843040.0
2026-07-23,3011,今皓,12.25,12.25,11.9,12.05,227065.0,2732969.0
2026-07-23,3013,晟銘電,90.5,90.6,88.0,88.7,852316.0,75703014.0
2026-07-23,3014,聯陽,133.5,134.0,129.5,131.5,1052902.0,137964424.0
2026-07-23,3015,全漢,57.1,57.5,55.4,56.2,667423.0,37513678.0
2026-07-23,3016,嘉晶,106.5,111.5,100.0,103.0,9425265.0,987382557.0
2026-07-23,3017,奇鋐,2350.0,2490.0,2350.0,2440.0,7157581.0,17555109085.0
2026-07-23,3018,隆銘綠能,11.8,11.9,11.8,11.85,51918.0,615118.0
2026-07-23,3019,亞光,140.5,141.0,135.5,136.5,2144408.0,294162257.0
2026-07-23,3021,鴻名,24.1,24.35,21.8,22.4,646481.0,14838548.0
2026-07-23,3022,威強電,91.0,93.2,89.6,92.2,2883577.0,263441379.0
2026-07-23,3023,信邦,312.5,316.0,297.0,304.5,2333825.0,709630313.0
2026-07-23,3024,憶聲,13.3,13.5,12.9,13.25,1673654.0,22006403.0
2026-07-23,3025,星通,57.2,57.2,56.3,57.0,120344.0,6835317.0
2026-07-23,3026,禾伸堂,670.0,697.0,663.0,697.0,1319749.0,898328442.0
2026-07-23,3027,盛達,19.95,20.2,19.35,19.9,419483.0,8277355.0
2026-07-23,3028,增你強,68.1,68.4,66.7,68.3,1053548.0,71164422.0
2026-07-23,3029,零壹,104.0,105.0,102.5,104.0,645088.0,67082673.0
2026-07-23,3030,德律,300.0,302.5,292.5,296.5,924529.0,274676461.0
2026-07-23,3031,佰鴻,25.1,25.15,24.0,24.15,862176.0,21003919.0
2026-07-23,3032,偉訓,79.3,80.2,77.8,79.0,220047.0,17356428.0
2026-07-23,3033,威健,50.5,50.6,49.45,50.5,5056131.0,253121931.0
2026-07-23,3034,聯詠,501.0,509.0,495.0,503.0,4409880.0,2220056815.0
2026-07-23,3035,智原,203.5,204.5,190.5,193.0,3973627.0,779979157.0
2026-07-23,3036,文曄,199.5,207.5,198.0,207.5,8334414.0,1701599657.0
2026-07-23,3037,欣興,915.0,918.0,872.0,896.0,27135078.0,24307499577.0
2026-07-23,3038,全台,20.8,20.9,20.45,20.65,181126.0,3745984.0
2026-07-23,3040,遠見,37.15,37.5,36.6,36.6,144878.0,5340849.0
2026-07-23,3041,揚智,24.15,24.4,23.65,24.2,828878.0,19853004.0
2026-07-23,3042,晶技,170.0,171.5,162.0,164.5,7564470.0,1249479798.0
2026-07-23,3043,科風,21.4,21.45,20.7,20.9,83524.0,1741889.0
2026-07-23,3044,健鼎,415.5,415.5,402.0,406.0,3110458.0,1265523013.0
2026-07-23,3045,台灣大,113.0,113.0,111.5,112.0,12123607.0,1360879331.0
2026-07-23,3046,建碁,56.0,56.5,55.0,55.9,509153.0,28425908.0
2026-07-23,3047,訊舟,15.2,15.4,14.85,14.95,678068.0,10204669.0
2026-07-23,3048,益登,51.5,51.8,49.8,50.8,1391461.0,70291174.0
2026-07-23,3049,精金,11.35,11.5,10.95,11.1,3128663.0,34743482.0
2026-07-23,3050,鈺德,11.85,11.9,11.5,11.7,675321.0,7855620.0
2026-07-23,3051,力特,23.5,23.6,22.6,23.0,421715.0,9670806.0
2026-07-23,3052,夆典,10.7,10.8,10.6,10.65,181503.0,1935957.0
2026-07-23,3054,立萬利,54.3,56.0,54.3,55.1,70752.0,3892688.0
2026-07-23,3055,蔚華科,165.0,165.0,149.5,150.5,889989.0,137367866.0
2026-07-23,3056,富華新,14.3,14.45,14.0,14.15,1313388.0,18579772.0
2026-07-23,3057,喬鼎,16.05,16.2,15.5,16.15,126167.0,1992578.0
2026-07-23,3058,立德,8.69,8.83,8.5,8.58,591021.0,5093633.0
2026-07-23,3059,華晶科,41.4,41.75,40.35,40.65,2607830.0,106506016.0
2026-07-23,3060,銘異,30.35,30.65,29.4,29.9,1360892.0,40720755.0
2026-07-23,3062,建漢,21.85,21.85,21.15,21.3,1185601.0,25336403.0
2026-07-23,3090,日電貿,179.5,181.5,165.0,171.5,2045194.0,347504706.0
2026-07-23,3092,鴻碩,25.35,25.35,24.35,24.6,182959.0,4515531.0
2026-07-23,3094,聯傑,38.15,38.15,35.85,36.85,1760333.0,64806500.0
2026-07-23,3130,一零四,205.5,206.5,205.0,206.0,171079.0,35233210.0
2026-07-23,3135,凌航,157.0,157.0,146.5,150.0,875566.0,131396492.0
2026-07-23,3138,耀登,100.5,102.0,99.0,101.0,249254.0,25034224.0
2026-07-23,3149,正達,72.7,73.4,67.0,68.5,13709354.0,946956126.0
2026-07-23,3150,鈺寶-創,17.25,17.4,16.75,16.9,31001.0,524417.0
2026-07-23,3164,景岳,16.4,16.55,16.1,16.35,35577.0,577757.0
2026-07-23,3167,大量,702.0,709.0,664.0,688.0,3644611.0,2502019235.0
2026-07-23,3168,眾福科,43.85,43.85,42.7,43.3,48002.0,2075586.0
2026-07-23,3189,景碩,802.0,814.0,760.0,785.0,16084194.0,12660613680.0
2026-07-23,3209,全科,57.3,58.0,56.7,58.0,1108583.0,63861620.0
2026-07-23,3229,晟鈦,43.6,46.9,43.35,43.65,1129831.0,50806828.0
2026-07-23,3231,緯創,168.0,179.5,165.5,173.5,218008949.0,37999830284.0
2026-07-23,3257,虹冠電,54.2,54.7,52.8,52.9,284470.0,15143371.0
2026-07-23,3266,昇陽,13.65,13.65,13.3,13.55,43961.0,589993.0
2026-07-23,3296,勝德,25.5,27.25,25.5,27.25,129390.0,3396548.0
2026-07-23,3305,昇貿,113.5,115.5,111.0,113.0,1329565.0,150616002.0
2026-07-23,3308,聯德,20.6,21.1,20.0,20.1,45973.0,930263.0
2026-07-23,3311,閎暉,34.55,34.55,33.9,34.2,141316.0,4816574.0
2026-07-23,3312,弘憶股,50.1,50.3,48.15,48.35,645054.0,31526080.0
2026-07-23,3321,同泰,19.6,19.6,18.7,18.85,239136.0,4516061.0
2026-07-23,3338,泰碩,67.9,68.6,66.1,66.4,411922.0,27547180.0
2026-07-23,3346,麗清,21.6,21.9,20.75,21.0,356460.0,7497544.0
2026-07-23,3356,奇偶,57.8,58.1,57.2,58.0,269293.0,15534240.0
2026-07-23,3376,新日興,192.0,195.0,189.0,191.5,1284551.0,246304215.0
2026-07-23,3380,明泰,31.05,31.25,30.15,30.6,1152685.0,35243452.0
2026-07-23,3406,玉晶光,533.0,543.0,525.0,532.0,937604.0,500073069.0
2026-07-23,3413,京鼎,363.0,363.5,334.0,341.0,3975312.0,1367329608.0
2026-07-23,3416,融程電,179.0,181.0,175.5,178.5,394225.0,70051708.0
2026-07-23,3419,譁裕,12.55,12.6,12.4,12.55,168514.0,2099344.0
2026-07-23,3432,台端,18.0,18.0,17.1,17.8,23081.0,399279.0
2026-07-23,3437,榮創,18.3,18.55,17.75,17.9,465665.0,8364970.0
2026-07-23,3443,創意,4400.0,4420.0,4220.0,4380.0,1318309.0,5704848735.0
2026-07-23,3447,展達,30.2,30.65,30.0,30.05,112129.0,3399348.0
2026-07-23,3450,聯鈞,461.5,504.0,458.5,474.0,17016352.0,8236754904.0
2026-07-23,3481,群創,53.0,53.8,51.0,51.9,231361001.0,12104559466.0
2026-07-23,3494,誠研,7.47,7.69,7.24,7.38,51273.0,378105.0
2026-07-23,3501,維熹,40.45,40.55,40.0,40.25,154052.0,6199202.0
2026-07-23,3504,揚明光,64.7,66.8,63.6,64.7,732993.0,47775748.0
2026-07-23,3515,華擎,212.5,212.5,206.5,210.0,181647.0,37946931.0
2026-07-23,3518,柏騰,27.35,27.35,26.35,26.4,309857.0,8259472.0
2026-07-23,3528,安馳,86.3,87.2,84.7,85.4,212644.0,18225369.0
2026-07-23,3530,晶相光,60.0,60.0,58.0,58.2,98459.0,5792724.0
2026-07-23,3532,台勝科,472.0,499.0,421.5,421.5,14814207.0,6667071284.0
2026-07-23,3533,嘉澤,2085.0,2160.0,1995.0,2035.0,926549.0,1915725880.0
2026-07-23,3535,晶彩科,90.2,91.8,88.8,89.5,583679.0,52455209.0
2026-07-23,3543,州巧,29.25,29.35,28.2,28.2,469150.0,13443938.0
2026-07-23,3545,敦泰,51.2,51.2,49.05,49.4,576307.0,28778428.0
2026-07-23,3550,聯穎,23.0,23.3,22.2,22.6,1158703.0,26189581.0
2026-07-23,3557,嘉威,26.0,26.3,25.9,26.3,21431.0,558859.0
2026-07-23,3563,牧德,675.0,687.0,664.0,674.0,421878.0,284163985.0
2026-07-23,3576,聯合再生,19.6,20.1,18.1,18.35,29076149.0,546000832.0
2026-07-23,3583,辛耘,775.0,780.0,743.0,759.0,707591.0,536937133.0
2026-07-23,3588,通嘉,58.1,58.1,55.0,55.1,338701.0,18899214.0
2026-07-23,3591,艾笛森,21.35,21.4,20.4,20.7,1509827.0,31303478.0
2026-07-23,3592,瑞鼎,240.0,240.0,230.5,236.0,647807.0,151731277.0
2026-07-23,3593,力銘,14.35,14.35,13.8,13.9,11503.0,160847.0
2026-07-23,3596,智易,189.5,189.5,185.0,187.0,430880.0,80379171.0
2026-07-23,3605,宏致,93.0,94.5,90.4,94.5,11384177.0,1053687535.0
2026-07-23,3607,谷崧,15.2,15.2,14.7,14.8,224819.0,3336654.0
2026-07-23,3617,碩天,209.0,218.0,209.0,216.5,499705.0,106640809.0
2026-07-23,3622,洋華,53.2,53.5,52.9,53.2,182509.0,9685856.0
2026-07-23,3645,達邁,72.5,72.8,69.5,70.2,1012472.0,71331162.0
2026-07-23,3652,精聯,34.75,34.75,34.75,34.75,446298.0,15508847.0
2026-07-23,3653,健策,3615.0,3820.0,3600.0,3710.0,2190495.0,8165508625.0
2026-07-23,3661,世芯-KY,3590.0,3630.0,3495.0,3510.0,1286302.0,4552504435.0
2026-07-23,3665,貿聯-KY,2120.0,2325.0,2105.0,2285.0,6321225.0,14148525105.0
2026-07-23,3669,圓展,35.85,37.7,35.35,37.0,841994.0,30401740.0
2026-07-23,3673,TPK-KY,66.1,66.6,63.0,64.3,4590230.0,296216287.0
2026-07-23,3679,新至陞,110.0,110.0,109.0,110.0,16372.0,1794738.0
2026-07-23,3686,達能,15.8,15.9,15.5,15.75,122791.0,1920528.0
2026-07-23,3694,海華,64.8,65.4,64.0,64.1,2233796.0,144292112.0
2026-07-23,3701,大眾控,40.3,42.5,39.5,40.2,1144383.0,46976433.0
2026-07-23,3702,大聯大,118.5,122.0,116.5,121.5,15129353.0,1819499511.0
2026-07-23,3703,欣陸,20.55,20.65,20.35,20.6,720851.0,14735680.0
2026-07-23,3704,合勤控,47.4,47.8,46.05,46.55,1365860.0,63838484.0
2026-07-23,3705,永信,54.0,54.0,53.7,53.8,143089.0,7698043.0
2026-07-23,3706,神達,92.3,92.5,90.6,92.0,14040864.0,1288845953.0
2026-07-23,3708,上緯投控,104.0,104.5,100.0,101.0,357701.0,36321137.0
2026-07-23,3711,日月光投控,656.0,665.0,637.0,649.0,15052087.0,9803569698.0
2026-07-23,3712,永崴投控,18.0,18.55,18.0,18.35,1402042.0,25697634.0
2026-07-23,3714,富采,54.8,55.0,53.0,53.7,3607467.0,194769509.0
2026-07-23,3715,定穎投控,129.0,130.0,120.0,122.5,4364038.0,540742783.0
2026-07-23,3716,中化控股,33.95,33.95,33.25,33.35,154546.0,5181873.0
2026-07-23,3717,聯嘉投控,22.1,23.0,21.85,22.8,4405466.0,99218252.0
2026-07-23,4104,佳醫,70.9,70.9,70.1,70.5,166767.0,11728292.0
2026-07-23,4106,雃博,24.9,24.9,24.6,24.7,147155.0,3634031.0
2026-07-23,4108,懷特,11.85,11.85,11.55,11.75,156120.0,1824022.0
2026-07-23,4119,旭富,49.0,49.8,48.55,49.15,185955.0,9149762.0
2026-07-23,4133,亞諾法,21.65,23.6,21.65,22.7,1669158.0,38135314.0
2026-07-23,4137,麗豐-KY,94.7,94.9,93.6,94.0,139502.0,13125521.0
2026-07-23,4142,國光生,17.5,17.75,17.0,17.05,2313567.0,40006764.0
2026-07-23,4148,全宇生技-KY,30.95,31.15,30.95,31.0,23572.0,732065.0
2026-07-23,4155,訊映,15.9,15.9,15.4,15.55,249585.0,3899865.0
2026-07-23,4164,承業醫,27.1,27.25,26.95,27.25,208719.0,5652657.0
2026-07-23,4169,泰宗,0.0,0.0,0.0,0.0,0,0
2026-07-23,4178,永笙-KY,19.6,19.6,18.7,19.1,395039.0,7483145.0
2026-07-23,4190,佐登-KY,26.3,26.7,25.6,26.7,49987.0,1311133.0
2026-07-23,4195,基米-創,16.5,16.8,16.05,16.2,166724.0,2709654.0
2026-07-23,4306,炎洲,14.6,14.75,14.55,14.7,825462.0,12102124.0
2026-07-23,4414,如興,8.42,8.52,8.4,8.5,99784.0,840747.0
2026-07-23,4426,利勤,8.32,8.39,8.22,8.37,150287.0,1249346.0
2026-07-23,4438,廣越,60.6,61.1,60.0,61.1,48307.0,2918253.0
2026-07-23,4439,冠星-KY,101.0,101.5,100.0,101.5,20110.0,2020480.0
2026-07-23,4440,宜新實業,17.25,17.35,17.25,17.35,26110.0,450862.0
2026-07-23,4441,振大環球,174.5,176.0,172.0,176.0,86819.0,15111715.0
2026-07-23,4526,東台,32.6,32.6,31.3,31.5,1222493.0,38765367.0
2026-07-23,4532,瑞智,24.6,24.75,24.35,24.45,892368.0,21903542.0
2026-07-23,4536,拓凱,166.0,166.0,163.5,164.0,184321.0,30331258.0
2026-07-23,4540,全球傳動,54.1,54.5,51.5,52.6,988826.0,51920128.0
2026-07-23,4545,銘鈺,34.5,34.7,33.45,33.6,72576.0,2461380.0
2026-07-23,4551,智伸科,182.0,196.5,182.0,188.0,1847539.0,350754028.0
2026-07-23,4552,力達-KY,19.1,19.2,19.05,19.15,19545.0,373236.0
2026-07-23,4555,氣立,47.75,47.75,45.85,46.35,89208.0,4124583.0
2026-07-23,4557,永新-KY,52.7,53.2,52.0,52.5,63423.0,3331750.0
2026-07-23,4560,強信-KY,31.6,31.75,31.25,31.4,241269.0,7581402.0
2026-07-23,4562,穎漢,32.85,32.95,31.45,31.55,146341.0,4669854.0
2026-07-23,4564,元翎,18.55,18.85,17.8,18.05,2457164.0,44723875.0
2026-07-23,4566,時碩工業,68.4,71.7,68.4,69.4,3006200.0,210329024.0
2026-07-23,4569,六方科-KY,160.0,164.0,155.5,157.5,74836.0,11883221.0
2026-07-23,4571,鈞興-KY,158.0,158.0,153.0,153.5,127232.0,19622867.0
2026-07-23,4572,駐龍,143.0,144.0,142.5,143.5,31187.0,4460291.0
2026-07-23,4576,大銀微系統,200.0,201.5,193.5,199.0,705400.0,139537493.0
2026-07-23,4581,光隆精密-KY,50.3,51.0,50.3,51.0,3000.0,152300.0
2026-07-23,4582,聚恆-創,28.7,29.4,28.4,28.5,173579.0,4996525.0
2026-07-23,4583,台灣精銳,589.0,597.0,579.0,590.0,25877.0,15211086.0
2026-07-23,4585,達明,309.0,310.5,302.0,303.5,162682.0,49588552.0
2026-07-23,4588,玖鼎電力,52.0,52.0,51.2,51.8,39432.0,2037452.0
2026-07-23,4590,富田-創,88.1,88.2,85.5,86.8,154468.0,13363371.0
2026-07-23,4720,德淵,20.5,20.7,20.0,20.2,540944.0,10980884.0
2026-07-23,4722,國精化,224.0,225.5,208.5,214.5,787881.0,169645003.0
2026-07-23,4736,泰博,131.5,132.0,129.5,130.0,394591.0,51437665.0
2026-07-23,4737,華廣,56.5,56.5,54.8,55.4,66098.0,3655298.0
2026-07-23,4739,康普,83.6,87.8,83.2,84.7,1553311.0,132091121.0
2026-07-23,4746,台耀,52.7,52.7,51.4,51.7,437236.0,22596329.0
2026-07-23,4755,三福化,122.5,126.0,122.5,124.5,348254.0,43341932.0
2026-07-23,4763,材料*-KY,50.6,51.2,48.5,49.75,9292955.0,460529202.0
2026-07-23,4764,雙鍵,293.5,316.5,282.5,309.5,2871849.0,879579669.0
2026-07-23,4766,南寶,333.0,333.0,326.5,328.5,253671.0,83524741.0
2026-07-23,4770,上品,228.0,232.5,225.0,229.5,470241.0,108016634.0
2026-07-23,4771,望隼,198.0,198.0,193.5,194.5,202761.0,39486025.0
2026-07-23,4807,日成-KY,36.8,40.9,36.3,38.2,474402.0,18043665.0
2026-07-23,4904,遠傳,104.0,104.5,102.5,102.5,10673923.0,1102861781.0
2026-07-23,4906,正文,36.45,36.55,35.0,35.45,2555464.0,90786503.0
2026-07-23,4912,聯德控股-KY,85.5,85.6,84.0,84.9,140082.0,11885331.0
2026-07-23,4915,致伸,66.8,67.0,65.0,65.5,2110184.0,138511426.0
2026-07-23,4916,事欣科,108.0,108.0,101.5,103.5,3625577.0,376426175.0
2026-07-23,4919,新唐,145.5,146.5,137.5,141.0,3703583.0,520563589.0
2026-07-23,4927,泰鼎-KY,37.5,37.5,34.9,35.65,2094141.0,74761290.0
2026-07-23,4930,燦星網,16.6,16.75,16.45,16.5,31923.0,527815.0
2026-07-23,4934,太極,16.0,16.05,15.2,15.2,575116.0,8875816.0
2026-07-23,4935,茂林-KY,35.8,36.0,35.1,36.0,91004.0,3236794.0
2026-07-23,4938,和碩,84.7,90.4,84.7,87.2,29077949.0,2548908288.0
2026-07-23,4942,嘉彰,36.9,37.05,36.7,36.95,84439.0,3110387.0
2026-07-23,4943,康控-KY,8.6,8.96,8.6,8.96,4056.0,35346.0
2026-07-23,4949,有成精密,68.8,71.9,68.8,71.0,713470.0,50294391.0
2026-07-23,4952,凌通,51.5,51.5,48.9,49.5,340133.0,16825534.0
2026-07-23,4956,光鋐,30.9,31.3,29.9,30.4,1761825.0,53652179.0
2026-07-23,4958,臻鼎-KY,555.0,558.0,504.0,506.0,47739750.0,24817946337.0
2026-07-23,4960,誠美材,22.0,22.35,21.5,21.8,2370463.0,51694613.0
2026-07-23,4961,天鈺,165.0,166.0,159.5,161.5,346131.0,55902132.0
2026-07-23,4967,十銓,221.0,221.0,212.0,217.0,1392280.0,299491329.0
2026-07-23,4968,立積,101.5,102.5,99.0,99.8,437561.0,43795708.0
2026-07-23,4976,佳凌,32.3,33.35,32.05,32.15,517827.0,16857719.0
2026-07-23,4977,眾達-KY,135.0,144.0,134.0,134.5,2313495.0,320713385.0
2026-07-23,4989,榮科,73.6,74.4,69.0,70.3,5261701.0,374607413.0
2026-07-23,4994,傳奇,92.8,93.9,91.0,92.9,17213.0,1597412.0
2026-07-23,4999,鑫禾,19.4,19.55,19.3,19.55,27494.0,533941.0
2026-07-23,5007,三星,55.5,56.4,55.5,56.4,19329.0,1080009.0
2026-07-23,5203,訊連,66.7,67.2,65.5,65.9,80008.0,5288150.0
2026-07-23,5215,科嘉-KY,39.65,39.65,38.4,38.9,57422.0,2222784.0
2026-07-23,5222,全訊,117.5,118.5,114.5,115.5,249879.0,28915519.0
2026-07-23,5225,東科-KY,72.8,73.0,72.0,72.6,98390.0,7113924.0
2026-07-23,5234,達興材料,346.0,346.0,337.0,340.5,211524.0,72001279.0
2026-07-23,5236,凌陽創新,151.5,151.5,148.0,150.5,78337.0,11694681.0
2026-07-23,5243,乙盛-KY,91.8,91.9,88.5,89.6,928275.0,83274703.0
2026-07-23,5244,弘凱,32.5,32.8,32.0,32.05,89156.0,2877938.0
2026-07-23,5258,虹堡,55.2,55.8,53.8,54.1,468942.0,25623366.0
2026-07-23,5269,祥碩,1430.0,1440.0,1380.0,1405.0,445950.0,622509005.0
2026-07-23,5283,禾聯碩,53.3,53.3,52.5,52.5,48612.0,2559330.0
2026-07-23,5284,jpp-KY,293.0,300.0,290.0,293.0,374987.0,109939343.0
2026-07-23,5285,界霖,83.4,83.8,79.1,80.1,795006.0,63897020.0
2026-07-23,5288,豐祥-KY,196.0,198.5,194.5,197.5,138174.0,27212439.0
2026-07-23,5292,華懋,171.5,171.5,167.5,168.5,69280.0,11717094.0
2026-07-23,5306,桂盟,92.9,93.2,91.8,91.9,104972.0,9695644.0
2026-07-23,5388,中磊,87.9,89.3,87.7,89.1,5259527.0,466255915.0
2026-07-23,5434,崇越,571.0,574.0,542.0,559.0,1103471.0,611639513.0
2026-07-23,5469,瀚宇博,72.0,72.5,70.7,71.6,937855.0,67011365.0
2026-07-23,5471,松翰,58.1,58.1,55.9,56.9,1801641.0,102287441.0
2026-07-23,5484,慧友,42.8,42.8,40.8,41.3,267916.0,11069937.0
2026-07-23,5515,建國,42.45,43.15,42.0,43.15,301708.0,12883635.0
2026-07-23,5519,隆大,28.1,28.1,27.85,27.95,345438.0,9657907.0
2026-07-23,5521,工信,10.15,10.3,10.15,10.25,1316646.0,13458034.0
2026-07-23,5522,遠雄,66.1,66.4,65.2,65.9,700565.0,46070369.0
2026-07-23,5525,順天,23.4,23.4,22.6,23.0,111244.0,2550519.0
2026-07-23,5531,鄉林,7.8,7.8,7.67,7.7,305675.0,2358035.0
2026-07-23,5533,皇鼎,14.1,14.3,14.0,14.3,133123.0,1887640.0
2026-07-23,5534,長虹,79.8,80.1,78.9,79.7,437531.0,34720772.0
2026-07-23,5538,東明-KY,34.8,34.8,34.8,34.8,7179.0,249745.0
2026-07-23,5546,永固-KY,17.1,17.1,16.8,16.95,16300.0,275800.0
2026-07-23,5607,遠雄港,50.3,50.4,49.95,50.2,270672.0,13558143.0
2026-07-23,5608,四維航,13.95,14.05,13.55,13.65,1209028.0,16601499.0
2026-07-23,5706,鳳凰,46.05,46.05,45.3,45.4,126468.0,5757825.0
2026-07-23,5871,中租-KY,123.0,123.0,118.0,120.5,13558133.0,1625808467.0
2026-07-23,5876,上海商銀,45.0,45.1,44.3,44.8,17553696.0,785674311.0
2026-07-23,5880,合庫金,25.8,25.8,25.35,25.6,14631575.0,373624810.0
2026-07-23,5906,台南-KY,39.5,39.5,39.45,39.45,2300.0,90185.0
2026-07-23,5907,大洋-KY,4.91,4.93,4.82,4.85,99235.0,482833.0
2026-07-23,6005,群益證,34.5,34.8,34.25,34.45,10131216.0,349377298.0
2026-07-23,6024,群益期,64.7,64.7,63.9,64.3,316357.0,20305125.0
2026-07-23,6108,競國,16.85,16.95,16.6,16.75,769543.0,12898781.0
2026-07-23,6112,邁達特,41.9,42.25,41.4,41.45,197796.0,8227541.0
2026-07-23,6115,鎰勝,45.8,45.8,45.5,45.75,73135.0,3334186.0
2026-07-23,6116,彩晶,14.75,15.0,14.2,14.35,21549845.0,312651914.0
2026-07-23,6117,迎廣,68.8,68.8,67.3,67.9,118157.0,8019833.0
2026-07-23,6120,達運,13.45,13.65,13.05,13.25,1941451.0,25789027.0
2026-07-23,6128,上福,20.7,20.7,20.3,20.4,47270.0,969809.0
2026-07-23,6133,金橋,21.6,21.6,20.85,21.0,623066.0,13124304.0
2026-07-23,6136,富爾特,24.5,24.55,24.3,24.5,97005.0,2365446.0
2026-07-23,6139,亞翔,854.0,864.0,834.0,858.0,2683275.0,2278537654.0
2026-07-23,6141,柏承,43.85,46.2,39.3,42.9,8549172.0,377394413.0
2026-07-23,6142,友勁,10.3,10.4,9.7,9.72,950004.0,9449512.0
2026-07-23,6152,百一,12.3,12.35,12.0,12.2,392576.0,4781144.0
2026-07-23,6153,嘉聯益,17.1,17.3,16.65,16.85,2375847.0,40186530.0
2026-07-23,6155,鈞寶,60.3,60.8,57.2,58.1,1239147.0,72695000.0
2026-07-23,6164,華興,12.85,12.9,12.4,12.65,608166.0,7700141.0
2026-07-23,6165,浪凡,50.0,50.0,48.85,48.95,391431.0,19292879.0
2026-07-23,6166,凌華,145.0,159.5,144.0,159.5,7006594.0,1096264515.0
2026-07-23,6168,宏齊,25.15,25.4,24.05,24.1,1217805.0,29763279.0
2026-07-23,6176,瑞儀,87.1,88.6,86.9,88.0,3777849.0,331591672.0
2026-07-23,6177,達麗,48.6,48.7,47.7,48.5,786324.0,37923692.0
2026-07-23,6183,關貿,90.1,90.5,89.9,90.5,15448.0,1392872.0
2026-07-23,6184,大豐電,42.8,42.85,42.6,42.65,32505.0,1386441.0
2026-07-23,6189,豐藝,49.35,49.8,48.55,49.05,412318.0,20249758.0
2026-07-23,6191,精成科,92.3,92.4,89.6,89.8,2430019.0,219576482.0
2026-07-23,6192,巨路,115.5,116.5,115.0,115.5,70249.0,8107248.0
2026-07-23,6196,帆宣,549.0,553.0,528.0,543.0,1212672.0,651990549.0
2026-07-23,6197,佳必琪,316.5,318.5,310.0,315.5,1586672.0,498259438.0
2026-07-23,6201,亞弘電,49.0,49.0,48.9,49.0,18052.0,883644.0
2026-07-23,6202,盛群,58.5,59.1,55.3,56.2,2085333.0,117991090.0
2026-07-23,6205,詮欣,64.8,64.8,61.8,62.5,307964.0,19267375.0
2026-07-23,6206,飛捷,128.0,134.0,126.0,130.0,4230371.0,551786967.0
2026-07-23,6209,今國光,70.9,73.7,69.8,71.8,4576931.0,328718864.0
2026-07-23,6213,聯茂,373.0,376.0,330.5,343.5,28202704.0,9777781938.0
2026-07-23,6214,精誠,143.5,143.5,139.0,141.0,824204.0,116020589.0
2026-07-23,6215,和椿,99.1,99.7,97.1,98.2,551461.0,54277950.0
2026-07-23,6216,居易,22.2,22.25,22.0,22.0,80512.0,1778280.0
2026-07-23,6224,聚鼎,59.5,59.5,57.1,58.4,265071.0,15406944.0
2026-07-23,6225,天瀚,26.45,27.0,25.35,25.35,28116.0,737213.0
2026-07-23,6226,光鼎,18.8,19.65,17.7,18.0,10479955.0,193001195.0
2026-07-23,6230,尼得科超眾,118.0,124.5,116.0,116.0,168283.0,20150826.0
2026-07-23,6235,華孚,40.75,40.75,39.2,39.2,650088.0,25699864.0
2026-07-23,6239,力成,294.0,315.0,292.0,294.0,25920077.0,7853520307.0
2026-07-23,6243,迅杰,51.7,52.0,46.8,47.5,2616942.0,126945998.0
2026-07-23,6257,矽格,226.5,232.0,223.5,226.0,5198836.0,1181351947.0
2026-07-23,6269,台郡,58.3,58.4,55.2,55.7,2850178.0,160440603.0
2026-07-23,6271,同欣電,204.5,205.0,195.5,200.0,2927535.0,584871368.0
2026-07-23,6272,驊陞,27.2,27.2,26.35,26.35,204263.0,5428671.0
2026-07-23,6277,宏正,79.7,79.7,76.5,77.4,498046.0,38752020.0
2026-07-23,6278,台表科,169.5,170.5,164.0,166.0,2064537.0,342594241.0
2026-07-23,6281,全國電,51.4,51.5,51.1,51.5,33990.0,1743121.0
2026-07-23,6282,康舒,49.6,50.0,48.05,48.9,7352149.0,359273157.0
2026-07-23,6283,淳安,21.2,21.2,20.9,21.0,140527.0,2951325.0
2026-07-23,6285,啟碁,254.0,261.0,252.0,258.5,7228388.0,1855929156.0
2026-07-23,6405,悅城,42.6,42.8,40.4,40.85,465794.0,19162488.0
2026-07-23,6409,旭隼,973.0,1000.0,956.0,1000.0,567166.0,554041368.0
2026-07-23,6412,群電,82.2,82.7,81.0,82.4,497087.0,40714266.0
2026-07-23,6414,樺漢,490.0,505.0,477.0,503.0,8601635.0,4241440663.0
2026-07-23,6415,矽力*-KY,489.0,493.0,463.5,474.5,2493388.0,1186156372.0
2026-07-23,6416,瑞祺電通,107.5,108.5,104.5,106.5,1526740.0,162542021.0
2026-07-23,6426,統新,170.0,175.5,160.0,164.0,572174.0,96536255.0
2026-07-23,6431,光麗-KY,16.9,17.35,16.8,17.35,39001.0,665766.0
2026-07-23,6438,迅得,151.5,152.0,147.5,148.0,241011.0,35953273.0
2026-07-23,6442,光聖,1385.0,1495.0,1370.0,1390.0,4018736.0,5756991505.0
2026-07-23,6443,元晶,29.75,29.8,28.6,28.8,3440573.0,99777275.0
2026-07-23,6446,藥華藥,1185.0,1190.0,1125.0,1150.0,2928191.0,3360400745.0
2026-07-23,6449,鈺邦,271.0,271.0,250.5,253.0,2138883.0,558296958.0
2026-07-23,6451,訊芯-KY,454.5,479.0,440.0,445.5,2929098.0,1344578907.0
2026-07-23,6456,GIS-KY,69.5,72.9,66.8,67.4,7806268.0,547861891.0
2026-07-23,6464,台數科,78.4,79.4,78.4,79.4,21098.0,1669827.0
2026-07-23,6472,保瑞,423.0,426.5,397.5,401.0,1334252.0,542483513.0
2026-07-23,6477,安集,40.65,40.95,38.2,38.5,3961129.0,155506046.0
2026-07-23,6491,晶碩,338.0,339.0,333.0,336.0,314670.0,105381283.0
2026-07-23,6504,南六,37.5,40.05,37.4,38.4,192620.0,7429651.0
2026-07-23,6505,台塑化,87.9,93.6,86.6,93.2,96013111.0,8852530889.0
2026-07-23,6515,穎崴,6550.0,6720.0,6490.0,6610.0,201039.0,1324522690.0
2026-07-23,6525,捷敏-KY,155.0,155.5,146.5,149.0,2192061.0,328020831.0
2026-07-23,6526,達發,595.0,600.0,573.0,588.0,280065.0,164380356.0
2026-07-23,6531,愛普*,925.0,925.0,865.0,904.0,2223208.0,1986705109.0
2026-07-23,6533,晶心科,235.0,236.0,212.5,214.0,1592039.0,352318769.0
2026-07-23,6534,正瀚-創,92.0,92.6,90.8,92.6,54619.0,5006908.0
2026-07-23,6541,泰福-KY,40.5,40.5,39.2,39.95,373691.0,14852464.0
2026-07-23,6550,北極星藥業-KY,12.1,12.15,11.9,12.1,1135739.0,13576473.0
2026-07-23,6552,易華電,26.3,26.3,25.35,25.4,119509.0,3068772.0
2026-07-23,6558,興能高,27.95,28.05,27.2,27.4,114625.0,3152345.0
2026-07-23,6573,虹揚-KY,21.7,22.0,20.1,20.15,803418.0,16673315.0
2026-07-23,6579,研揚,170.0,183.5,165.0,183.5,2422586.0,436008169.0
2026-07-23,6581,鋼聯,107.0,107.0,106.5,107.0,12284.0,1311978.0
2026-07-23,6582,申豐,32.3,32.6,32.25,32.3,33097.0,1074290.0
2026-07-23,6585,鼎基,128.0,128.5,126.0,128.5,188875.0,24084957.0
2026-07-23,6589,台康生技,46.8,47.2,45.6,45.6,448098.0,20694468.0
2026-07-23,6591,動力-KY,45.0,45.0,44.05,44.2,104840.0,4650427.0
2026-07-23,6592,和潤企業,61.1,61.1,59.9,60.3,411767.0,24784342.0
2026-07-23,6598,ABC-KY,28.0,29.7,28.0,28.35,1415510.0,40705523.0
2026-07-23,6605,帝寶,135.5,136.0,131.5,133.0,502111.0,66699435.0
2026-07-23,6606,建德工業,25.7,25.85,25.2,25.8,51050.0,1304712.0
2026-07-23,6614,資拓宏宇,38.45,38.6,38.2,38.5,26292.0,1008561.0
2026-07-23,6625,必應,75.4,75.6,75.0,75.2,89853.0,6759682.0
2026-07-23,6641,基士德-KY,17.95,17.95,17.8,17.95,25650.0,458715.0
2026-07-23,6645,金萬林-創,13.35,14.15,13.35,13.9,44000.0,611850.0
2026-07-23,6655,科定,116.0,116.5,116.0,116.5,5009.0,582062.0
2026-07-23,6657,華安,35.5,35.9,35.0,35.85,76554.0,2701616.0
2026-07-23,6658,聯策,163.0,165.5,157.5,160.0,502603.0,80853852.0
2026-07-23,6666,羅麗芬-KY,45.05,45.05,44.2,44.25,9011.0,399839.0
2026-07-23,6668,中揚光,34.0,34.8,34.0,34.4,259585.0,8908124.0
2026-07-23,6669,緯穎,5470.0,5675.0,5410.0,5470.0,2391713.0,13178994090.0
2026-07-23,6670,復盛應用,264.5,264.5,260.0,264.0,271691.0,71246537.0
2026-07-23,6671,三能-KY,23.2,23.25,22.9,23.15,22017.0,509193.0
2026-07-23,6672,騰輝電子-KY,237.0,239.0,225.0,231.0,2951750.0,681874029.0
2026-07-23,6674,鋐寶科技,16.25,16.35,16.05,16.05,17000.0,273350.0
2026-07-23,6689,伊雲谷,62.0,62.2,60.7,61.6,70822.0,4336433.0
2026-07-23,6691,洋基工程,736.0,736.0,721.0,730.0,311296.0,226244517.0
2026-07-23,6695,芯鼎,56.1,56.4,53.0,53.0,700404.0,38061593.0
2026-07-23,6698,旭暉應材,35.6,35.95,34.8,34.95,166861.0,5881147.0
2026-07-23,6706,惠特,118.5,122.0,112.0,112.5,2917127.0,340817546.0
2026-07-23,6715,嘉基,399.0,425.5,380.5,425.5,1185470.0,498988089.0
2026-07-23,6719,力智,246.0,248.5,231.5,232.5,1864625.0,440840078.0
2026-07-23,6722,輝創,34.6,34.8,33.9,34.7,19151.0,659728.0
2026-07-23,6742,澤米,45.2,45.95,43.8,44.0,418273.0,18634705.0
2026-07-23,6743,安普新,30.0,30.2,29.8,30.1,119902.0,3602700.0
2026-07-23,6753,龍德造船,147.0,147.0,135.5,138.5,3082235.0,429251451.0
2026-07-23,6754,匯僑設計,42.3,42.3,41.6,42.05,9000.0,375950.0
2026-07-23,6756,威鋒電子,95.7,96.3,93.6,96.3,110448.0,10543888.0
2026-07-23,6757,台灣虎航,56.9,56.9,55.1,55.5,1857921.0,103466667.0
2026-07-23,6768,志強-KY,69.8,70.6,69.4,70.6,327094.0,22908310.0
2026-07-23,6770,力積電,68.1,68.5,64.3,66.0,117399235.0,7775580434.0
2026-07-23,6771,平和環保-創,38.8,38.8,38.2,38.5,9540.0,367423.0
2026-07-23,6776,展碁國際,55.6,55.6,54.3,54.7,87758.0,4812124.0
2026-07-23,6781,AES-KY,1010.0,1025.0,987.0,1020.0,448939.0,452144395.0
2026-07-23,6782,視陽,188.5,189.0,184.5,185.0,314658.0,58459422.0
2026-07-23,6789,采鈺,496.0,502.0,482.5,490.0,1216550.0,597942656.0
2026-07-23,6790,永豐實,38.3,38.45,38.1,38.35,133958.0,5124001.0
2026-07-23,6792,詠業,54.5,54.8,53.4,53.7,40000.0,2160900.0
2026-07-23,6794,向榮生技,78.6,78.6,76.3,77.7,38098.0,2952044.0
2026-07-23,6796,晉弘,60.4,60.4,58.7,60.0,36576.0,2177205.0
2026-07-23,6799,來頡,84.8,85.3,82.5,83.1,320498.0,26772818.0
2026-07-23,6805,富世達,1415.0,1475.0,1415.0,1455.0,1520944.0,2207932815.0
2026-07-23,6807,峰源-KY,34.2,34.2,34.2,34.2,1004.0,34332.0
2026-07-23,6830,汎銓,380.0,403.0,369.0,376.5,1946389.0,747665128.0
2026-07-23,6831,邁科,685.0,696.0,642.0,670.0,583208.0,393561755.0
2026-07-23,6834,天二科技,101.0,104.5,95.0,97.0,3613977.0,359053044.0
2026-07-23,6835,圓裕,32.3,32.3,31.45,31.6,12301.0,389658.0
2026-07-23,6838,台新藥,23.8,23.85,23.35,23.65,64623.0,1519103.0
2026-07-23,6854,錼創科技-KY創,101.5,101.5,99.0,100.5,294573.0,29493032.0
2026-07-23,6861,睿生光電,222.0,222.0,210.0,214.0,225496.0,48300234.0
2026-07-23,6862,三集瑞-KY,155.0,155.0,148.5,148.5,238240.0,35768778.0
2026-07-23,6863,永道-KY,108.0,113.0,108.0,109.5,313710.0,34484886.0
2026-07-23,6869,雲豹能源,68.9,68.9,67.3,67.7,187524.0,12742588.0
2026-07-23,6873,泓德能源,87.7,88.1,85.3,85.3,206051.0,17767103.0
2026-07-23,6885,全福生技,20.85,21.05,20.6,20.8,206807.0,4285161.0
2026-07-23,6887,寶綠特-KY,38.1,38.8,37.1,38.7,15220.0,580059.0
2026-07-23,6890,來億-KY,173.0,173.0,169.0,169.0,116995.0,19937213.0
2026-07-23,6901,鑽石投資,17.55,17.7,17.0,17.15,1875570.0,32493489.0
2026-07-23,6902,GOGOLOOK,120.5,121.5,118.5,119.0,98798.0,11812389.0
2026-07-23,6906,現觀科,72.3,73.4,70.8,72.0,36826.0,2651503.0
2026-07-23,6908,宏碁遊戲-創,35.75,35.75,35.75,35.75,1100.0,39345.0
2026-07-23,6909,創控,44.05,44.15,42.6,43.2,264947.0,11492681.0
2026-07-23,6914,阜爾運通,144.5,145.0,143.5,145.0,38665.0,5573851.0
2026-07-23,6916,華凌,19.6,19.85,19.5,19.85,25045.0,492666.0
2026-07-23,6918,愛派司,73.0,73.2,72.6,72.9,21301.0,1552654.0
2026-07-23,6919,康霈*,105.0,105.5,98.6,100.5,5467257.0,552242551.0
2026-07-23,6921,嘉雨思-創,63.4,64.9,63.1,64.9,8000.0,508000.0
2026-07-23,6923,中台,80.0,80.0,78.1,78.5,108834.0,8570123.0
2026-07-23,6924,榮惠-KY創,105.5,106.5,104.0,104.5,14285.0,1499763.0
2026-07-23,6928,攸泰科技,54.9,55.1,52.3,52.7,358677.0,19209884.0
2026-07-23,6931,青松健康,39.2,39.4,38.8,39.25,34932.0,1366306.0
2026-07-23,6933,AMAX-KY,165.0,173.0,165.0,167.5,600101.0,101738819.0
2026-07-23,6934,心誠鎂,79.8,79.8,79.8,79.8,1101.0,87675.0
2026-07-23,6936,永鴻生技,31.8,31.8,31.5,31.75,58128.0,1839532.0
2026-07-23,6937,天虹,292.0,299.5,283.0,291.0,732561.0,213239229.0
2026-07-23,6944,兆聯實業,788.0,831.0,770.0,829.0,1666874.0,1335320686.0
2026-07-23,6947,台鎔科技,78.1,81.6,75.8,78.5,2399429.0,189296579.0
2026-07-23,6949,沛爾生醫-創,1050.0,1050.0,992.0,1005.0,133739.0,136221980.0
2026-07-23,6951,青新-創,71.8,72.0,71.8,72.0,15717.0,1130890.0
2026-07-23,6952,大武山,35.55,35.55,34.7,35.55,26127.0,917308.0
2026-07-23,6955,邦睿生技-創,115.0,115.0,115.0,115.0,1545.0,177947.0
2026-07-23,6957,裕慶-KY,253.0,253.0,238.5,243.0,360774.0,88356655.0
2026-07-23,6958,日盛台駿,17.65,18.0,17.6,18.0,19418.0,346858.0
2026-07-23,6962,奕力-KY,33.75,33.75,32.7,32.95,1349684.0,44563253.0
2026-07-23,6965,中傑-KY,79.4,79.4,77.3,78.9,19026.0,1491430.0
2026-07-23,6969,成信實業*-創,35.05,35.05,35.05,35.05,710445.0,24901090.0
2026-07-23,6988,威力暘-創,13.1,13.4,12.85,12.9,15000.0,196350.0
2026-07-23,6994,富威電力,41.3,41.4,40.45,40.7,309512.0,12607462.0
2026-07-23,7610,聯友金屬-創,1860.0,1900.0,1655.0,1655.0,1435626.0,2464429250.0
2026-07-23,7631,聚賢研發-創,141.5,141.5,138.0,139.0,15977.0,2225353.0
2026-07-23,7705,三商餐飲,30.4,30.55,30.35,30.55,17260.0,524890.0
2026-07-23,7711,永擎,311.0,311.0,303.0,305.5,97481.0,29832545.0
2026-07-23,7721,微程式,63.8,63.8,62.7,63.4,58405.0,3682611.0
2026-07-23,7722,LINEPAY,300.0,300.5,291.5,297.5,91161.0,26945977.0
2026-07-23,7730,暉盛-創,172.5,172.5,167.0,171.5,66215.0,11220859.0
2026-07-23,7732,金興精密,35.75,36.2,35.5,35.75,22000.0,786950.0
2026-07-23,7736,虎山,70.5,70.5,70.0,70.5,27012.0,1894842.0
2026-07-23,7740,熙特爾-創,164.0,165.0,156.0,157.0,237836.0,37860672.0
2026-07-23,7749,意騰-KY,368.0,368.0,359.0,361.0,98761.0,35792464.0
2026-07-23,7750,新代,2040.0,2160.0,2040.0,2160.0,260804.0,551598420.0
2026-07-23,7760,享溫馨,34.05,35.3,34.05,34.95,44540.0,1552927.0
2026-07-23,7765,中華資安,227.0,227.0,226.0,226.0,23507.0,5322834.0
2026-07-23,7768,頌勝科技,288.5,295.0,282.0,295.0,146703.0,42295939.0
2026-07-23,7769,鴻勁,6450.0,6680.0,6375.0,6465.0,467313.0,3045996735.0
2026-07-23,7780,大研生醫*,17.3,17.35,17.15,17.3,882369.0,15193747.0
2026-07-23,7786,東方風能,132.5,132.5,127.5,129.5,282830.0,36554284.0
2026-07-23,7788,松川精密,242.5,243.0,229.5,230.0,728269.0,170627620.0
2026-07-23,7791,皇家可口,62.5,62.5,61.4,62.1,31373.0,1937365.0
2026-07-23,7795,長廣,433.0,435.0,402.0,411.0,525401.0,217849864.0
2026-07-23,7799,禾榮科,408.5,413.5,397.0,398.5,491253.0,196928681.0
2026-07-23,7803,雲象科技-創,21.5,21.5,20.5,20.95,84045.0,1741399.0
2026-07-23,7818,溢泰實業,68.0,68.9,68.0,68.7,85188.0,5835204.0
2026-07-23,7821,神數,40.6,41.1,40.2,40.6,87311.0,3533501.0
2026-07-23,7822,倍利科,890.0,896.0,862.0,864.0,100643.0,88128410.0
2026-07-23,7823,奧義賽博-KY創,83.0,83.9,82.9,83.9,10046.0,834421.0
2026-07-23,7827,漢康-KY創,155.0,155.0,148.0,149.0,148666.0,22394148.0
2026-07-23,8011,台通,16.5,16.75,16.2,16.45,749216.0,12324299.0
2026-07-23,8016,矽創,296.5,301.5,293.0,298.0,989675.0,295223704.0
2026-07-23,8021,尖點,420.5,435.0,399.0,406.5,8025118.0,3320733480.0
2026-07-23,8028,昇陽半導體,310.5,310.5,300.5,300.5,1363102.0,415845453.0
2026-07-23,8033,雷虎,200.0,200.0,182.5,190.5,14266472.0,2723062805.0
2026-07-23,8039,台虹,242.0,256.0,231.0,256.0,47776123.0,11689852980.0
2026-07-23,8045,達運光電,61.4,64.5,60.0,63.8,349742.0,21649032.0
2026-07-23,8046,南電,1280.0,1310.0,1175.0,1230.0,19046443.0,23667246645.0
2026-07-23,8070,長華*,49.4,49.95,47.75,48.3,2495586.0,120925595.0
2026-07-23,8072,陞泰,27.55,27.65,26.85,27.2,92952.0,2522384.0
2026-07-23,8081,致新,254.0,255.0,247.0,251.0,607889.0,152042232.0
2026-07-23,8101,華冠,12.95,13.0,12.9,12.9,11314.0,146414.0
2026-07-23,8103,瀚荃,80.3,80.7,78.5,79.3,285511.0,22714094.0
2026-07-23,8104,錸寶,34.8,34.8,33.55,33.6,375595.0,12710841.0
2026-07-23,8105,凌巨,17.9,18.3,16.85,17.2,3545186.0,61275689.0
2026-07-23,8110,華東,44.75,44.95,42.0,42.6,3569118.0,153666677.0
2026-07-23,8112,至上,88.6,89.3,86.6,88.0,10625657.0,931537573.0
2026-07-23,8114,振樺電,224.0,241.5,224.0,232.0,4105960.0,949368604.0
2026-07-23,8131,福懋科,73.0,73.8,68.1,68.7,7587102.0,536272430.0
2026-07-23,8150,南茂,103.0,108.0,95.7,98.2,76771855.0,7795912932.0
2026-07-23,8162,微矽電子-創,64.0,64.0,61.0,61.3,242645.0,15025375.0
2026-07-23,8163,達方,33.2,33.25,32.15,32.8,871982.0,28353543.0
2026-07-23,8201,無敵,12.2,12.25,12.1,12.15,36078.0,438659.0
2026-07-23,8210,勤誠,1165.0,1195.0,1160.0,1180.0,497655.0,585733375.0
2026-07-23,8213,志超,32.25,32.5,31.55,31.75,420336.0,13384915.0
2026-07-23,8215,明基材,25.2,25.45,24.6,24.95,503503.0,12561742.0
2026-07-23,8222,寶一,39.85,39.9,37.75,38.45,1292223.0,50017130.0
2026-07-23,8249,菱光,44.35,44.35,43.55,43.75,172638.0,7569422.0
2026-07-23,8261,富鼎,259.5,259.5,232.0,235.0,2309022.0,569821211.0
2026-07-23,8271,宇瞻,199.0,210.5,193.0,210.0,5041082.0,1022660874.0
2026-07-23,8341,日友,75.7,76.8,75.6,76.6,141005.0,10726680.0
2026-07-23,8367,建新國際,40.3,40.5,40.3,40.5,8009.0,323464.0
2026-07-23,8374,羅昇,79.8,80.1,77.9,79.1,192368.0,15187581.0
2026-07-23,8404,百和興業-KY,17.05,17.1,16.8,16.95,116123.0,1962887.0
2026-07-23,8411,福貞-KY,12.95,13.15,12.65,13.15,118676.0,1545090.0
2026-07-23,8422,可寧衛*,26.2,26.25,25.9,26.25,4586921.0,119681666.0
2026-07-23,8429,金麗-KY,6.11,6.12,6.06,6.12,134947.0,822021.0
2026-07-23,8438,昶昕,70.7,71.9,68.0,68.2,265969.0,18481741.0
2026-07-23,8442,威宏-KY,45.6,46.25,45.1,46.0,75075.0,3420918.0
2026-07-23,8443,阿瘦,11.25,11.35,11.25,11.35,8278.0,93413.0
2026-07-23,8454,富邦媒,251.5,251.5,240.0,244.5,999244.0,242498260.0
2026-07-23,8462,柏文,156.0,156.5,153.0,154.5,107211.0,16554061.0
2026-07-23,8463,潤泰材,21.2,21.4,21.2,21.4,17175.0,365621.0
2026-07-23,8464,億豐,359.5,366.5,359.5,364.0,189154.0,68834867.0
2026-07-23,8466,美吉吉-KY,17.3,17.4,17.3,17.4,17480.0,303400.0
2026-07-23,8467,波力-KY,102.0,103.5,100.0,102.0,17332.0,1752469.0
2026-07-23,8473,山林水,45.05,45.05,43.6,44.25,249553.0,11022711.0
2026-07-23,8476,台境*,23.3,24.7,23.3,24.55,1762850.0,42679192.0
2026-07-23,8478,東哥遊艇,153.5,153.5,149.5,150.0,170457.0,25704529.0
2026-07-23,8481,政伸,40.0,40.2,39.7,40.2,10222.0,408147.0
2026-07-23,8482,商億-KY,49.3,49.45,49.3,49.45,4010.0,198147.0
2026-07-23,8487,愛爾達-創,75.2,75.8,75.2,75.6,30302.0,2285995.0
2026-07-23,8488,吉源-KY,10.3,10.3,10.3,10.3,2000.0,20600.0
2026-07-23,8499,鼎炫-KY,272.0,272.5,264.5,269.5,54889.0,14655480.0
2026-07-23,8926,台汽電,64.8,65.1,63.7,64.3,2787093.0,178833172.0
2026-07-23,8940,新天地,16.1,16.1,15.95,16.0,34118.0,546513.0
2026-07-23,8996,高力,1085.0,1150.0,1050.0,1075.0,3510085.0,3838444495.0
2026-07-23,9103,美德醫療-DR,5.7,6.05,5.67,5.73,8097071.0,47701944.0
2026-07-23,9105,泰金寶-DR,8.69,8.86,8.6,8.68,15724864.0,137188600.0
2026-07-23,9110,越南控-DR,3.15,3.15,3.13,3.15,65000.0,204630.0
2026-07-23,9136,巨騰-DR,11.05,11.6,10.95,10.95,585269.0,6523452.0
2026-07-23,9802,鈺齊-KY,73.8,73.9,72.8,73.0,463358.0,33859959.0
2026-07-23,9902,台火,14.0,14.0,13.7,13.7,146621.0,2025829.0
2026-07-23,9904,寶成,24.3,24.45,24.2,24.25,13792889.0,335016780.0
2026-07-23,9905,大華,20.7,20.7,20.5,20.6,82075.0,1686270.0
2026-07-23,9906,欣巴巴,41.95,41.95,39.4,40.15,117528.0,4693946.0
2026-07-23,9907,統一實,15.2,15.3,15.0,15.15,1917563.0,28906980.0
2026-07-23,9908,大台北,29.05,29.15,29.0,29.15,113050.0,3286191.0
2026-07-23,9910,豐泰,68.9,69.8,68.0,68.8,2037922.0,140836949.0
2026-07-23,9911,櫻花,83.1,83.1,82.1,82.1,360847.0,29699797.0
2026-07-23,9912,偉聯,12.65,12.65,12.45,12.5,37138.0,463886.0
2026-07-23,9914,美利達,80.7,80.7,77.8,78.1,2290510.0,179979797.0
2026-07-23,9917,中保科,108.0,108.5,107.5,108.5,247139.0,26690978.0
2026-07-23,9918,欣天然,42.5,43.5,42.1,43.5,42448.0,1812107.0
2026-07-23,9919,康那香,15.2,15.9,14.7,14.7,7260274.0,110554509.0
2026-07-23,9921,巨大,87.2,87.8,84.5,85.5,1925006.0,165285003.0
2026-07-23,9924,福興,39.7,39.95,39.3,39.5,238764.0,9411946.0
2026-07-23,9925,新保,41.45,41.45,41.2,41.4,815761.0,33725973.0
2026-07-23,9926,新海,48.95,49.5,48.95,49.5,8319.0,410121.0
2026-07-23,9927,泰銘,69.5,69.5,68.9,69.4,45838.0,3175767.0
2026-07-23,9928,中視,18.2,18.35,18.0,18.2,88052.0,1596036.0
2026-07-23,9929,秋雨,11.5,11.6,11.5,11.6,13055.0,151034.0
2026-07-23,9930,中聯資源,62.7,63.1,62.5,63.1,117960.0,7392069.0
2026-07-23,9931,欣高,33.6,34.1,33.6,34.1,17447.0,590122.0
2026-07-23,9933,中鼎,40.15,40.35,39.8,40.35,1186724.0,47522196.0
2026-07-23,9934,成霖,10.75,10.85,10.55,10.65,1485720.0,15869658.0
2026-07-23,9935,慶豐富,19.35,19.5,19.2,19.45,209366.0,4044874.0
2026-07-23,9937,全國,55.3,55.3,54.6,55.1,25124.0,1382094.0
2026-07-23,9938,百和,47.55,47.6,46.7,46.9,2020313.0,95154676.0
2026-07-23,9939,宏全,131.5,132.0,129.0,130.0,1669853.0,217443753.0
2026-07-23,9940,信義,20.2,20.2,20.05,20.1,203373.0,4093372.0
2026-07-23,9941,裕融,82.9,82.9,81.8,81.9,486999.0,39940915.0
2026-07-23,9942,茂順,124.5,124.5,123.0,123.0,68896.0,8511428.0
2026-07-23,9943,好樂迪,52.8,52.8,52.6,52.8,39004.0,2055617.0
2026-07-23,9944,新麗,18.1,18.25,17.9,17.9,71888.0,1298955.0
2026-07-23,9945,潤泰新,26.5,26.5,26.05,26.25,3433645.0,90016589.0
2026-07-23,9946,三發地產,18.2,18.2,17.95,18.1,352802.0,6364314.0
2026-07-23,9955,佳龍,24.4,24.75,24.15,24.3,206182.0,5028613.0
2026-07-23,9958,世紀鋼,112.0,113.0,109.0,110.0,1786092.0,197735672.0
2026-07-23,_TAIEX,加權指數,44850.81,44850.81,44850.81,44850.81,0,0
2026-07-24,0050,元大台灣50,102.55,103.05,101.3,101.7,105138918.0,10708319061.0
2026-07-24,0051,元大中型100,138.4,139.9,137.1,137.95,115186.0,15898896.0
2026-07-24,0052,富邦科技,59.9,60.3,59.3,59.5,28851027.0,1718845033.0
2026-07-24,0053,元大電子,232.2,232.8,228.35,228.85,63511.0,14595450.0
2026-07-24,0055,元大MSCI金融,42.4,42.63,42.33,42.55,144849.0,6159107.0
2026-07-24,0056,元大高股息,50.25,50.85,50.05,50.2,29539419.0,1486087634.0
2026-07-24,0057,富邦摩台,307.85,308.45,303.7,303.7,13259.0,4056937.0
2026-07-24,0061,元大寶滬深,25.13,25.13,24.8,24.92,474668.0,11833568.0
2026-07-24,1101,台泥,23.8,24.1,23.8,23.8,12078546.0,288429340.0
2026-07-24,1102,亞泥,32.5,32.95,32.5,32.75,6016270.0,196632924.0
2026-07-24,1103,嘉泥,13.05,13.2,13.05,13.15,606204.0,7955371.0
2026-07-24,1104,環泥,26.8,26.85,26.55,26.8,527848.0,14102029.0
2026-07-24,1108,幸福,12.2,12.2,12.05,12.15,221431.0,2685126.0
2026-07-24,1109,信大,13.8,13.85,13.75,13.8,80760.0,1113746.0
2026-07-24,1110,東泥,15.9,16.0,15.85,15.95,125150.0,1992976.0
2026-07-24,1201,味全,12.4,12.45,12.25,12.45,475681.0,5863836.0
2026-07-24,1203,味王,46.1,46.9,44.25,46.9,32735.0,1502646.0
2026-07-24,1210,大成,56.5,57.8,56.5,57.8,1632459.0,93623689.0
2026-07-24,1213,大飲,7.02,7.4,7.02,7.24,15909.0,113199.0
2026-07-24,1215,卜蜂,109.5,110.0,108.5,109.5,600764.0,65472793.0
2026-07-24,1216,統一,75.9,77.7,75.9,77.4,15558878.0,1199819738.0
2026-07-24,1217,愛之味,9.92,9.99,9.9,9.98,396107.0,3933488.0
2026-07-24,1218,泰山,15.95,16.2,15.95,16.2,902274.0,14533244.0
2026-07-24,1219,福壽,11.55,11.85,11.55,11.85,445277.0,5224945.0
2026-07-24,1220,台榮,11.3,11.4,11.25,11.4,59560.0,672737.0
2026-07-24,1225,福懋油,26.6,26.7,26.5,26.65,91458.0,2431234.0
2026-07-24,1227,佳格,28.75,29.2,28.7,29.2,1325241.0,38529787.0
2026-07-24,1229,聯華,42.35,42.5,41.05,41.65,4520450.0,188548265.0
2026-07-24,1231,聯華食,92.0,92.0,91.4,91.9,342172.0,31380966.0
2026-07-24,1232,大統益,152.0,154.0,152.0,154.0,188670.0,28881428.0
2026-07-24,1233,天仁,28.9,29.2,28.8,29.2,15095.0,436432.0
2026-07-24,1234,黑松,33.3,33.65,33.3,33.65,104377.0,3496382.0
2026-07-24,1235,興泰,35.2,36.5,35.2,36.5,17245.0,621152.0
2026-07-24,1236,宏亞,23.5,23.6,23.35,23.55,36366.0,852732.0
2026-07-24,1256,鮮活果汁-KY,186.0,186.0,182.0,183.5,62694.0,11517139.0
2026-07-24,1301,台塑,66.5,67.0,62.1,62.7,63817125.0,4071365102.0
2026-07-24,1303,南亞,191.5,194.5,177.5,177.5,74131356.0,13653234628.0
2026-07-24,1304,台聚,13.55,13.6,12.85,12.9,6223996.0,81525279.0
2026-07-24,1305,華夏,12.95,13.0,12.4,12.45,2620634.0,33079168.0
2026-07-24,1307,三芳,32.3,32.55,31.95,32.3,437030.0,14055219.0
2026-07-24,1308,亞聚,14.75,14.9,13.9,14.1,3091270.0,44097255.0
2026-07-24,1309,台達化,15.9,15.95,14.8,14.8,8604694.0,132224812.0
2026-07-24,1310,台苯,10.1,10.25,9.91,9.96,3181936.0,31865379.0
2026-07-24,1312,國喬,14.1,14.1,13.1,13.2,20087245.0,270832617.0
2026-07-24,1313,聯成,12.3,12.3,11.8,11.95,3705428.0,44388398.0
2026-07-24,1314,中石化,8.35,8.4,8.2,8.27,24861168.0,205808625.0
2026-07-24,1315,達新,64.6,64.6,63.4,63.5,30432.0,1936305.0
2026-07-24,1316,上曜,10.2,10.3,10.15,10.25,597805.0,6096243.0
2026-07-24,1319,東陽,72.8,73.2,71.6,72.1,1887857.0,136431695.0
2026-07-24,1321,大洋,31.9,32.2,31.65,32.15,156000.0,4984950.0
2026-07-24,1323,永裕,19.85,20.0,19.7,20.0,36655.0,729235.0
2026-07-24,1324,地球,10.25,10.35,10.05,10.35,92441.0,941544.0
2026-07-24,1325,恆大,27.7,27.9,27.15,27.7,1164317.0,32046334.0
2026-07-24,1326,台化,72.0,72.6,66.8,67.5,80139162.0,5537342144.0
2026-07-24,1337,再生-KY,4.89,4.94,4.82,4.86,332861.0,1616115.0
2026-07-24,1338,廣華-KY,16.3,16.3,15.7,15.75,57701.0,912561.0
2026-07-24,1339,昭輝,44.9,44.9,44.25,44.35,57844.0,2567984.0
2026-07-24,1340,勝悅-KY,5.34,5.37,5.29,5.3,202761.0,1078052.0
2026-07-24,1341,富林-KY,59.1,59.1,59.1,59.1,2021.0,119428.0
2026-07-24,1342,八貫,112.0,113.5,110.0,111.0,249172.0,27745651.0
2026-07-24,1402,遠東新,27.0,27.65,27.0,27.35,26234889.0,719146532.0
2026-07-24,1409,新纖,23.55,23.8,23.15,23.35,7593771.0,177694437.0
2026-07-24,1410,南染,27.0,27.1,25.9,26.4,135409.0,3570532.0
2026-07-24,1413,宏洲,9.99,10.3,9.97,10.3,441165.0,4517932.0
2026-07-24,1414,東和,17.65,17.8,17.3,17.75,256999.0,4520259.0
2026-07-24,1416,廣豐,10.95,10.95,10.85,10.9,231972.0,2524185.0
2026-07-24,1417,嘉裕,8.57,8.57,8.32,8.45,107478.0,905971.0
2026-07-24,1418,東華,19.3,19.3,18.7,18.7,22318.0,421695.0
2026-07-24,1419,新紡,65.1,66.8,65.1,66.7,122243.0,8091510.0
2026-07-24,1423,利華,35.75,35.75,35.15,35.6,52165.0,1846730.0
2026-07-24,1432,大魯閣,15.0,15.05,14.95,15.0,94474.0,1416572.0
2026-07-24,1434,福懋,19.45,19.5,18.8,19.15,7623825.0,145544686.0
2026-07-24,1435,中福,22.0,23.2,22.0,23.2,47087.0,1085063.0
2026-07-24,1436,華友聯,38.7,38.7,38.1,38.15,416746.0,15956643.0
2026-07-24,1437,勤益控,31.1,31.1,30.8,30.9,129487.0,4008829.0
2026-07-24,1438,三地開發,22.3,22.3,21.65,22.0,31001.0,681022.0
2026-07-24,1439,雋揚,25.8,26.3,25.2,26.3,16109.0,413705.0
2026-07-24,1440,南紡,12.8,12.85,12.65,12.75,2319365.0,29473477.0
2026-07-24,1441,大東,9.01,9.1,8.99,9.08,25097.0,227154.0
2026-07-24,1442,名軒,29.1,29.95,29.1,29.95,233992.0,6943053.0
2026-07-24,1443,立益物流,25.5,26.2,25.5,26.2,17026.0,439570.0
2026-07-24,1444,力麗,8.07,8.07,7.83,8.0,1452706.0,11477512.0
2026-07-24,1445,大宇,10.7,10.8,10.5,10.8,84000.0,893200.0
2026-07-24,1446,宏和,14.0,14.05,13.9,14.05,182191.0,2542382.0
2026-07-24,1447,力鵬,7.6,7.6,7.33,7.5,2130937.0,15771957.0
2026-07-24,1449,佳和,12.75,12.8,12.6,12.7,398237.0,5044322.0
2026-07-24,1451,年興,17.4,17.4,17.3,17.4,106502.0,1846406.0
2026-07-24,1452,宏益,11.55,11.65,11.45,11.65,36445.0,419379.0
2026-07-24,1453,大將,11.15,11.15,11.0,11.15,56192.0,622316.0
2026-07-24,1454,台富,12.5,12.6,12.35,12.55,42108.0,524551.0
2026-07-24,1455,集盛,9.01,9.12,9.01,9.12,332733.0,3012819.0
2026-07-24,1456,怡華,13.55,13.55,13.2,13.4,63122.0,840857.0
2026-07-24,1457,宜進,14.2,14.3,14.15,14.3,140702.0,1998687.0
2026-07-24,1460,宏遠,6.84,6.94,6.81,6.92,587778.0,4028139.0
2026-07-24,1463,強盛新,17.8,17.85,17.75,17.85,30007.0,533971.0
2026-07-24,1464,得力,10.4,10.45,10.3,10.4,267858.0,2769212.0
2026-07-24,1465,偉全,12.55,12.95,12.55,12.85,122060.0,1550535.0
2026-07-24,1466,聚隆,16.95,17.6,16.8,17.0,575316.0,9789412.0
2026-07-24,1467,南緯,10.35,10.65,10.0,10.0,966209.0,9888420.0
2026-07-24,1468,昶和,13.2,13.75,12.9,13.1,32026.0,422148.0
2026-07-24,1470,大統新創,22.4,22.75,22.15,22.75,5000.0,112800.0
2026-07-24,1471,首利,9.76,9.97,9.7,9.73,228886.0,2235389.0
2026-07-24,1472,三洋實業,87.8,90.0,87.8,89.5,101339.0,9014468.0
2026-07-24,1473,台南,20.15,20.3,19.95,20.3,58000.0,1166564.0
2026-07-24,1474,弘裕,10.5,10.5,10.35,10.45,45080.0,470388.0
2026-07-24,1475,業旺,27.2,27.2,26.45,26.65,12001.0,319676.0
2026-07-24,1476,儒鴻,333.5,336.5,331.0,334.5,756785.0,252587084.0
2026-07-24,1477,聚陽,213.0,215.0,212.5,215.0,943443.0,201799309.0
2026-07-24,1503,士電,208.0,209.5,204.5,204.5,1105538.0,228386171.0
2026-07-24,1504,東元,66.5,67.3,66.1,66.2,5309460.0,352891593.0
2026-07-24,1506,正道,10.65,10.85,10.5,10.8,201745.0,2153414.0
2026-07-24,1512,瑞利,6.66,6.94,6.65,6.89,66196.0,448841.0
2026-07-24,1513,中興電,159.5,161.0,157.5,158.0,2724366.0,432173289.0
2026-07-24,1514,亞力,107.0,107.5,105.0,105.0,1285093.0,136260696.0
2026-07-24,1515,力山,34.5,35.55,33.65,33.95,4352505.0,149678521.0
2026-07-24,1516,川飛,15.75,16.15,15.5,16.0,31018.0,485925.0
2026-07-24,1517,利奇,11.35,11.35,11.1,11.3,379495.0,4257438.0
2026-07-24,1519,華城,700.0,711.0,693.0,697.0,777808.0,543962454.0
2026-07-24,1521,大億,25.3,25.3,25.0,25.3,11011.0,277225.0
2026-07-24,1522,堤維西,28.2,28.35,27.75,27.85,688177.0,19240555.0
2026-07-24,1524,耿鼎,26.2,26.4,26.0,26.15,525664.0,13751799.0
2026-07-24,1525,江申,65.8,66.9,65.8,66.9,7103.0,470389.0
2026-07-24,1526,日馳,16.35,16.4,15.9,16.1,560195.0,9037446.0
2026-07-24,1527,鑽全,33.5,33.7,33.4,33.6,88223.0,2952230.0
2026-07-24,1528,恩德,19.55,19.6,19.0,19.1,976979.0,18785401.0
2026-07-24,1529,樂事綠能,18.6,18.6,18.3,18.4,501046.0,9212411.0
2026-07-24,1530,亞崴,30.5,31.35,30.35,31.1,182882.0,5652185.0
2026-07-24,1531,高林股,12.95,13.0,12.9,13.0,96366.0,1247193.0
2026-07-24,1532,勤美,23.25,23.4,23.0,23.3,388181.0,8997103.0
2026-07-24,1533,車王電,33.2,33.2,32.7,33.1,130271.0,4286433.0
2026-07-24,1535,中宇,45.35,45.75,45.35,45.75,48867.0,2225170.0
2026-07-24,1536,和大,51.1,52.0,50.7,50.9,1188993.0,60923077.0
2026-07-24,1537,廣隆,125.0,127.5,125.0,127.5,160548.0,20352630.0
2026-07-24,1538,正峰,10.0,10.0,9.99,10.0,12002.0,120009.0
2026-07-24,1539,巨庭,16.1,16.25,15.9,16.25,58243.0,932849.0
2026-07-24,1540,喬福,21.5,21.6,21.25,21.45,258772.0,5537797.0
2026-07-24,1541,錩泰,22.15,22.65,21.7,22.05,14117.0,311993.0
2026-07-24,1558,伸興,90.1,90.8,88.7,90.3,80430.0,7201908.0
2026-07-24,1560,中砂,695.0,697.0,666.0,672.0,1300304.0,883525717.0
2026-07-24,1563,巧新,60.6,63.0,59.7,61.9,1039804.0,63512890.0
2026-07-24,1568,倉佑,29.1,29.3,28.45,28.6,383986.0,11043414.0
2026-07-24,1582,信錦,69.7,70.4,68.5,69.4,779540.0,53970848.0
2026-07-24,1583,程泰,48.8,50.0,48.4,50.0,15234.0,746966.0
2026-07-24,1587,吉茂,24.85,25.0,24.55,24.65,178674.0,4423787.0
2026-07-24,1590,亞德客-KY,1430.0,1455.0,1400.0,1425.0,797628.0,1138386180.0
2026-07-24,1597,直得,132.0,132.5,124.5,126.0,1264312.0,161283169.0
2026-07-24,1598,岱宇,19.55,19.8,19.45,19.75,95048.0,1864477.0
2026-07-24,1603,華電,29.25,29.6,28.9,29.15,163495.0,4773749.0
2026-07-24,1604,聲寶,23.05,23.25,23.05,23.25,219897.0,5090861.0
2026-07-24,1605,華新,33.3,33.4,32.6,32.85,15476751.0,510436865.0
2026-07-24,1608,華榮,30.25,30.45,29.95,30.0,1676612.0,50559653.0
2026-07-24,1609,大亞,37.65,37.95,36.75,36.85,2869427.0,106434309.0
2026-07-24,1611,中電,12.2,12.2,11.9,12.0,530300.0,6368921.0
2026-07-24,1612,宏泰,31.1,31.1,30.8,31.05,527708.0,16339885.0
2026-07-24,1614,三洋電,31.1,31.1,30.8,31.1,79156.0,2448723.0
2026-07-24,1615,大山,42.55,43.0,42.55,42.9,71406.0,3059032.0
2026-07-24,1616,億泰,19.8,19.9,19.2,19.2,696412.0,13554462.0
2026-07-24,1617,榮星,18.55,18.85,17.9,18.15,787170.0,14378261.0
2026-07-24,1618,合機,38.45,39.0,38.3,38.5,412642.0,15926202.0
2026-07-24,1623,大東電,217.0,220.0,215.0,219.0,139951.0,30330844.0
2026-07-24,1626,艾美特-KY,9.98,10.0,9.93,10.0,46366.0,462289.0
2026-07-24,1702,南僑,33.3,33.35,33.15,33.35,173670.0,5774566.0
2026-07-24,1707,葡萄王,90.8,91.5,90.8,91.5,250057.0,22780570.0
2026-07-24,1708,東鹼,53.8,54.2,52.3,52.7,2692190.0,143236021.0
2026-07-24,1709,和益,27.2,28.3,26.15,26.25,5146809.0,139268241.0
2026-07-24,1710,東聯,16.7,16.85,15.75,15.75,9383238.0,151082089.0
2026-07-24,1711,永光,37.5,37.5,35.65,35.65,3745187.0,135493491.0
2026-07-24,1712,興農,39.15,39.15,38.7,39.1,748443.0,29110291.0
2026-07-24,1713,國化,48.3,48.3,48.0,48.2,47663.0,2293295.0
2026-07-24,1714,和桐,15.35,15.45,14.85,14.9,10317224.0,155406852.0
2026-07-24,1717,長興,61.5,61.8,60.1,60.2,8124298.0,492428250.0
2026-07-24,1718,中纖,11.65,11.65,10.9,11.0,41010713.0,456965395.0
2026-07-24,1720,生達,56.2,56.5,55.9,56.5,294983.0,16568352.0
2026-07-24,1721,三晃,21.1,21.2,20.3,20.35,634222.0,13117960.0
2026-07-24,1722,台肥,46.1,46.45,46.0,46.45,1592201.0,73507542.0
2026-07-24,1723,中碳,89.0,90.3,87.7,88.1,778530.0,69069058.0
2026-07-24,1725,元禎,29.45,29.7,29.3,29.5,43212.0,1273056.0
2026-07-24,1726,永記,75.3,76.0,75.3,76.0,43450.0,3286442.0
2026-07-24,1727,中華化,78.2,80.2,76.0,76.0,1290693.0,99781193.0
2026-07-24,1730,花仙子,51.3,51.5,51.2,51.5,13365.0,685965.0
2026-07-24,1731,美吾華,20.5,20.6,20.5,20.55,84565.0,1738313.0
2026-07-24,1732,毛寶,27.55,28.2,27.2,28.0,800161.0,22289677.0
2026-07-24,1733,五鼎,31.65,32.35,31.65,32.05,258002.0,8264422.0
2026-07-24,1734,杏輝,31.25,31.45,30.75,31.4,775375.0,24146181.0
2026-07-24,1735,日勝化,20.0,20.0,19.5,19.5,201819.0,3988159.0
2026-07-24,1736,喬山,129.5,136.5,129.5,136.5,695616.0,93064143.0
2026-07-24,1737,臺鹽,32.0,32.2,31.9,32.15,100443.0,3217727.0
2026-07-24,1752,南光,31.6,31.8,31.5,31.8,15378.0,487307.0
2026-07-24,1760,寶齡富錦,61.1,61.2,60.6,61.1,108874.0,6630991.0
2026-07-24,1762,中化生,35.3,35.3,34.25,34.75,92630.0,3198763.0
2026-07-24,1773,勝一,166.0,166.5,162.0,163.0,980046.0,160570512.0
2026-07-24,1776,展宇,17.8,17.8,17.05,17.35,120996.0,2084041.0
2026-07-24,1783,和康生,40.15,40.3,40.0,40.3,45934.0,1843123.0
2026-07-24,1786,科妍,50.4,50.5,49.9,49.95,105815.0,5305503.0
2026-07-24,1789,神隆,19.8,19.85,19.4,19.65,690120.0,13506064.0
2026-07-24,1795,美時,188.0,188.5,184.5,185.0,1667314.0,310158258.0
2026-07-24,1802,台玻,52.8,53.1,51.0,51.0,20351833.0,1054301238.0
2026-07-24,1805,寶徠,10.05,10.05,9.96,10.05,54229.0,543117.0
2026-07-24,1806,冠軍,8.17,8.18,8.08,8.18,201260.0,1634823.0
2026-07-24,1808,潤隆,32.05,32.3,31.9,32.25,1080513.0,34709996.0
2026-07-24,1809,中釉,38.0,38.75,36.9,36.9,1224111.0,45782922.0
2026-07-24,1810,和成,28.8,29.8,28.05,28.6,29453223.0,847713858.0
2026-07-24,1817,凱撒衛,38.5,38.5,38.3,38.45,53687.0,2062695.0
2026-07-24,1903,士紙,48.3,48.9,48.3,48.9,114658.0,5574743.0
2026-07-24,1904,正隆,21.65,21.65,21.25,21.45,969948.0,20767702.0
2026-07-24,1905,華紙,14.1,14.1,13.85,13.85,1493031.0,20828423.0
2026-07-24,1906,寶隆,10.9,10.9,10.8,10.9,49052.0,531990.0
2026-07-24,1907,永豐餘,27.8,28.15,27.65,28.1,1111419.0,30966191.0
2026-07-24,1909,榮成,10.05,10.15,9.97,10.05,2223508.0,22314258.0
2026-07-24,2002,中鋼,18.95,19.35,18.9,19.15,59825589.0,1147609188.0
2026-07-24,2006,東和鋼鐵,71.0,72.1,70.9,71.8,2031167.0,145115983.0
2026-07-24,2007,燁興,7.18,7.2,7.07,7.2,212534.0,1511962.0
2026-07-24,2008,高興昌,30.05,31.0,30.0,31.0,90080.0,2720760.0
2026-07-24,2009,第一銅,38.0,38.0,37.25,37.4,633832.0,23790330.0
2026-07-24,2010,春源,21.2,21.25,21.0,21.1,698370.0,14720434.0
2026-07-24,2012,春雨,15.6,15.75,15.4,15.75,31480.0,490739.0
2026-07-24,2013,中鋼構,40.6,41.1,40.6,41.0,62305.0,2553665.0
2026-07-24,2014,中鴻,17.35,17.75,17.2,17.4,3314739.0,57811526.0
2026-07-24,2015,豐興,62.9,64.1,62.9,63.8,262434.0,16712743.0
2026-07-24,2017,官田鋼,9.03,9.03,8.92,8.98,298443.0,2680343.0
2026-07-24,2020,美亞,21.2,21.3,21.1,21.25,181028.0,3832891.0
2026-07-24,2022,聚亨,7.76,7.79,7.69,7.77,260370.0,2012017.0
2026-07-24,2023,燁輝,13.8,14.05,13.8,13.95,1285480.0,17954033.0
2026-07-24,2024,志聯,13.8,13.8,13.45,13.8,11215.0,152816.0
2026-07-24,2025,千興,12.2,12.2,11.35,11.7,418614.0,4901567.0
2026-07-24,2027,大成鋼,44.0,44.4,43.5,43.55,9448801.0,413792935.0
2026-07-24,2028,威致,15.5,15.6,15.35,15.6,83042.0,1284234.0
2026-07-24,2029,盛餘,20.65,20.8,20.55,20.75,175719.0,3631092.0
2026-07-24,2030,彰源,17.55,17.75,17.35,17.5,557937.0,9813776.0
2026-07-24,2031,新光鋼,40.35,41.15,40.0,40.15,575446.0,23323255.0
2026-07-24,2032,新鋼,16.0,16.35,16.0,16.05,197331.0,3178981.0
2026-07-24,2033,佳大,15.2,15.4,15.05,15.4,115000.0,1750300.0
2026-07-24,2034,允強,19.55,19.7,19.2,19.3,1118452.0,21607529.0
2026-07-24,2038,海光,13.0,13.0,12.5,12.75,174691.0,2223575.0
2026-07-24,2049,上銀,314.5,319.5,311.0,313.0,1107594.0,347816631.0
2026-07-24,2059,川湖,8005.0,8150.0,7635.0,7735.0,578377.0,4514318125.0
2026-07-24,2062,橋椿,18.7,18.8,18.55,18.7,191459.0,3577700.0
2026-07-24,2069,運錩,18.6,18.75,18.2,18.5,226713.0,4175855.0
2026-07-24,2072,世紀風電,144.0,145.5,143.0,143.0,250188.0,35999090.0
2026-07-24,2101,南港,33.5,33.55,32.75,33.0,1200314.0,39664866.0
2026-07-24,2102,泰豐,19.0,19.0,18.85,19.0,223876.0,4235393.0
2026-07-24,2103,台橡,23.85,24.0,23.0,23.3,5037758.0,117630961.0
2026-07-24,2104,國際中橡,10.45,10.45,10.25,10.35,3399916.0,35085104.0
2026-07-24,2105,正新,31.2,31.5,31.0,31.25,4154146.0,129661613.0
2026-07-24,2106,建大,17.7,17.8,17.55,17.75,487255.0,8594119.0
2026-07-24,2107,厚生,25.75,25.95,25.65,25.95,186880.0,4814559.0
2026-07-24,2108,南帝,28.8,28.85,28.1,28.3,514432.0,14605100.0
2026-07-24,2109,華豐,14.45,14.5,14.4,14.5,44133.0,637918.0
2026-07-24,2114,鑫永銓,87.7,87.8,87.1,87.8,27155.0,2374638.0
2026-07-24,2115,六暉-KY,22.5,22.5,21.9,22.05,33000.0,726550.0
2026-07-24,2201,裕隆,28.05,28.05,27.7,27.9,1377111.0,38377446.0
2026-07-24,2204,中華,52.0,52.2,51.6,51.8,969351.0,50215519.0
2026-07-24,2206,三陽工業,61.3,61.4,60.7,61.4,823584.0,50321408.0
2026-07-24,2207,和泰車,485.0,496.0,485.0,493.5,317624.0,156172087.0
2026-07-24,2208,台船,19.6,20.3,19.6,19.85,4250700.0,84770737.0
2026-07-24,2211,長榮鋼,87.6,88.5,86.8,87.8,495389.0,43292254.0
2026-07-24,2227,裕日車,49.35,50.1,49.2,50.1,49299.0,2452071.0
2026-07-24,2228,劍麟,79.5,80.4,79.0,79.7,52964.0,4208843.0
2026-07-24,2231,為升,96.1,98.5,94.2,96.4,580903.0,56053228.0
2026-07-24,2233,宇隆,217.0,217.0,203.0,203.5,484610.0,101024064.0
2026-07-24,2236,百達-KY,147.5,151.0,147.0,149.0,328033.0,48731864.0
2026-07-24,2239,英利-KY,20.25,20.25,19.6,20.1,59081.0,1171749.0
2026-07-24,2241,艾姆勒,34.0,35.0,33.6,35.0,431613.0,14906461.0
2026-07-24,2243,宏旭-KY,53.0,53.0,49.25,50.4,1013094.0,51207366.0
2026-07-24,2247,汎德永業,219.5,225.0,219.5,225.0,49299.0,10935600.0
2026-07-24,2248,華勝-KY,62.8,63.9,61.6,62.2,124299.0,7780611.0
2026-07-24,2250,IKKA-KY,61.1,61.9,60.9,61.1,61795.0,3783601.0
2026-07-24,2254,巨鎧精密-創,59.4,60.6,59.2,60.6,7000.0,418300.0
2026-07-24,2258,鴻華先進-創,31.4,32.05,30.9,32.05,416583.0,13035127.0
2026-07-24,2301,光寶科,214.0,229.0,211.5,214.5,15730932.0,3440569852.0
2026-07-24,2302,麗正,42.45,45.8,42.35,43.0,10199920.0,448227798.0
2026-07-24,2303,聯電,135.0,138.0,128.0,128.0,152268547.0,20106908508.0
2026-07-24,2305,全友,34.0,34.45,31.3,32.3,7896006.0,260043195.0
2026-07-24,2308,台達電,1850.0,1890.0,1785.0,1785.0,7041974.0,12821156407.0
2026-07-24,2312,金寶,31.9,33.5,31.6,31.85,14342054.0,463307633.0
2026-07-24,2313,華通,210.0,210.5,201.5,201.5,19923538.0,4085373927.0
2026-07-24,2314,台揚,12.7,12.7,12.15,12.35,174354.0,2145182.0
2026-07-24,2316,楠梓電,166.5,166.5,153.5,156.0,2555924.0,404068883.0
2026-07-24,2317,鴻海,254.0,256.0,251.5,252.5,33694573.0,8518599943.0
2026-07-24,2321,東訊,14.3,15.0,14.25,15.0,10974.0,161123.0
2026-07-24,2323,中環,10.45,10.5,10.3,10.35,4732933.0,49131045.0
2026-07-24,2324,仁寶,36.45,37.3,36.1,37.2,43851839.0,1619085116.0
2026-07-24,2327,國巨*,679.0,685.0,639.0,642.0,41798307.0,27550275085.0
2026-07-24,2328,廣宇,46.0,46.4,45.2,45.3,2059926.0,94031394.0
2026-07-24,2329,華泰,46.5,46.7,45.0,45.05,3315581.0,150992468.0
2026-07-24,2330,台積電,2355.0,2365.0,2345.0,2350.0,24810509.0,58407263735.0
2026-07-24,2331,精英,19.55,19.8,19.2,19.25,1259292.0,24440394.0
2026-07-24,2332,友訊,22.4,23.4,21.9,22.1,45243788.0,1019704197.0
2026-07-24,2337,旺宏,126.5,131.0,123.5,124.0,39475036.0,4995899408.0
2026-07-24,2338,光罩,41.5,41.55,40.2,40.65,1451127.0,59213468.0
2026-07-24,2340,台亞,31.65,31.9,30.6,30.65,3073144.0,95533586.0
2026-07-24,2342,茂矽,40.3,40.45,38.8,39.1,2300908.0,90874245.0
2026-07-24,2344,華邦電,158.5,164.0,153.5,154.5,135375417.0,21437572271.0
2026-07-24,2345,智邦,2315.0,2330.0,2205.0,2220.0,1607977.0,3627658175.0
2026-07-24,2347,聯強,86.5,89.0,86.5,88.6,3649775.0,322139961.0
2026-07-24,2348,海悅,78.8,78.8,77.0,78.2,408197.0,31769537.0
2026-07-24,2349,錸德,11.3,11.35,11.1,11.25,1138258.0,12739371.0
2026-07-24,2351,順德,162.5,168.0,158.0,161.0,2299713.0,371365870.0
2026-07-24,2352,佳世達,29.95,30.25,29.15,29.2,6370708.0,188343773.0
2026-07-24,2353,宏碁,29.85,30.4,29.75,30.05,11836156.0,354873869.0
2026-07-24,2354,鴻準,56.8,57.7,56.3,57.1,4134830.0,235375718.0
2026-07-24,2355,敬鵬,41.9,42.2,40.8,41.0,3030193.0,125235512.0
2026-07-24,2356,英業達,62.1,65.0,62.0,64.5,43641326.0,2796775134.0
2026-07-24,2357,華碩,760.0,780.0,760.0,771.0,3099430.0,2385332782.0
2026-07-24,2359,所羅門,140.0,152.0,139.0,145.0,11025195.0,1618787230.0
2026-07-24,2360,致茂,2140.0,2190.0,2075.0,2080.0,2187371.0,4656599800.0
2026-07-24,2362,藍天,43.85,44.4,43.15,44.15,860524.0,37769272.0
2026-07-24,2363,矽統,56.1,57.2,55.1,55.3,3832369.0,214142543.0
2026-07-24,2364,倫飛,70.8,71.9,70.1,71.2,155398.0,11076338.0
2026-07-24,2365,昆盈,30.35,31.45,29.8,30.2,2985356.0,91115183.0
2026-07-24,2367,燿華,43.4,43.75,42.0,42.1,5620595.0,239812816.0
2026-07-24,2368,金像電,925.0,941.0,892.0,901.0,4067807.0,3708028234.0
2026-07-24,2369,菱生,34.05,34.6,32.9,32.9,8214990.0,274657605.0
2026-07-24,2371,大同,26.15,26.35,25.8,25.8,7464175.0,194008714.0
2026-07-24,2373,震旦行,53.0,54.0,53.0,54.0,44114.0,2352862.0
2026-07-24,2374,佳能,68.1,68.9,67.0,67.5,2349965.0,159468928.0
2026-07-24,2375,凱美,140.0,141.0,131.0,131.0,3091355.0,418900856.0
2026-07-24,2376,技嘉,350.5,358.0,347.0,354.5,7613423.0,2689917069.0
2026-07-24,2377,微星,149.0,151.0,144.5,146.5,12705796.0,1868049799.0
2026-07-24,2379,瑞昱,736.0,765.0,731.0,744.0,3184242.0,2381094675.0
2026-07-24,2380,虹光,19.0,19.5,19.0,19.5,69806.0,1327373.0
2026-07-24,2382,廣達,330.0,335.0,328.0,328.0,11901559.0,3902835374.0
2026-07-24,2383,台光電,5055.0,5055.0,4720.0,4755.0,1978622.0,9595247940.0
2026-07-24,2385,群光,106.0,107.0,105.5,106.5,4097875.0,435152557.0
2026-07-24,2387,精元,38.85,38.85,38.55,38.85,123693.0,4787153.0
2026-07-24,2388,威盛,72.7,76.7,72.0,74.9,6687873.0,501652072.0
2026-07-24,2390,云辰,11.1,11.1,10.85,10.95,352653.0,3855264.0
2026-07-24,2392,正崴,35.6,36.0,35.4,35.7,1018508.0,36340717.0
2026-07-24,2393,億光,66.6,66.9,65.6,66.1,2182206.0,144147886.0
2026-07-24,2395,研華,585.0,616.0,578.0,581.0,4213688.0,2497224810.0
2026-07-24,2397,友通,59.9,61.2,59.0,59.2,520465.0,31296216.0
2026-07-24,2399,映泰,38.8,39.45,37.7,37.75,1346253.0,51400969.0
2026-07-24,2401,凌陽,28.0,28.95,27.15,28.15,4029318.0,114008544.0
2026-07-24,2402,毅嘉,58.9,59.2,58.0,58.0,1479147.0,86430829.0
2026-07-24,2404,漢唐,1160.0,1205.0,1120.0,1120.0,1633997.0,1876564105.0
2026-07-24,2405,輔信,16.7,16.85,16.25,16.4,1032435.0,17021685.0
2026-07-24,2406,國碩,32.7,34.25,32.4,33.35,9364397.0,312869762.0
2026-07-24,2408,南亞科,418.0,433.5,401.0,401.0,80045856.0,33255807312.0
2026-07-24,2409,友達,25.6,26.0,25.15,25.5,121250125.0,3097559896.0
2026-07-24,2412,中華電,137.5,139.0,137.5,139.0,15999969.0,2213040170.0
2026-07-24,2413,環科,41.7,41.7,40.25,40.25,588514.0,23917612.0
2026-07-24,2414,精技,54.5,56.3,54.1,55.7,359785.0,19933909.0
2026-07-24,2415,錩新,33.05,33.75,32.4,32.65,382885.0,12590599.0
2026-07-24,2417,圓剛,41.65,42.3,40.2,41.0,1058576.0,43911549.0
2026-07-24,2419,仲琦,25.45,25.45,24.6,24.65,507057.0,12585037.0
2026-07-24,2420,新巨,56.8,57.4,56.7,56.7,462439.0,26302757.0
2026-07-24,2421,建準,132.5,134.5,129.5,130.0,844242.0,110707979.0
2026-07-24,2423,固緯,74.7,76.4,72.6,73.9,253776.0,18767577.0
2026-07-24,2424,隴華,8.5,8.5,8.4,8.43,39000.0,328470.0
2026-07-24,2425,承啟,45.55,47.9,45.2,46.85,11240251.0,523985257.0
2026-07-24,2426,鼎元,60.0,66.3,58.8,62.0,18085589.0,1140477515.0
2026-07-24,2427,三商電,23.3,23.3,22.85,23.2,453329.0,10444850.0
2026-07-24,2428,興勤,250.0,251.5,239.5,241.0,512206.0,125025235.0
2026-07-24,2429,銘旺科,39.5,40.8,38.85,39.0,405832.0,16062723.0
2026-07-24,2430,燦坤,17.7,17.7,17.35,17.55,227425.0,3975991.0
2026-07-24,2431,聯昌,10.65,10.8,10.6,10.7,83707.0,892044.0
2026-07-24,2432,倚天酷碁-創,28.15,28.55,28.15,28.35,23130.0,653966.0
2026-07-24,2433,互盛電,42.0,42.1,41.6,42.05,61298.0,2570310.0
2026-07-24,2434,統懋,69.0,69.1,66.9,68.8,195154.0,13325040.0
2026-07-24,2436,偉詮電,59.7,60.7,58.7,59.3,1414509.0,84246009.0
2026-07-24,2438,翔耀,17.9,18.2,17.5,17.95,97939.0,1742041.0
2026-07-24,2439,美律,83.0,84.6,82.6,82.9,1031914.0,85982260.0
2026-07-24,2440,太空梭,16.05,16.05,15.35,15.7,347280.0,5406504.0
2026-07-24,2441,超豐,125.5,125.5,118.0,118.0,4971386.0,600751862.0
2026-07-24,2442,新美齊,19.3,19.45,19.25,19.35,561185.0,10831852.0
2026-07-24,2444,兆勁,11.25,11.35,11.15,11.25,144626.0,1623153.0
2026-07-24,2449,京元電子,280.0,285.0,271.0,271.0,14663559.0,4050330111.0
2026-07-24,2450,神腦,28.7,28.9,28.65,28.9,78415.0,2254746.0
2026-07-24,2451,創見,262.0,268.5,253.5,264.0,18768237.0,4942365028.0
2026-07-24,2453,凌群,52.1,53.0,51.7,51.7,237402.0,12363538.0
2026-07-24,2454,聯發科,3805.0,4010.0,3750.0,3750.0,8980102.0,34556793720.0
2026-07-24,2455,全新,335.5,351.5,321.0,333.0,16228733.0,5485731600.0
2026-07-24,2457,飛宏,24.6,24.6,23.8,24.0,1671878.0,40192980.0
2026-07-24,2458,義隆,169.0,171.5,166.0,168.0,1933204.0,324766760.0
2026-07-24,2459,敦吉,65.3,65.5,65.0,65.3,64536.0,4206551.0
2026-07-24,2460,建通,31.1,31.75,30.8,31.25,242606.0,7561076.0
2026-07-24,2461,光群雷,15.95,16.1,15.75,15.9,932709.0,14844921.0
2026-07-24,2462,良得電,20.75,20.75,20.35,20.65,159616.0,3277908.0
2026-07-24,2464,盟立,146.0,151.0,143.5,146.5,3917808.0,574029236.0
2026-07-24,2465,麗臺,80.3,82.5,80.3,80.5,786824.0,63877711.0
2026-07-24,2466,冠西電,93.6,97.2,93.6,95.0,2606800.0,246093720.0
2026-07-24,2467,志聖,525.0,541.0,511.0,515.0,752137.0,391995355.0
2026-07-24,2468,華經,35.35,36.0,34.85,34.9,226490.0,7980740.0
2026-07-24,2471,資通,48.2,48.7,47.8,48.7,184045.0,8878434.0
2026-07-24,2472,立隆電,268.5,272.5,257.0,258.5,2393862.0,630026958.0
2026-07-24,2474,可成,190.5,192.0,188.0,189.5,2148145.0,407725984.0
2026-07-24,2476,鉅祥,119.5,123.0,117.5,119.0,1123733.0,134297268.0
2026-07-24,2477,美隆電,21.25,21.35,21.05,21.3,87400.0,1853982.0
2026-07-24,2478,大毅,137.5,137.5,130.0,131.5,3107866.0,414369566.0
2026-07-24,2480,敦陽科,159.0,160.0,158.5,159.0,145759.0,23195466.0
2026-07-24,2481,強茂,141.5,146.5,139.0,140.0,18212058.0,2585402672.0
2026-07-24,2482,連宇,17.5,17.8,17.3,17.65,216292.0,3805619.0
2026-07-24,2483,百容,41.2,41.2,39.9,40.15,245275.0,9910342.0
2026-07-24,2484,希華,69.2,74.7,68.0,71.9,30427929.0,2178291158.0
2026-07-24,2485,兆赫,41.0,42.25,40.1,40.2,3875089.0,158497656.0
2026-07-24,2486,一詮,234.0,241.5,218.5,219.0,7279100.0,1655856924.0
2026-07-24,2488,漢平,49.8,49.8,49.4,49.75,102850.0,5098280.0
2026-07-24,2489,瑞軒,31.4,31.6,30.0,30.1,5667385.0,173231936.0
2026-07-24,2491,吉祥全,30.0,30.0,28.85,29.1,230279.0,6744428.0
2026-07-24,2492,華新科,291.5,293.0,272.5,274.0,4068246.0,1135488560.0
2026-07-24,2493,揚博,230.0,230.5,212.5,212.5,3743096.0,818143586.0
2026-07-24,2495,普安,38.0,38.7,37.2,37.6,1358856.0,51338965.0
2026-07-24,2496,卓越,59.8,60.0,59.5,60.0,26197.0,1563009.0
2026-07-24,2497,怡利電,52.0,52.1,51.1,52.1,489886.0,25277024.0
2026-07-24,2498,宏達電,41.6,43.45,41.2,41.75,4369682.0,184953876.0
2026-07-24,2501,國建,22.45,22.8,22.45,22.75,1348075.0,30519156.0
2026-07-24,2504,國產,31.35,31.75,31.3,31.7,1526178.0,48078491.0
2026-07-24,2505,國揚,17.65,17.75,17.4,17.75,167252.0,2943889.0
2026-07-24,2506,太設,8.67,8.72,8.6,8.72,193760.0,1673958.0
2026-07-24,2509,全坤建,13.05,13.2,13.05,13.2,82249.0,1076977.0
2026-07-24,2511,太子,8.5,8.54,8.47,8.54,1271267.0,10805733.0
2026-07-24,2514,龍邦,12.65,12.8,12.6,12.8,87145.0,1104153.0
2026-07-24,2515,中工,12.2,12.25,12.0,12.05,11058734.0,133426825.0
2026-07-24,2516,新建,13.9,14.25,13.8,14.15,235168.0,3302918.0
2026-07-24,2520,冠德,35.1,35.2,34.15,34.95,1657463.0,57521449.0
2026-07-24,2524,京城,35.7,35.9,34.75,35.05,136123.0,4796249.0
2026-07-24,2527,宏璟,48.55,48.55,45.65,46.15,1779002.0,83139670.0
2026-07-24,2528,皇普,22.05,22.55,22.05,22.5,551238.0,12381705.0
2026-07-24,2530,華建,19.85,20.45,19.65,20.0,1334977.0,26582860.0
2026-07-24,2534,宏盛,17.1,17.4,17.1,17.25,789598.0,13620523.0
2026-07-24,2535,達欣工,87.9,88.3,86.8,87.9,274159.0,23999416.0
2026-07-24,2536,宏普,18.25,18.35,18.15,18.25,426564.0,7771402.0
2026-07-24,2537,聯上發,10.95,11.1,10.95,11.05,918653.0,10096391.0
2026-07-24,2538,基泰,9.81,9.98,9.81,9.95,394281.0,3909953.0
2026-07-24,2539,櫻花建,40.4,40.6,39.85,40.55,593980.0,23862091.0
2026-07-24,2540,愛山林,52.9,53.6,52.9,53.4,340100.0,18071250.0
2026-07-24,2542,興富發,44.45,44.9,44.05,44.2,7451866.0,330859034.0
2026-07-24,2543,皇昌,39.05,39.8,38.55,38.6,675812.0,26193557.0
2026-07-24,2545,皇翔,33.5,33.8,33.2,33.3,296585.0,9903897.0
2026-07-24,2546,根基,94.5,96.0,94.3,96.0,100725.0,9590479.0
2026-07-24,2547,日勝生,10.05,10.15,10.05,10.1,2463225.0,24836849.0
2026-07-24,2548,華固,99.2,100.0,98.3,98.6,1869561.0,184747247.0
2026-07-24,2597,潤弘,159.5,161.0,159.0,161.0,213130.0,34144634.0
2026-07-24,2601,益航,6.5,6.69,6.5,6.65,2194863.0,14456622.0
2026-07-24,2603,長榮,205.0,206.0,203.5,206.0,6759905.0,1387600376.0
2026-07-24,2605,新興,32.5,33.3,32.15,32.3,9232216.0,301885338.0
2026-07-24,2606,裕民,63.3,64.1,63.3,64.0,4457879.0,284257305.0
2026-07-24,2607,榮運,46.8,47.85,46.8,47.85,369292.0,17565376.0
2026-07-24,2608,嘉里大榮,29.05,29.3,29.05,29.3,105395.0,3074153.0
2026-07-24,2609,陽明,50.5,52.0,50.5,51.5,26921520.0,1385537380.0
2026-07-24,2610,華航,20.3,20.5,20.2,20.5,20731224.0,422259995.0
2026-07-24,2611,志信,14.2,14.3,14.15,14.2,146926.0,2089457.0
2026-07-24,2612,中航,52.2,53.2,52.2,52.9,225589.0,11899027.0
2026-07-24,2613,中櫃,21.05,21.15,20.9,20.9,238248.0,5000257.0
2026-07-24,2614,東森,18.25,18.35,18.15,18.25,321311.0,5853467.0
2026-07-24,2615,萬海,84.1,87.9,84.1,87.0,22685290.0,1962248809.0
2026-07-24,2616,山隆,14.0,14.0,13.65,13.9,285751.0,3955478.0
2026-07-24,2617,台航,29.1,29.25,29.05,29.2,659911.0,19234993.0
2026-07-24,2618,長榮航,40.35,40.75,40.1,40.7,31313433.0,1266625342.0
2026-07-24,2630,亞航,53.4,56.5,53.0,53.9,16335777.0,893715365.0
2026-07-24,2633,台灣高鐵,25.85,26.15,25.85,26.05,5492846.0,142794561.0
2026-07-24,2634,漢翔,62.8,67.8,62.4,65.4,92975275.0,6117129757.0
2026-07-24,2636,台驊控股,65.5,66.2,65.3,65.7,172486.0,11317272.0
2026-07-24,2637,慧洋-KY,81.8,84.3,81.3,83.8,2950935.0,246883145.0
2026-07-24,2642,宅配通,20.5,20.55,20.2,20.55,37897.0,773031.0
2026-07-24,2645,長榮航太,194.5,201.5,192.5,196.5,4001525.0,788216884.0
2026-07-24,2646,星宇航空,21.05,21.25,21.05,21.15,3464753.0,73146385.0
2026-07-24,2701,萬企,10.75,10.8,10.7,10.8,53430.0,574931.0
2026-07-24,2702,華園,12.8,13.0,12.75,13.0,31596.0,406397.0
2026-07-24,2704,國賓,45.15,45.95,45.15,45.6,89157.0,4056027.0
2026-07-24,2705,六福,16.1,16.5,16.05,16.35,229651.0,3742078.0
2026-07-24,2706,第一店,12.75,12.8,12.7,12.8,107283.0,1366361.0
2026-07-24,2707,晶華,177.5,179.0,177.5,179.0,76592.0,13667812.0
2026-07-24,2712,遠雄來,14.7,15.0,14.7,15.0,5280.0,79166.0
2026-07-24,2722,夏都,22.2,22.2,21.7,21.95,55391.0,1210238.0
2026-07-24,2723,美食-KY,62.1,62.3,61.7,62.0,256755.0,15902228.0
2026-07-24,2727,王品,220.0,222.0,218.5,220.5,302574.0,66634041.0
2026-07-24,2731,雄獅,144.0,145.5,143.5,145.0,287836.0,41605564.0
2026-07-24,2739,寒舍,34.9,35.0,34.7,35.0,51284.0,1789153.0
2026-07-24,2748,雲品,39.75,40.0,39.65,39.85,120914.0,4809765.0
2026-07-24,2753,八方雲集,176.5,178.5,176.5,178.5,278007.0,49335394.0
2026-07-24,2762,世界健身-KY,84.1,85.9,84.1,85.5,43521.0,3714521.0
2026-07-24,2801,彰銀,24.05,24.45,24.0,24.35,21111093.0,512136164.0
2026-07-24,2812,台中銀,20.35,20.5,20.3,20.45,10356767.0,211471421.0
2026-07-24,2816,旺旺保,33.3,33.7,33.25,33.7,93601.0,3131735.0
2026-07-24,2820,華票,16.45,16.55,16.4,16.55,1598318.0,26310394.0
2026-07-24,2832,台產,55.9,56.4,55.7,56.4,129875.0,7273506.0
2026-07-24,2834,臺企銀,17.8,18.1,17.75,18.0,33503232.0,601664046.0
2026-07-24,2836,高雄銀,12.75,12.9,12.75,12.85,3465254.0,44513792.0
2026-07-24,2838,聯邦銀,20.15,20.3,20.1,20.3,2061726.0,41652731.0
2026-07-24,2845,遠東銀,13.15,13.35,13.15,13.35,8039839.0,106795540.0
2026-07-24,2849,安泰銀,14.35,14.75,14.0,14.75,325311.0,4657687.0
2026-07-24,2850,新產,147.0,148.5,146.5,147.5,172706.0,25396399.0
2026-07-24,2851,中再保,35.5,35.75,34.85,35.25,1493294.0,52500458.0
2026-07-24,2852,第一保,26.45,26.65,26.35,26.65,151311.0,4003237.0
2026-07-24,2855,統一證,44.05,44.95,44.05,44.2,2042999.0,90598208.0
2026-07-24,2867,三商壽,9.13,9.29,9.11,9.28,8583155.0,78928291.0
2026-07-24,2880,華南金,40.1,41.35,39.95,40.7,27284760.0,1116876749.0
2026-07-24,2881,富邦金,127.0,129.0,126.5,127.5,15800513.0,2015442428.0
2026-07-24,2882,國泰金,96.4,97.9,96.4,97.0,11296648.0,1094803285.0
2026-07-24,2883,凱基金,30.45,30.95,30.4,30.65,37493589.0,1147305906.0
2026-07-24,2884,玉山金,35.05,36.0,35.05,35.95,28893377.0,1033138778.0
2026-07-24,2885,元大金,62.7,63.8,62.7,63.1,13453942.0,850725643.0
2026-07-24,2886,兆豐金,47.1,48.7,47.1,48.45,21752615.0,1049966159.0
2026-07-24,2887,台新新光金,33.9,34.65,33.85,34.15,45252046.0,1550837766.0
2026-07-24,2889,國票金,15.6,15.75,15.5,15.75,6052478.0,94699679.0
2026-07-24,2890,永豐金,37.7,38.95,37.7,38.55,29858790.0,1150950991.0
2026-07-24,2891,中信金,62.8,64.0,62.8,63.6,16215569.0,1028939777.0
2026-07-24,2892,第一金,33.4,34.45,33.4,34.3,30998922.0,1060109477.0
2026-07-24,2897,王道銀行,10.0,10.15,10.0,10.15,3980482.0,40119225.0
2026-07-24,2901,欣欣,24.25,24.45,23.9,24.45,14058.0,340051.0
2026-07-24,2903,遠百,21.95,22.25,21.95,22.25,1876970.0,41562355.0
2026-07-24,2904,匯僑,13.6,13.65,13.5,13.5,43116.0,584380.0
2026-07-24,2905,三商,15.75,16.1,15.75,16.1,1261563.0,20137097.0
2026-07-24,2906,高林,13.4,13.4,13.05,13.2,271554.0,3573534.0
2026-07-24,2908,特力,21.55,21.6,21.35,21.6,142031.0,3048816.0
2026-07-24,2910,統領,24.0,24.65,23.2,23.55,116110.0,2733691.0
2026-07-24,2911,麗嬰房,7.03,7.11,6.99,7.06,166938.0,1171941.0
2026-07-24,2912,統一超,234.0,241.0,234.0,241.0,2818769.0,673421353.0
2026-07-24,2913,農林,11.15,11.25,11.1,11.15,1058576.0,11836490.0
2026-07-24,2915,潤泰全,51.5,51.9,51.1,51.4,1313184.0,67628264.0
2026-07-24,2923,鼎固-KY,30.15,33.2,29.1,33.2,235068.0,7257132.0
2026-07-24,2929,淘帝-KY,5.97,5.97,5.75,5.83,201282.0,1167967.0
2026-07-24,2939,永邑-KY,18.75,19.4,18.1,18.4,44069.0,810411.0
2026-07-24,2945,三商家購,40.75,41.5,40.75,41.2,8156.0,335518.0
2026-07-24,3002,歐格,18.05,18.3,17.85,17.95,152913.0,2749884.0
2026-07-24,3003,健和興,60.0,60.5,58.6,59.1,339378.0,20115649.0
2026-07-24,3004,豐達科,137.0,139.5,134.0,135.5,397255.0,54201621.0
2026-07-24,3005,神基,113.0,115.0,112.5,113.0,2291953.0,259991903.0
2026-07-24,3006,晶豪科,209.5,215.5,204.5,206.0,6809372.0,1421623537.0
2026-07-24,3008,大立光,4070.0,4150.0,3915.0,3920.0,1577639.0,6307620645.0
2026-07-24,3010,華立,119.0,122.0,118.0,118.5,882690.0,105458353.0
2026-07-24,3011,今皓,12.05,12.15,11.9,12.05,275607.0,3304001.0
2026-07-24,3013,晟銘電,87.5,88.5,84.2,85.0,1621966.0,139373309.0
2026-07-24,3014,聯陽,130.5,132.0,127.5,129.0,2780693.0,357698913.0
2026-07-24,3015,全漢,56.4,56.4,54.2,54.5,665297.0,36579838.0
2026-07-24,3016,嘉晶,100.5,101.0,95.1,95.3,5430956.0,531223647.0
2026-07-24,3017,奇鋐,2375.0,2510.0,2355.0,2380.0,4515686.0,10956024585.0
2026-07-24,3018,隆銘綠能,13.0,13.0,13.0,13.0,94017.0,1222221.0
2026-07-24,3019,亞光,135.0,136.0,130.5,132.5,3649118.0,484326376.0
2026-07-24,3021,鴻名,21.75,22.05,21.0,21.45,500769.0,10741311.0
2026-07-24,3022,威強電,91.5,95.0,91.4,94.0,4197953.0,391244922.0
2026-07-24,3023,信邦,300.0,305.0,283.0,285.0,2832134.0,816602322.0
2026-07-24,3024,憶聲,13.25,13.5,13.15,13.3,1225127.0,16324374.0
2026-07-24,3025,星通,56.5,57.1,55.8,56.0,107967.0,6075789.0
2026-07-24,3026,禾伸堂,682.0,700.0,628.0,640.0,1418350.0,910069697.0
2026-07-24,3027,盛達,19.55,19.7,19.1,19.1,203703.0,3933590.0
2026-07-24,3028,增你強,68.3,69.3,67.2,67.3,1314422.0,89434278.0
2026-07-24,3029,零壹,103.0,106.0,103.0,104.0,624576.0,65204381.0
2026-07-24,3030,德律,291.0,309.0,289.5,292.5,1305797.0,387689380.0
2026-07-24,3031,佰鴻,23.75,24.2,23.5,23.55,488061.0,11596321.0
2026-07-24,3032,偉訓,79.0,79.0,77.1,77.5,244892.0,19063962.0
2026-07-24,3033,威健,49.8,51.6,49.6,50.0,6063682.0,306221772.0
2026-07-24,3034,聯詠,500.0,509.0,497.0,507.0,4205145.0,2126862562.0
2026-07-24,3035,智原,190.0,199.0,189.0,197.5,4571009.0,886244988.0
2026-07-24,3036,文曄,204.5,209.5,203.5,205.5,6806498.0,1404418480.0
2026-07-24,3037,欣興,880.0,892.0,825.0,839.0,19813146.0,16955119117.0
2026-07-24,3038,全台,20.65,20.75,20.45,20.65,124330.0,2557227.0
2026-07-24,3040,遠見,36.6,36.65,35.3,35.85,299271.0,10765428.0
2026-07-24,3041,揚智,24.0,24.15,23.2,23.7,939643.0,22118269.0
2026-07-24,3042,晶技,162.5,170.0,160.0,165.0,9221887.0,1516724691.0
2026-07-24,3043,科風,20.9,21.05,20.55,20.75,42270.0,875760.0
2026-07-24,3044,健鼎,404.5,407.0,390.0,393.0,2056383.0,815590805.0
2026-07-24,3045,台灣大,111.5,113.5,111.5,113.5,13642728.0,1539374192.0
2026-07-24,3046,建碁,55.1,56.4,54.7,55.0,326550.0,18106825.0
2026-07-24,3047,訊舟,14.85,15.1,14.65,14.65,568475.0,8403667.0
2026-07-24,3048,益登,50.1,51.5,49.4,50.4,1159547.0,58308989.0
2026-07-24,3049,精金,11.1,11.1,10.9,10.9,1782938.0,19541900.0
2026-07-24,3050,鈺德,11.55,11.7,11.45,11.6,366459.0,4226522.0
2026-07-24,3051,力特,23.0,23.0,22.3,22.45,732281.0,16506823.0
2026-07-24,3052,夆典,10.65,10.7,10.6,10.7,141434.0,1506792.0
2026-07-24,3054,立萬利,54.5,55.4,53.2,54.2,46346.0,2507738.0
2026-07-24,3055,蔚華科,137.5,144.5,135.5,135.5,3505691.0,482340456.0
2026-07-24,3056,富華新,14.15,14.15,13.95,14.0,620648.0,8702537.0
2026-07-24,3057,喬鼎,16.15,16.15,15.6,16.15,39869.0,633380.0
2026-07-24,3058,立德,8.58,8.6,8.38,8.5,425893.0,3620817.0
2026-07-24,3059,華晶科,40.4,41.2,39.8,40.0,1975728.0,79700858.0
2026-07-24,3060,銘異,29.8,30.35,28.85,28.9,1425342.0,41783658.0
2026-07-24,3062,建漢,21.15,21.3,20.7,20.8,1488285.0,31089823.0
2026-07-24,3090,日電貿,168.0,168.0,155.0,164.0,2102953.0,337554734.0
2026-07-24,3092,鴻碩,24.6,24.6,24.05,24.4,170039.0,4125757.0
2026-07-24,3094,聯傑,36.3,37.95,36.0,36.2,1491736.0,54661825.0
2026-07-24,3130,一零四,206.5,207.0,205.0,206.0,200490.0,41296840.0
2026-07-24,3135,凌航,152.0,164.0,151.0,156.0,2495168.0,393188660.0
2026-07-24,3138,耀登,101.0,101.5,97.3,98.2,303635.0,29954546.0
2026-07-24,3149,正達,69.0,70.7,67.0,69.6,8732858.0,601071239.0
2026-07-24,3150,鈺寶-創,16.7,16.8,16.55,16.8,24000.0,399700.0
2026-07-24,3164,景岳,16.35,16.4,16.2,16.4,15660.0,255416.0
2026-07-24,3167,大量,648.0,663.0,620.0,620.0,923776.0,581927087.0
2026-07-24,3168,眾福科,44.5,44.75,43.0,43.8,24269.0,1059846.0
2026-07-24,3189,景碩,766.0,770.0,707.0,711.0,14224914.0,10362094070.0
2026-07-24,3209,全科,57.4,58.7,57.4,57.9,848512.0,49057576.0
2026-07-24,3229,晟鈦,43.0,43.1,39.35,39.5,497908.0,20402439.0
2026-07-24,3231,緯創,175.0,184.0,173.0,179.0,179841065.0,32336958893.0
2026-07-24,3257,虹冠電,52.0,52.8,51.2,51.7,334779.0,17361605.0
2026-07-24,3266,昇陽,13.4,13.6,13.25,13.6,46724.0,626171.0
2026-07-24,3296,勝德,26.9,27.0,25.65,27.0,37043.0,972444.0
2026-07-24,3305,昇貿,111.0,112.0,108.0,109.5,1200061.0,131941704.0
2026-07-24,3308,聯德,20.1,20.4,19.65,20.4,36916.0,738028.0
2026-07-24,3311,閎暉,33.8,34.4,33.65,34.15,162138.0,5522753.0
2026-07-24,3312,弘憶股,48.15,48.5,47.1,47.25,682390.0,32448076.0
2026-07-24,3321,同泰,19.15,19.15,18.6,18.75,198961.0,3753677.0
2026-07-24,3338,泰碩,65.6,67.4,64.0,64.1,496084.0,32431628.0
2026-07-24,3346,麗清,20.85,21.25,20.6,20.7,355130.0,7385240.0
2026-07-24,3356,奇偶,57.5,58.7,57.5,58.3,237827.0,13824853.0
2026-07-24,3376,新日興,190.5,191.0,185.5,185.5,2428862.0,454366406.0
2026-07-24,3380,明泰,30.15,30.85,29.7,29.8,1361755.0,40858909.0
2026-07-24,3406,玉晶光,525.0,530.0,504.0,507.0,1083105.0,555858900.0
2026-07-24,3413,京鼎,336.0,341.0,318.5,327.5,3135439.0,1028034431.0
2026-07-24,3416,融程電,177.5,192.0,177.0,183.5,1383476.0,258186139.0
2026-07-24,3419,譁裕,12.4,12.4,12.2,12.2,153614.0,1884552.0
2026-07-24,3432,台端,17.25,17.5,17.1,17.5,12062.0,209011.0
2026-07-24,3437,榮創,17.65,18.0,17.5,17.75,336777.0,5982114.0
2026-07-24,3443,創意,4330.0,4475.0,4060.0,4070.0,1934100.0,8144366725.0
2026-07-24,3447,展達,30.1,30.4,29.25,29.45,191961.0,5678175.0
2026-07-24,3450,聯鈞,463.0,490.0,427.0,427.0,23485072.0,10869318609.0
2026-07-24,3481,群創,50.7,51.3,49.5,49.5,204349525.0,10233219701.0
2026-07-24,3494,誠研,7.44,7.44,7.24,7.36,66897.0,487799.0
2026-07-24,3501,維熹,40.05,40.45,40.05,40.3,133507.0,5378987.0
2026-07-24,3504,揚明光,63.9,64.5,61.7,62.1,442362.0,27774400.0
2026-07-24,3515,華擎,210.5,213.5,206.5,206.5,422427.0,88614921.0
2026-07-24,3518,柏騰,26.8,26.9,26.1,26.45,252997.0,6673457.0
2026-07-24,3528,安馳,86.3,86.5,83.6,85.1,127211.0,10805814.0
2026-07-24,3530,晶相光,58.0,59.0,57.3,57.5,98462.0,5696923.0
2026-07-24,3532,台勝科,405.0,410.0,379.5,379.5,7975692.0,3119223732.0
2026-07-24,3533,嘉澤,2025.0,2070.0,1940.0,1970.0,763630.0,1519897240.0
2026-07-24,3535,晶彩科,88.0,89.6,86.4,87.1,690129.0,60439661.0
2026-07-24,3543,州巧,28.2,28.4,27.2,27.2,469265.0,12931155.0
2026-07-24,3545,敦泰,47.7,49.7,47.7,49.15,608805.0,29736206.0
2026-07-24,3550,聯穎,22.3,22.55,21.65,21.95,1259540.0,27720984.0
2026-07-24,3557,嘉威,25.95,26.45,25.95,26.45,24861.0,648134.0
2026-07-24,3563,牧德,670.0,694.0,661.0,667.0,670589.0,453558703.0
2026-07-24,3576,聯合再生,17.8,18.7,17.75,18.3,13073723.0,235323602.0
2026-07-24,3583,辛耘,746.0,757.0,708.0,715.0,898968.0,654109278.0
2026-07-24,3588,通嘉,54.7,56.0,54.0,54.7,195824.0,10684519.0
2026-07-24,3591,艾笛森,20.55,21.35,20.25,21.1,816019.0,16989191.0
2026-07-24,3592,瑞鼎,236.0,241.5,234.5,239.0,513759.0,123139839.0
2026-07-24,3593,力銘,13.45,13.85,13.45,13.85,15108.0,206595.0
2026-07-24,3596,智易,186.0,189.0,183.0,185.0,620470.0,115039096.0
2026-07-24,3605,宏致,92.0,95.1,89.8,91.0,7934533.0,731644250.0
2026-07-24,3607,谷崧,14.7,14.8,14.3,14.4,324923.0,4708542.0
2026-07-24,3617,碩天,215.0,217.5,211.0,213.0,309764.0,66308878.0
2026-07-24,3622,洋華,52.9,53.8,52.9,53.6,152731.0,8158211.0
2026-07-24,3645,達邁,69.9,70.2,67.5,67.7,1052011.0,72013811.0
2026-07-24,3652,精聯,37.15,37.15,32.3,32.35,2220160.0,77140038.0
2026-07-24,3653,健策,3650.0,3690.0,3365.0,3430.0,1931238.0,6741549994.0
2026-07-24,3661,世芯-KY,3420.0,3565.0,3380.0,3405.0,1727518.0,5946035840.0
2026-07-24,3665,貿聯-KY,2235.0,2350.0,2190.0,2205.0,3300080.0,7486959665.0
2026-07-24,3669,圓展,37.1,40.7,37.0,40.7,2735032.0,109339010.0
2026-07-24,3673,TPK-KY,64.3,65.1,62.4,62.7,4282831.0,271733915.0
2026-07-24,3679,新至陞,110.0,110.0,108.0,109.5,43927.0,4789868.0
2026-07-24,3686,達能,15.7,15.75,15.25,15.45,116681.0,1803656.0
2026-07-24,3694,海華,61.6,62.7,60.5,60.5,1441556.0,88451667.0
2026-07-24,3701,大眾控,39.5,41.0,38.5,39.3,620516.0,24649259.0
2026-07-24,3702,大聯大,120.5,121.5,117.0,117.5,17465328.0,2076876343.0
2026-07-24,3703,欣陸,20.6,20.8,20.55,20.8,1197718.0,24750454.0
2026-07-24,3704,合勤控,46.0,49.4,45.75,46.8,3688472.0,176337100.0
2026-07-24,3705,永信,53.6,54.3,53.6,54.3,122116.0,6596390.0
2026-07-24,3706,神達,91.2,92.6,91.1,91.3,12679177.0,1165093105.0
2026-07-24,3708,上緯投控,101.0,103.0,99.9,100.0,178286.0,17998733.0
2026-07-24,3711,日月光投控,633.0,636.0,609.0,613.0,17595449.0,10898426618.0
2026-07-24,3712,永崴投控,18.35,18.7,18.2,18.65,935558.0,17311436.0
2026-07-24,3714,富采,53.3,57.2,52.7,54.6,9832448.0,542950498.0
2026-07-24,3715,定穎投控,119.5,121.0,116.0,116.5,5114352.0,604063958.0
2026-07-24,3716,中化控股,33.35,33.5,33.15,33.4,127879.0,4263322.0
2026-07-24,3717,聯嘉投控,22.4,22.75,21.65,21.7,3451668.0,75942267.0
2026-07-24,4104,佳醫,70.5,70.9,70.2,70.9,110825.0,7817824.0
2026-07-24,4106,雃博,24.8,25.0,24.6,24.9,114759.0,2846563.0
2026-07-24,4108,懷特,11.75,11.75,11.55,11.75,165379.0,1919470.0
2026-07-24,4119,旭富,49.6,52.1,49.4,51.9,685941.0,34781747.0
2026-07-24,4133,亞諾法,22.5,22.5,21.4,21.6,595904.0,12945794.0
2026-07-24,4137,麗豐-KY,94.0,94.7,93.7,94.5,135433.0,12767250.0
2026-07-24,4142,國光生,17.1,17.2,16.95,17.05,915569.0,15609333.0
2026-07-24,4148,全宇生技-KY,30.8,31.15,30.65,31.15,18330.0,566303.0
2026-07-24,4155,訊映,15.55,15.55,15.1,15.35,204515.0,3138219.0
2026-07-24,4164,承業醫,27.05,27.35,27.0,27.15,305007.0,8267416.0
2026-07-24,4169,泰宗,247.5,247.5,247.5,247.5,210690.0,52145731.0
2026-07-24,4178,永笙-KY,18.75,19.1,18.6,18.65,221988.0,4165124.0
2026-07-24,4190,佐登-KY,26.05,26.5,25.7,26.5,26402.0,687927.0
2026-07-24,4195,基米-創,16.2,16.2,15.9,16.15,61307.0,982989.0
2026-07-24,4306,炎洲,14.55,14.7,14.55,14.6,746577.0,10911706.0
2026-07-24,4414,如興,8.58,8.58,8.36,8.58,131862.0,1112841.0
2026-07-24,4426,利勤,8.25,8.28,8.25,8.27,58622.0,484652.0
2026-07-24,4438,廣越,60.3,60.8,60.0,60.8,21237.0,1282845.0
2026-07-24,4439,冠星-KY,100.5,100.5,99.5,99.7,19036.0,1901734.0
2026-07-24,4440,宜新實業,17.3,17.5,17.25,17.5,25185.0,435916.0
2026-07-24,4441,振大環球,176.0,177.0,175.0,177.0,44263.0,7806120.0
2026-07-24,4526,東台,31.0,31.8,30.5,30.75,1130534.0,34839106.0
2026-07-24,4532,瑞智,24.35,24.65,24.25,24.4,893086.0,21773875.0
2026-07-24,4536,拓凱,165.0,165.5,162.0,165.5,496525.0,81595599.0
2026-07-24,4540,全球傳動,51.6,52.2,50.4,50.4,714541.0,36479028.0
2026-07-24,4545,銘鈺,33.2,34.0,33.05,33.6,85032.0,2843425.0
2026-07-24,4551,智伸科,186.0,192.0,180.0,184.0,970655.0,179051250.0
2026-07-24,4552,力達-KY,19.05,19.05,18.9,18.95,110222.0,2090947.0
2026-07-24,4555,氣立,45.9,45.9,44.05,45.45,147333.0,6605734.0
2026-07-24,4557,永新-KY,52.5,52.9,52.1,52.6,1011606.0,53207579.0
2026-07-24,4560,強信-KY,31.45,31.5,31.0,31.4,145059.0,4524255.0
2026-07-24,4562,穎漢,31.55,32.6,30.5,31.7,174874.0,5552056.0
2026-07-24,4564,元翎,17.85,18.4,17.65,17.75,1754281.0,31499620.0
2026-07-24,4566,時碩工業,69.7,76.3,68.8,71.3,10700279.0,791466122.0
2026-07-24,4569,六方科-KY,155.0,158.0,152.5,155.5,104652.0,16127071.0
2026-07-24,4571,鈞興-KY,152.5,154.5,150.5,151.5,106686.0,16250133.0
2026-07-24,4572,駐龍,145.0,145.0,143.5,143.5,7475.0,1075514.0
2026-07-24,4576,大銀微系統,194.5,199.5,190.0,191.5,666859.0,129141468.0
2026-07-24,4581,光隆精密-KY,51.0,52.2,50.1,51.2,27334.0,1403421.0
2026-07-24,4582,聚恆-創,28.35,28.65,27.95,28.5,73740.0,2079576.0
2026-07-24,4583,台灣精銳,576.0,589.0,556.0,569.0,96213.0,54549945.0
2026-07-24,4585,達明,300.5,306.5,299.0,300.0,152124.0,45881409.0
2026-07-24,4588,玖鼎電力,51.8,51.8,51.0,51.6,42572.0,2189767.0
2026-07-24,4590,富田-創,87.4,89.2,84.7,86.5,240120.0,20717120.0
2026-07-24,4720,德淵,19.9,20.2,19.75,19.75,476539.0,9480757.0
2026-07-24,4722,國精化,209.5,212.0,197.0,202.5,1236870.0,251248823.0
2026-07-24,4736,泰博,129.5,130.0,128.5,129.5,124915.0,16149462.0
2026-07-24,4737,華廣,55.5,57.0,55.0,56.4,54016.0,3032393.0
2026-07-24,4739,康普,83.5,84.8,81.2,81.8,1078460.0,88964805.0
2026-07-24,4746,台耀,51.4,51.8,50.7,51.2,672730.0,34378903.0
2026-07-24,4755,三福化,122.0,122.0,115.5,116.0,1060967.0,124393227.0
2026-07-24,4763,材料*-KY,49.35,50.4,49.05,50.4,5450325.0,271333591.0
2026-07-24,4764,雙鍵,297.5,320.5,279.5,279.5,3492363.0,1055324585.0
2026-07-24,4766,南寶,327.5,331.0,326.5,330.0,151889.0,49888428.0
2026-07-24,4770,上品,225.0,231.5,225.0,227.5,445559.0,101897629.0
2026-07-24,4771,望隼,185.5,188.0,182.5,183.0,305606.0,56438517.0
2026-07-24,4807,日成-KY,38.1,40.15,37.65,38.1,188785.0,7394812.0
2026-07-24,4904,遠傳,102.0,106.0,102.0,105.5,17373677.0,1820448556.0
2026-07-24,4906,正文,35.0,35.35,34.1,34.1,2694497.0,92912778.0
2026-07-24,4912,聯德控股-KY,84.1,85.5,83.5,84.4,145067.0,12208666.0
2026-07-24,4915,致伸,65.5,66.0,64.9,65.2,2196145.0,143213875.0
2026-07-24,4916,事欣科,103.0,108.0,102.0,103.0,4630010.0,483688079.0
2026-07-24,4919,新唐,138.0,141.0,135.0,135.5,3812199.0,523233588.0
2026-07-24,4927,泰鼎-KY,35.25,35.3,33.6,34.25,2116348.0,72725810.0
2026-07-24,4930,燦星網,16.45,16.45,16.3,16.3,67625.0,1108054.0
2026-07-24,4934,太極,15.2,15.4,14.85,15.25,560482.0,8451452.0
2026-07-24,4935,茂林-KY,35.15,35.7,35.1,35.4,71137.0,2513010.0
2026-07-24,4938,和碩,87.2,90.4,87.0,88.4,20105535.0,1778271148.0
2026-07-24,4942,嘉彰,36.85,36.95,36.75,36.9,73272.0,2698150.0
2026-07-24,4943,康控-KY,8.33,8.89,8.33,8.89,3579.0,30537.0
2026-07-24,4949,有成精密,68.6,70.3,67.2,67.3,409807.0,27956579.0
2026-07-24,4952,凌通,48.9,49.65,48.1,48.85,238017.0,11613573.0
2026-07-24,4956,光鋐,30.3,30.85,29.5,29.75,819584.0,24662089.0
2026-07-24,4958,臻鼎-KY,500.0,510.0,478.0,482.0,33141967.0,16347350717.0
2026-07-24,4960,誠美材,21.55,21.55,20.55,21.0,1797455.0,37848224.0
2026-07-24,4961,天鈺,158.5,163.5,158.5,160.5,257018.0,41427760.0
2026-07-24,4967,十銓,217.0,228.5,215.0,218.5,3743707.0,831197770.0
2026-07-24,4968,立積,98.1,100.0,97.3,97.4,517106.0,50706275.0
2026-07-24,4976,佳凌,31.8,32.0,30.8,30.85,645591.0,20146957.0
2026-07-24,4977,眾達-KY,134.0,147.5,132.0,139.0,8626255.0,1239770543.0
2026-07-24,4989,榮科,69.4,70.3,65.2,65.2,5014971.0,336479621.0
2026-07-24,4994,傳奇,92.9,92.9,90.0,92.7,14161.0,1295620.0
2026-07-24,4999,鑫禾,19.4,19.4,19.25,19.25,29628.0,571685.0
2026-07-24,5007,三星,55.7,56.6,55.4,56.6,52218.0,2914100.0
2026-07-24,5203,訊連,65.4,66.6,65.4,66.6,92291.0,6104157.0
2026-07-24,5215,科嘉-KY,38.9,38.9,38.3,38.3,55238.0,2134755.0
2026-07-24,5222,全訊,114.0,118.0,114.0,115.5,177101.0,20472375.0
2026-07-24,5225,東科-KY,72.6,73.0,72.0,72.7,119274.0,8647248.0
2026-07-24,5234,達興材料,336.0,338.0,329.5,329.5,271138.0,89996436.0
2026-07-24,5236,凌陽創新,148.0,151.5,148.0,150.5,87360.0,13038563.0
2026-07-24,5243,乙盛-KY,88.0,89.0,85.8,86.7,958970.0,83632449.0
2026-07-24,5244,弘凱,31.9,32.8,31.75,31.9,232448.0,7499534.0
2026-07-24,5258,虹堡,53.9,54.2,52.0,52.1,331373.0,17577468.0
2026-07-24,5269,祥碩,1385.0,1405.0,1370.0,1385.0,317954.0,440960945.0
2026-07-24,5283,禾聯碩,52.5,53.9,52.4,53.2,62380.0,3295923.0
2026-07-24,5284,jpp-KY,290.0,293.5,283.0,284.0,293793.0,84297971.0
2026-07-24,5285,界霖,79.0,80.2,76.9,77.5,964564.0,75014673.0
2026-07-24,5288,豐祥-KY,198.5,199.5,193.5,194.0,97706.0,19144610.0
2026-07-24,5292,華懋,164.0,167.5,164.0,165.5,59836.0,9939376.0
2026-07-24,5306,桂盟,91.9,92.9,90.1,90.9,189205.0,17229643.0
2026-07-24,5388,中磊,88.5,90.5,87.9,88.7,3607945.0,321484919.0
2026-07-24,5434,崇越,550.0,562.0,542.0,552.0,560882.0,308647090.0
2026-07-24,5469,瀚宇博,71.4,73.4,71.0,72.0,1546261.0,111833196.0
2026-07-24,5471,松翰,55.7,56.4,53.6,54.8,1532587.0,84254904.0
2026-07-24,5484,慧友,41.55,42.3,40.65,40.65,284144.0,11759644.0
2026-07-24,5515,建國,43.15,44.45,43.1,43.55,607397.0,26568225.0
2026-07-24,5519,隆大,28.15,28.3,27.85,28.15,256091.0,7202877.0
2026-07-24,5521,工信,10.2,10.3,10.1,10.15,1714283.0,17384571.0
2026-07-24,5522,遠雄,65.9,66.7,65.6,65.9,915776.0,60436733.0
2026-07-24,5525,順天,23.0,23.1,22.65,23.1,217668.0,4989323.0
2026-07-24,5531,鄉林,7.7,7.75,7.62,7.75,308033.0,2360958.0
2026-07-24,5533,皇鼎,14.2,14.3,14.1,14.3,117946.0,1675544.0
2026-07-24,5534,長虹,79.8,80.1,79.0,79.9,297764.0,23680988.0
2026-07-24,5538,東明-KY,34.1,34.65,32.35,34.0,66183.0,2219947.0
2026-07-24,5546,永固-KY,17.0,17.0,15.85,15.85,74465.0,1221397.0
2026-07-24,5607,遠雄港,49.9,50.4,49.5,49.8,481015.0,23992658.0
2026-07-24,5608,四維航,13.75,13.85,13.65,13.75,1111832.0,15276650.0
2026-07-24,5706,鳳凰,45.4,45.4,44.9,45.4,151034.0,6812210.0
2026-07-24,5871,中租-KY,119.0,120.5,119.0,120.0,4996263.0,597478050.0
2026-07-24,5876,上海商銀,44.35,46.2,44.35,46.15,21688023.0,988955570.0
2026-07-24,5880,合庫金,25.25,25.7,25.25,25.65,12660730.0,323429743.0
2026-07-24,5906,台南-KY,39.2,39.2,39.2,39.2,4301.0,168586.0
2026-07-24,5907,大洋-KY,4.92,4.92,4.8,4.87,185281.0,894642.0
2026-07-24,6005,群益證,34.35,35.05,34.25,34.8,6712949.0,233225378.0
2026-07-24,6024,群益期,64.3,65.0,64.2,64.9,411909.0,26629717.0
2026-07-24,6108,競國,16.7,16.85,16.65,16.85,476617.0,8013964.0
2026-07-24,6112,邁達特,41.45,41.7,40.85,40.85,187735.0,7720448.0
2026-07-24,6115,鎰勝,45.75,45.95,45.5,45.95,72022.0,3293477.0
2026-07-24,6116,彩晶,14.1,14.15,13.8,13.8,20798676.0,289565259.0
2026-07-24,6117,迎廣,67.3,68.8,67.2,67.5,132474.0,8962473.0
2026-07-24,6120,達運,13.05,13.25,12.8,13.0,1518667.0,19767456.0
2026-07-24,6128,上福,20.4,20.4,20.2,20.3,51321.0,1039903.0
2026-07-24,6133,金橋,20.8,21.25,20.75,20.95,368567.0,7722903.0
2026-07-24,6136,富爾特,24.15,24.7,24.15,24.4,142139.0,3478078.0
2026-07-24,6139,亞翔,900.0,912.0,827.0,840.0,11149772.0,9704446762.0
2026-07-24,6141,柏承,41.0,41.0,38.65,38.65,2519554.0,98204407.0
2026-07-24,6142,友勁,9.72,10.0,9.56,9.73,674350.0,6557111.0
2026-07-24,6152,百一,12.2,12.4,12.0,12.2,497431.0,6040882.0
2026-07-24,6153,嘉聯益,17.0,17.0,16.4,16.6,2601666.0,43182304.0
2026-07-24,6155,鈞寶,56.8,58.2,55.4,55.7,805629.0,45357068.0
2026-07-24,6164,華興,12.45,12.65,12.05,12.15,644176.0,7888175.0
2026-07-24,6165,浪凡,48.8,49.95,48.5,49.95,2787178.0,138884340.0
2026-07-24,6166,凌華,160.5,174.0,160.0,166.5,16885254.0,2805725574.0
2026-07-24,6168,宏齊,23.8,24.4,23.55,23.8,1033772.0,24639952.0
2026-07-24,6176,瑞儀,87.9,88.6,87.1,88.1,2551116.0,224018627.0
2026-07-24,6177,達麗,48.05,48.7,48.05,48.55,745205.0,36074264.0
2026-07-24,6183,關貿,89.8,91.8,89.8,91.8,21559.0,1954164.0
2026-07-24,6184,大豐電,42.7,42.7,42.5,42.6,21560.0,917946.0
2026-07-24,6189,豐藝,49.3,49.5,48.2,48.95,414687.0,20275408.0
2026-07-24,6191,精成科,89.2,93.2,88.5,88.9,3932739.0,356664034.0
2026-07-24,6192,巨路,114.5,116.0,114.0,115.0,85543.0,9832865.0
2026-07-24,6196,帆宣,537.0,550.0,520.0,526.0,948153.0,503913718.0
2026-07-24,6197,佳必琪,314.5,326.5,309.0,310.0,2121015.0,670777378.0
2026-07-24,6201,亞弘電,49.1,49.15,48.7,49.0,20168.0,986898.0
2026-07-24,6202,盛群,55.6,56.4,54.0,54.2,1714405.0,93837289.0
2026-07-24,6205,詮欣,62.9,64.7,60.2,60.2,770979.0,48107783.0
2026-07-24,6206,飛捷,129.0,137.0,128.5,134.0,4517353.0,603173690.0
2026-07-24,6209,今國光,70.7,70.7,67.5,67.7,2890770.0,198385698.0
2026-07-24,6213,聯茂,332.0,337.5,309.5,309.5,18026212.0,5746181601.0
2026-07-24,6214,精誠,140.5,142.0,139.0,139.5,700137.0,98086183.0
2026-07-24,6215,和椿,99.0,101.0,95.8,96.0,777894.0,76233162.0
2026-07-24,6216,居易,22.0,22.05,21.9,22.0,72300.0,1588167.0
2026-07-24,6224,聚鼎,57.4,58.1,55.9,56.0,251777.0,14228426.0
2026-07-24,6225,天瀚,26.0,26.0,24.0,24.0,40495.0,1010076.0
2026-07-24,6226,光鼎,17.85,19.8,17.75,18.8,20403969.0,390912313.0
2026-07-24,6230,尼得科超眾,114.5,116.0,112.0,114.5,44327.0,5053155.0
2026-07-24,6235,華孚,39.2,39.65,38.65,38.7,852598.0,33172635.0
2026-07-24,6239,力成,290.0,291.5,278.5,279.5,15075441.0,4288747244.0
2026-07-24,6243,迅杰,46.9,52.2,46.4,52.2,6751053.0,348001580.0
2026-07-24,6257,矽格,223.0,225.0,215.5,217.0,5858221.0,1284307700.0
2026-07-24,6269,台郡,55.7,55.7,53.6,54.3,2702358.0,146598859.0
2026-07-24,6271,同欣電,195.0,197.0,186.0,189.0,4033141.0,767390586.0
2026-07-24,6272,驊陞,26.35,26.45,25.5,25.55,258549.0,6686946.0
2026-07-24,6277,宏正,78.5,79.2,77.4,78.0,458798.0,35879356.0
2026-07-24,6278,台表科,163.0,165.5,159.0,159.5,2366700.0,382251740.0
2026-07-24,6281,全國電,51.5,53.0,51.3,51.9,50674.0,2616903.0
2026-07-24,6282,康舒,48.4,48.85,47.1,47.15,7084956.0,337550594.0
2026-07-24,6283,淳安,21.0,21.0,20.6,20.85,150582.0,3129026.0
2026-07-24,6285,啟碁,253.5,260.0,249.5,249.5,5106645.0,1293361706.0
2026-07-24,6405,悅城,40.85,41.45,38.8,38.85,1298435.0,51290865.0
2026-07-24,6409,旭隼,988.0,1055.0,981.0,1015.0,853463.0,877326960.0
2026-07-24,6412,群電,81.0,82.1,80.7,81.3,507108.0,41175134.0
2026-07-24,6414,樺漢,494.5,522.0,484.0,500.0,6608312.0,3308362808.0
2026-07-24,6415,矽力*-KY,464.0,484.0,458.0,467.5,2818667.0,1327828480.0
2026-07-24,6416,瑞祺電通,105.0,110.0,103.0,103.5,1161864.0,122943831.0
2026-07-24,6426,統新,166.0,180.0,160.5,164.0,1814746.0,314527089.0
2026-07-24,6431,光麗-KY,16.8,17.2,16.8,17.2,58001.0,983416.0
2026-07-24,6438,迅得,146.0,150.0,143.5,145.0,368179.0,53754789.0
2026-07-24,6442,光聖,1365.0,1475.0,1320.0,1325.0,3658340.0,5112690590.0
2026-07-24,6443,元晶,28.4,29.5,27.85,28.65,4948089.0,140806398.0
2026-07-24,6446,藥華藥,1150.0,1165.0,1120.0,1135.0,1580118.0,1801465215.0
2026-07-24,6449,鈺邦,251.0,252.0,238.5,241.5,732802.0,178978321.0
2026-07-24,6451,訊芯-KY,441.5,484.0,434.0,437.5,4638083.0,2143835246.0
2026-07-24,6456,GIS-KY,66.4,66.8,63.8,64.0,2892253.0,188366683.0
2026-07-24,6464,台數科,77.7,79.4,77.7,79.3,25040.0,1971044.0
2026-07-24,6472,保瑞,398.0,407.0,391.0,392.5,675191.0,267765818.0
2026-07-24,6477,安集,38.3,40.25,37.85,38.85,5892182.0,231012631.0
2026-07-24,6491,晶碩,333.0,337.0,330.0,331.5,203283.0,67491564.0
2026-07-24,6504,南六,38.7,38.8,37.25,38.4,80963.0,3072005.0
2026-07-24,6505,台塑化,97.6,97.9,84.7,85.8,121927129.0,11005165098.0
2026-07-24,6515,穎崴,6480.0,6575.0,6265.0,6295.0,296538.0,1913344270.0
2026-07-24,6525,捷敏-KY,142.5,149.5,140.0,141.5,2244342.0,320640966.0
2026-07-24,6526,達發,577.0,591.0,575.0,587.0,359807.0,210202262.0
2026-07-24,6531,愛普*,870.0,910.0,850.0,858.0,2231391.0,1943728799.0
2026-07-24,6533,晶心科,209.0,221.0,209.0,217.0,889709.0,192840471.0
2026-07-24,6534,正瀚-創,91.4,92.3,91.2,92.2,37574.0,3448992.0
2026-07-24,6541,泰福-KY,39.35,39.95,38.65,38.65,302696.0,11858144.0
2026-07-24,6550,北極星藥業-KY,12.65,12.65,11.9,12.0,894303.0,10842044.0
2026-07-24,6552,易華電,25.4,25.65,25.0,25.3,106516.0,2686743.0
2026-07-24,6558,興能高,27.2,27.9,26.9,27.0,239274.0,6519220.0
2026-07-24,6573,虹揚-KY,21.1,21.1,19.0,19.0,437588.0,8508823.0
2026-07-24,6579,研揚,181.5,186.5,177.0,180.5,4641934.0,845053995.0
2026-07-24,6581,鋼聯,107.0,107.5,106.0,107.0,48218.0,5139522.0
2026-07-24,6582,申豐,32.3,32.3,31.5,32.3,59114.0,1885609.0
2026-07-24,6585,鼎基,128.0,128.0,122.5,122.5,366317.0,45471605.0
2026-07-24,6589,台康生技,45.4,46.25,45.2,45.6,276811.0,12597063.0
2026-07-24,6591,動力-KY,44.25,45.5,44.25,45.3,103550.0,4655861.0
2026-07-24,6592,和潤企業,60.3,61.1,60.1,61.0,386580.0,23448737.0
2026-07-24,6598,ABC-KY,28.8,29.0,27.0,27.7,791646.0,22061904.0
2026-07-24,6605,帝寶,132.0,133.5,131.5,132.5,233358.0,30898001.0
2026-07-24,6606,建德工業,25.8,26.0,24.4,26.0,102666.0,2617692.0
2026-07-24,6614,資拓宏宇,38.5,38.55,38.05,38.55,60804.0,2326088.0
2026-07-24,6625,必應,75.2,75.5,74.6,75.2,100412.0,7540958.0
2026-07-24,6641,基士德-KY,17.8,17.9,17.8,17.85,13050.0,232647.0
2026-07-24,6645,金萬林-創,13.9,13.9,13.4,13.85,76000.0,1039750.0
2026-07-24,6655,科定,115.5,117.5,115.5,117.5,10005.0,1166585.0
2026-07-24,6657,華安,35.3,35.5,33.5,34.0,185897.0,6322596.0
2026-07-24,6658,聯策,160.0,163.5,154.5,156.0,322630.0,50990159.0
2026-07-24,6666,羅麗芬-KY,44.25,44.25,43.7,43.85,15011.0,660136.0
2026-07-24,6668,中揚光,34.65,34.65,33.75,33.95,301950.0,10259924.0
2026-07-24,6669,緯穎,5395.0,5835.0,5375.0,5730.0,3046640.0,17270977515.0
2026-07-24,6670,復盛應用,261.5,269.0,261.5,267.5,395446.0,105610804.0
2026-07-24,6671,三能-KY,22.8,23.2,21.65,21.8,116803.0,2582485.0
2026-07-24,6672,騰輝電子-KY,231.0,243.5,224.0,224.5,3611577.0,839817414.0
2026-07-24,6674,鋐寶科技,15.95,16.15,15.55,16.0,35000.0,555150.0
2026-07-24,6689,伊雲谷,61.4,61.4,60.1,60.7,66959.0,4055413.0
2026-07-24,6691,洋基工程,720.0,734.0,709.0,713.0,513148.0,368952166.0
2026-07-24,6695,芯鼎,52.9,54.8,52.0,52.0,960088.0,51007599.0
2026-07-24,6698,旭暉應材,34.8,35.3,34.1,34.7,115017.0,3984082.0
2026-07-24,6706,惠特,111.0,115.0,108.0,109.0,1845193.0,205511629.0
2026-07-24,6715,嘉基,421.0,463.0,410.5,424.5,1067102.0,462504541.0
2026-07-24,6719,力智,229.0,237.5,226.0,232.5,1565752.0,363950255.0
2026-07-24,6722,輝創,34.15,34.5,33.8,34.5,26065.0,889013.0
2026-07-24,6742,澤米,42.95,44.5,42.55,42.55,477182.0,20609389.0
2026-07-24,6743,安普新,30.1,30.5,30.1,30.5,186712.0,5655909.0
2026-07-24,6753,龍德造船,137.0,146.0,136.5,140.0,3776699.0,532654488.0
2026-07-24,6754,匯僑設計,42.05,43.2,41.5,42.55,26245.0,1102433.0
2026-07-24,6756,威鋒電子,95.9,97.3,94.7,97.0,109276.0,10537013.0
2026-07-24,6757,台灣虎航,55.0,55.1,53.8,54.4,2510579.0,136168306.0
2026-07-24,6768,志強-KY,70.5,70.6,68.6,69.0,448529.0,30956870.0
2026-07-24,6770,力積電,64.1,64.4,61.5,61.6,152851625.0,9560587986.0
2026-07-24,6771,平和環保-創,38.5,39.1,38.05,38.5,65367.0,2513813.0
2026-07-24,6776,展碁國際,54.4,55.0,53.7,54.3,309356.0,16749803.0
2026-07-24,6781,AES-KY,1000.0,1015.0,989.0,989.0,395189.0,394447293.0
2026-07-24,6782,視陽,185.0,186.5,182.0,183.0,275952.0,50621636.0
2026-07-24,6789,采鈺,485.0,493.0,465.0,470.0,1398043.0,664973228.0
2026-07-24,6790,永豐實,38.35,38.8,38.35,38.75,144168.0,5576469.0
2026-07-24,6792,詠業,53.7,53.7,52.6,53.2,55141.0,2931133.0
2026-07-24,6794,向榮生技,77.9,77.9,76.5,77.7,37164.0,2860310.0
2026-07-24,6796,晉弘,58.2,59.9,58.2,58.9,52425.0,3091642.0
2026-07-24,6799,來頡,82.5,84.0,81.2,82.1,202707.0,16709219.0
2026-07-24,6805,富世達,1420.0,1475.0,1405.0,1410.0,794565.0,1138034140.0
2026-07-24,6807,峰源-KY,33.5,33.95,33.3,33.95,9000.0,301950.0
2026-07-24,6830,汎銓,373.0,413.0,363.0,363.5,3272567.0,1263027578.0
2026-07-24,6831,邁科,661.0,690.0,661.0,678.0,229592.0,155409068.0
2026-07-24,6834,天二科技,95.0,96.1,89.7,90.1,2007003.0,185044570.0
2026-07-24,6835,圓裕,31.95,31.95,31.0,31.2,34780.0,1085763.0
2026-07-24,6838,台新藥,23.65,23.85,23.3,23.8,123327.0,2907623.0
2026-07-24,6854,錼創科技-KY創,100.5,101.0,98.8,98.8,295162.0,29448090.0
2026-07-24,6861,睿生光電,214.0,214.0,201.0,206.0,358140.0,73756623.0
2026-07-24,6862,三集瑞-KY,148.0,149.0,142.5,143.0,213229.0,30860886.0
2026-07-24,6863,永道-KY,108.0,118.5,108.0,117.5,726934.0,84147237.0
2026-07-24,6869,雲豹能源,67.7,68.3,66.4,67.0,432322.0,28982059.0
2026-07-24,6873,泓德能源,84.6,85.5,83.4,85.0,225592.0,19042809.0
2026-07-24,6885,全福生技,20.8,20.9,20.55,20.8,229722.0,4752864.0
2026-07-24,6887,寶綠特-KY,38.0,38.55,36.9,37.85,36167.0,1352858.0
2026-07-24,6890,來億-KY,169.0,173.5,168.0,172.5,198467.0,33879635.0
2026-07-24,6901,鑽石投資,17.05,17.1,16.35,16.55,2460177.0,41058298.0
2026-07-24,6902,GOGOLOOK,117.5,120.0,116.0,118.5,68391.0,8033554.0
2026-07-24,6906,現觀科,72.0,72.0,72.0,72.0,2228.0,160388.0
2026-07-24,6908,宏碁遊戲-創,35.0,35.35,35.0,35.35,7734.0,272107.0
2026-07-24,6909,創控,42.95,43.2,41.5,41.7,402606.0,16942203.0
2026-07-24,6914,阜爾運通,145.0,145.5,144.5,145.0,36451.0,5279960.0
2026-07-24,6916,華凌,19.3,20.3,19.3,19.6,57073.0,1129756.0
2026-07-24,6918,愛派司,72.9,72.9,72.0,72.6,18000.0,1300600.0
2026-07-24,6919,康霈*,98.5,101.5,97.5,97.8,3349768.0,330576369.0
2026-07-24,6921,嘉雨思-創,64.8,64.8,63.5,64.4,4000.0,257100.0
2026-07-24,6923,中台,78.0,78.8,78.0,78.8,59176.0,4630959.0
2026-07-24,6924,榮惠-KY創,103.5,103.5,102.5,103.0,8000.0,824500.0
2026-07-24,6928,攸泰科技,52.2,56.9,51.9,53.6,622816.0,33944494.0
2026-07-24,6931,青松健康,39.3,39.35,38.9,39.25,39168.0,1533041.0
2026-07-24,6933,AMAX-KY,167.5,173.0,165.0,165.0,753009.0,127828935.0
2026-07-24,6934,心誠鎂,76.4,79.7,76.2,79.0,17300.0,1346400.0
2026-07-24,6936,永鴻生技,31.7,31.85,31.5,31.75,41148.0,1303080.0
2026-07-24,6937,天虹,289.0,303.5,280.5,290.0,869439.0,254107682.0
2026-07-24,6944,兆聯實業,809.0,834.0,783.0,786.0,1024430.0,820711274.0
2026-07-24,6947,台鎔科技,78.5,85.2,78.5,80.0,1989306.0,163303775.0
2026-07-24,6949,沛爾生醫-創,1015.0,1065.0,992.0,992.0,177670.0,181809129.0
2026-07-24,6951,青新-創,71.7,72.0,71.7,72.0,12351.0,888456.0
2026-07-24,6952,大武山,35.4,35.5,34.6,35.5,36006.0,1263612.0
2026-07-24,6955,邦睿生技-創,114.5,115.5,114.5,115.5,3000.0,344500.0
2026-07-24,6957,裕慶-KY,243.0,244.5,227.0,240.0,350476.0,82882982.0
2026-07-24,6958,日盛台駿,17.65,17.95,17.35,17.95,49010.0,865273.0
2026-07-24,6962,奕力-KY,32.6,33.1,32.5,32.6,1227151.0,40064251.0
2026-07-24,6965,中傑-KY,78.0,78.8,77.2,77.2,31028.0,2407464.0
2026-07-24,6969,成信實業*-創,38.55,38.55,38.55,38.55,1417973.0,54662848.0
2026-07-24,6988,威力暘-創,12.65,12.85,12.6,12.85,14000.0,177700.0
2026-07-24,6994,富威電力,40.55,41.1,39.8,40.0,404472.0,16325415.0
2026-07-24,7610,聯友金屬-創,1655.0,1785.0,1650.0,1660.0,1438190.0,2449403160.0
2026-07-24,7631,聚賢研發-創,137.0,140.0,137.0,139.0,134150.0,18539722.0
2026-07-24,7705,三商餐飲,30.55,30.55,30.4,30.55,24758.0,755488.0
2026-07-24,7711,永擎,302.5,303.5,295.0,297.0,127333.0,37936021.0
2026-07-24,7721,微程式,64.3,64.3,62.0,62.5,99381.0,6268160.0
2026-07-24,7722,LINEPAY,297.0,297.0,290.5,291.5,80197.0,23470170.0
2026-07-24,7730,暉盛-創,173.0,173.0,162.0,166.5,46276.0,7696861.0
2026-07-24,7732,金興精密,35.35,35.8,35.35,35.8,10000.0,355500.0
2026-07-24,7736,虎山,70.6,70.6,69.8,70.4,21017.0,1474594.0
2026-07-24,7740,熙特爾-創,142.5,145.0,140.5,142.0,320279.0,45572468.0
2026-07-24,7749,意騰-KY,357.0,362.0,354.0,355.5,90216.0,32250192.0
2026-07-24,7750,新代,2155.0,2155.0,2015.0,2025.0,138605.0,285706025.0
2026-07-24,7760,享溫馨,34.15,34.85,34.1,34.85,17001.0,588533.0
2026-07-24,7765,中華資安,226.0,228.5,226.0,227.0,46721.0,10610715.0
2026-07-24,7768,頌勝科技,288.5,289.5,275.5,279.0,163388.0,45967173.0
2026-07-24,7769,鴻勁,6450.0,6450.0,6035.0,6055.0,630474.0,3900384285.0
2026-07-24,7780,大研生醫*,17.25,17.35,17.2,17.35,675664.0,11671013.0
2026-07-24,7786,東方風能,129.5,130.0,126.5,127.0,188643.0,24103763.0
2026-07-24,7788,松川精密,228.5,229.0,205.5,207.0,1891942.0,400259985.0
2026-07-24,7791,皇家可口,62.1,62.1,61.3,61.9,36414.0,2243291.0
2026-07-24,7795,長廣,404.5,405.5,385.0,392.5,500735.0,197894083.0
2026-07-24,7799,禾榮科,400.0,407.0,392.5,399.5,301915.0,120441444.0
2026-07-24,7803,雲象科技-創,20.5,21.2,20.5,21.15,79415.0,1652682.0
2026-07-24,7818,溢泰實業,68.1,68.5,67.1,68.0,109622.0,7428481.0
2026-07-24,7821,神數,40.25,40.8,40.25,40.8,126767.0,5134812.0
2026-07-24,7822,倍利科,870.0,907.0,850.0,857.0,229661.0,201031160.0
2026-07-24,7823,奧義賽博-KY創,83.2,83.2,82.0,83.1,10235.0,846389.0
2026-07-24,7827,漢康-KY創,146.0,146.0,134.5,140.0,854103.0,117774541.0
2026-07-24,7835,永悅健康-創,49.1,50.0,37.9,39.95,1010424.0,47229001.0
2026-07-24,8011,台通,16.35,16.55,16.0,16.2,1181611.0,19179532.0
2026-07-24,8016,矽創,292.0,305.0,292.0,294.0,826044.0,245774212.0
2026-07-24,8021,尖點,396.0,417.0,367.5,370.0,8366374.0,3261131522.0
2026-07-24,8028,昇陽半導體,296.5,306.0,295.0,300.5,964819.0,290922702.0
2026-07-24,8033,雷虎,187.0,194.5,182.0,187.0,20294284.0,3817739298.0
2026-07-24,8039,台虹,251.5,257.5,235.0,240.0,56202359.0,13860494331.0
2026-07-24,8045,達運光電,61.1,63.0,60.5,61.0,214742.0,13181017.0
2026-07-24,8046,南電,1215.0,1230.0,1110.0,1110.0,11188398.0,12828762965.0
2026-07-24,8070,長華*,47.9,49.0,47.5,47.7,2084979.0,100167828.0
2026-07-24,8072,陞泰,27.05,27.1,26.6,26.6,134296.0,3594645.0
2026-07-24,8081,致新,247.0,267.0,247.0,262.0,2189543.0,570823130.0
2026-07-24,8101,華冠,12.9,13.25,12.9,13.25,7147.0,92666.0
2026-07-24,8103,瀚荃,78.7,80.5,78.2,78.6,328285.0,25922329.0
2026-07-24,8104,錸寶,33.15,33.75,32.9,32.9,399059.0,13220320.0
2026-07-24,8105,凌巨,17.0,17.35,16.8,16.9,1910986.0,32496085.0
2026-07-24,8110,華東,42.0,42.3,40.8,40.9,3877713.0,160324787.0
2026-07-24,8112,至上,87.1,91.7,87.1,88.3,26708820.0,2400695232.0
2026-07-24,8114,振樺電,231.0,250.0,223.0,230.0,5050679.0,1196779412.0
2026-07-24,8131,福懋科,67.5,67.9,64.4,64.6,5531060.0,363056755.0
2026-07-24,8150,南茂,96.5,97.0,90.5,90.8,48956287.0,4566599382.0
2026-07-24,8162,微矽電子-創,61.3,61.6,59.0,59.6,108878.0,6529593.0
2026-07-24,8163,達方,32.45,32.45,31.5,31.9,955950.0,30532247.0
2026-07-24,8201,無敵,12.25,12.25,12.0,12.15,48033.0,579495.0
2026-07-24,8210,勤誠,1150.0,1170.0,1075.0,1095.0,1862424.0,2054219715.0
2026-07-24,8213,志超,31.5,31.85,31.25,31.45,253477.0,7988417.0
2026-07-24,8215,明基材,24.85,24.85,24.1,24.15,652428.0,15892066.0
2026-07-24,8222,寶一,38.45,41.0,38.3,38.9,3979641.0,158098393.0
2026-07-24,8249,菱光,43.5,43.65,42.5,42.75,262438.0,11270962.0
2026-07-24,8261,富鼎,221.5,234.0,215.5,217.0,2309202.0,509925292.0
2026-07-24,8271,宇瞻,211.0,223.0,204.0,212.5,14806388.0,3165378416.0
2026-07-24,8341,日友,76.0,77.2,76.0,77.0,258485.0,19854187.0
2026-07-24,8367,建新國際,40.5,40.55,40.5,40.55,14001.0,567590.0
2026-07-24,8374,羅昇,78.1,80.7,77.0,77.3,346195.0,27270097.0
2026-07-24,8404,百和興業-KY,16.8,16.9,16.2,16.65,409041.0,6782973.0
2026-07-24,8411,福貞-KY,13.1,13.1,12.8,13.1,174439.0,2262290.0
2026-07-24,8422,可寧衛*,26.2,26.35,25.9,26.0,3340099.0,86930403.0
2026-07-24,8429,金麗-KY,6.1,6.11,6.05,6.1,92770.0,564187.0
2026-07-24,8438,昶昕,68.4,68.4,65.0,65.0,350322.0,23140008.0
2026-07-24,8442,威宏-KY,45.8,46.1,45.2,46.05,103168.0,4730693.0
2026-07-24,8443,阿瘦,11.35,11.4,11.3,11.4,9325.0,105858.0
2026-07-24,8454,富邦媒,244.0,244.0,235.0,238.5,748976.0,177918772.0
2026-07-24,8462,柏文,153.0,158.0,153.0,155.5,88248.0,13699252.0
2026-07-24,8463,潤泰材,21.05,21.4,21.0,21.4,35149.0,743593.0
2026-07-24,8464,億豐,363.0,372.0,363.0,370.0,415208.0,152870432.0
2026-07-24,8466,美吉吉-KY,17.6,17.6,16.4,17.1,106000.0,1811900.0
2026-07-24,8467,波力-KY,100.5,103.0,99.5,103.0,13036.0,1315836.0
2026-07-24,8473,山林水,43.9,44.75,43.9,44.25,316184.0,13982601.0
2026-07-24,8476,台境*,24.2,24.2,22.15,23.25,2318564.0,53001182.0
2026-07-24,8478,東哥遊艇,151.0,151.0,148.5,149.0,138786.0,20742190.0
2026-07-24,8481,政伸,40.0,40.25,39.75,40.25,14170.0,565899.0
2026-07-24,8482,商億-KY,48.3,49.85,47.8,49.85,7196.0,353667.0
2026-07-24,8487,愛爾達-創,76.3,76.3,75.4,75.4,31257.0,2363439.0
2026-07-24,8488,吉源-KY,10.35,10.35,9.95,10.25,14000.0,141850.0
2026-07-24,8499,鼎炫-KY,264.5,267.0,263.0,264.0,45255.0,11969748.0
2026-07-24,8926,台汽電,64.0,65.8,63.7,64.7,3509973.0,227528836.0
2026-07-24,8940,新天地,16.0,16.0,15.9,16.0,41182.0,657578.0
2026-07-24,8996,高力,1055.0,1105.0,1000.0,1005.0,2181789.0,2275825095.0
2026-07-24,9103,美德醫療-DR,5.73,5.73,5.37,5.38,2891709.0,15824574.0
2026-07-24,9105,泰金寶-DR,8.61,8.68,8.43,8.44,15351692.0,130839000.0
2026-07-24,9110,越南控-DR,0.0,0.0,0.0,0.0,0,0
2026-07-24,9136,巨騰-DR,11.0,11.1,10.85,11.1,245391.0,2692771.0
2026-07-24,9802,鈺齊-KY,72.0,72.6,71.2,71.9,1398044.0,100223926.0
2026-07-24,9902,台火,13.6,13.8,13.6,13.75,55784.0,763086.0
2026-07-24,9904,寶成,24.3,24.6,24.3,24.4,11376574.0,278046264.0
2026-07-24,9905,大華,20.6,20.65,20.55,20.65,92770.0,1911229.0
2026-07-24,9906,欣巴巴,40.8,40.8,39.55,40.65,47244.0,1898004.0
2026-07-24,9907,統一實,15.05,15.15,15.05,15.15,2385456.0,36004084.0
2026-07-24,9908,大台北,29.3,29.35,29.0,29.35,251368.0,7338880.0
2026-07-24,9910,豐泰,68.2,69.0,67.8,68.5,995200.0,68095593.0
2026-07-24,9911,櫻花,82.8,83.0,82.1,82.6,250790.0,20663010.0
2026-07-24,9912,偉聯,12.5,12.65,12.5,12.65,19387.0,241631.0
2026-07-24,9914,美利達,78.2,80.0,77.4,78.9,2221801.0,174807981.0
2026-07-24,9917,中保科,109.0,110.5,108.0,110.0,774330.0,84850840.0
2026-07-24,9918,欣天然,43.0,43.4,42.3,43.35,86666.0,3715958.0
2026-07-24,9919,康那香,14.75,14.8,14.2,14.3,1284743.0,18476399.0
2026-07-24,9921,巨大,84.3,89.8,83.8,88.7,4590270.0,404045892.0
2026-07-24,9924,福興,39.6,39.8,39.4,39.8,143427.0,5674178.0
2026-07-24,9925,新保,39.65,40.25,39.65,40.2,1418656.0,56754670.0
2026-07-24,9926,新海,49.3,49.65,49.0,49.65,29648.0,1462250.0
2026-07-24,9927,泰銘,69.2,69.7,68.9,69.7,61266.0,4244051.0
2026-07-24,9928,中視,18.2,18.2,18.15,18.15,14125.0,256760.0
2026-07-24,9929,秋雨,11.35,11.7,11.35,11.5,8196.0,94501.0
2026-07-24,9930,中聯資源,62.9,63.4,62.6,63.4,72249.0,4551048.0
2026-07-24,9931,欣高,34.3,34.3,33.85,34.15,46655.0,1586572.0
2026-07-24,9933,中鼎,40.35,40.5,39.75,40.05,1402120.0,56092202.0
2026-07-24,9934,成霖,10.6,10.8,10.55,10.65,631999.0,6711584.0
2026-07-24,9935,慶豐富,19.55,19.7,19.3,19.4,382440.0,7462265.0
2026-07-24,9937,全國,54.7,55.1,54.0,55.1,49706.0,2716489.0
2026-07-24,9938,百和,47.0,47.2,46.6,46.8,1545679.0,72538224.0
2026-07-24,9939,宏全,129.5,131.0,129.0,129.5,1374732.0,178752868.0
2026-07-24,9940,信義,20.1,20.3,19.95,20.25,482791.0,9710524.0
2026-07-24,9941,裕融,81.7,82.5,81.3,81.7,824111.0,67344733.0
2026-07-24,9942,茂順,124.0,124.0,122.5,124.0,73856.0,9096928.0
2026-07-24,9943,好樂迪,52.8,53.0,52.5,53.0,61205.0,3219927.0
2026-07-24,9944,新麗,17.9,17.9,17.75,17.9,29667.0,530367.0
2026-07-24,9945,潤泰新,26.0,26.45,25.9,26.1,4547178.0,118610157.0
2026-07-24,9946,三發地產,17.9,18.1,17.85,17.95,382094.0,6843457.0
2026-07-24,9955,佳龍,24.05,24.3,23.85,24.05,112121.0,2696828.0
2026-07-24,9958,世紀鋼,110.0,113.0,110.0,110.5,1141338.0,126834612.0
2026-07-24,_TAIEX,加權指數,43654.84,43654.84,43654.84,43654.84,0,0
2026-07-27,0050,元大台灣50,101.3,101.6,100.05,101.45,109612623.0,11048530094.0
2026-07-27,0051,元大中型100,136.5,137.0,135.0,137.0,64873.0,8826424.0
2026-07-27,0052,富邦科技,59.2,59.45,58.5,59.3,16021621.0,944859467.0
2026-07-27,0053,元大電子,227.05,227.15,224.2,227.15,27598.0,6223817.0
2026-07-27,0055,元大MSCI金融,42.5,43.3,42.5,43.29,505994.0,21780464.0
2026-07-27,0056,元大高股息,50.15,50.25,49.32,50.0,58413669.0,2905590148.0
2026-07-27,0057,富邦摩台,299.95,301.95,299.95,301.4,9949.0,3001897.0
2026-07-27,0061,元大寶滬深,24.82,25.0,24.8,24.83,32577.0,812502.0
2026-07-27,1101,台泥,24.05,24.5,23.9,24.4,34575401.0,837862024.0
2026-07-27,1102,亞泥,33.1,33.15,32.7,33.1,7626983.0,251265618.0
2026-07-27,1103,嘉泥,13.25,13.5,13.15,13.25,1012756.0,13500544.0
2026-07-27,1104,環泥,26.95,26.95,26.65,26.7,342822.0,9182595.0
2026-07-27,1108,幸福,12.2,12.2,12.0,12.1,420553.0,5069666.0
2026-07-27,1109,信大,13.8,13.85,13.8,13.8,94979.0,1312014.0
2026-07-27,1110,東泥,16.0,16.05,15.85,16.0,165217.0,2637209.0
2026-07-27,1201,味全,12.55,12.55,12.25,12.3,271708.0,3346783.0
2026-07-27,1203,味王,46.8,47.2,46.65,47.2,26590.0,1248353.0
2026-07-27,1210,大成,57.8,58.2,57.7,58.1,1314861.0,76273523.0
2026-07-27,1213,大飲,7.24,7.24,7.24,7.24,13000.0,94120.0
2026-07-27,1215,卜蜂,109.5,109.5,105.0,105.5,2103261.0,223731851.0
2026-07-27,1216,統一,78.7,79.0,77.1,77.1,14204632.0,1105274881.0
2026-07-27,1217,愛之味,9.98,9.99,9.92,9.98,362191.0,3605438.0
2026-07-27,1218,泰山,16.05,16.05,15.7,15.8,2056284.0,32623019.0
2026-07-27,1219,福壽,11.85,11.85,11.6,11.65,467478.0,5443274.0
2026-07-27,1220,台榮,11.4,11.4,11.25,11.3,68788.0,777140.0
2026-07-27,1225,福懋油,26.65,26.75,26.1,26.65,116829.0,3096084.0
2026-07-27,1227,佳格,29.4,29.5,29.2,29.2,639751.0,18758967.0
2026-07-27,1229,聯華,42.5,42.6,41.25,41.7,2457267.0,102291142.0
2026-07-27,1231,聯華食,93.5,93.5,91.0,91.0,498921.0,45867428.0
2026-07-27,1232,大統益,154.0,155.0,152.5,153.5,326587.0,50187729.0
2026-07-27,1233,天仁,29.05,29.05,29.0,29.05,11075.0,321528.0
2026-07-27,1234,黑松,33.7,33.9,33.65,33.8,101453.0,3425456.0
2026-07-27,1235,興泰,36.4,37.0,36.1,37.0,26136.0,950511.0
2026-07-27,1236,宏亞,23.55,23.55,23.35,23.5,39604.0,930921.0
2026-07-27,1256,鮮活果汁-KY,184.0,184.5,182.5,184.5,18420.0,3377837.0
2026-07-27,1301,台塑,62.3,62.5,59.8,61.7,38166047.0,2320378747.0
2026-07-27,1303,南亞,173.5,179.0,166.0,174.0,73302929.0,12565069553.0
2026-07-27,1304,台聚,12.7,12.75,11.95,12.25,8605507.0,104853999.0
2026-07-27,1305,華夏,12.35,12.35,11.65,11.85,4496561.0,53364475.0
2026-07-27,1307,三芳,32.05,32.1,31.3,31.45,664632.0,21032986.0
2026-07-27,1308,亞聚,14.0,14.0,13.15,13.3,3962019.0,52903762.0
2026-07-27,1309,台達化,14.5,14.55,13.65,13.85,5854437.0,81825818.0
2026-07-27,1310,台苯,8.97,9.01,8.97,8.97,5645505.0,50646198.0
2026-07-27,1312,國喬,12.95,12.95,11.95,12.25,22772734.0,280464498.0
2026-07-27,1313,聯成,11.8,11.8,11.1,11.3,7217422.0,81684498.0
2026-07-27,1314,中石化,8.21,8.21,7.92,8.04,34383429.0,275833361.0
2026-07-27,1315,達新,63.7,64.5,63.6,64.5,21582.0,1377898.0
2026-07-27,1316,上曜,10.25,10.25,10.1,10.15,566633.0,5745193.0
2026-07-27,1319,東陽,72.7,73.1,72.0,73.0,1490892.0,107900331.0
2026-07-27,1321,大洋,32.2,32.6,32.2,32.55,243829.0,7911990.0
2026-07-27,1323,永裕,19.75,19.95,19.7,19.9,28638.0,568656.0
2026-07-27,1324,地球,10.15,10.35,10.15,10.35,44706.0,459690.0
2026-07-27,1325,恆大,27.85,28.75,27.35,27.75,959336.0,26673515.0
2026-07-27,1326,台化,65.9,67.4,62.6,65.0,50802490.0,3271850457.0
2026-07-27,1337,再生-KY,4.86,4.86,4.76,4.79,444641.0,2134459.0
2026-07-27,1338,廣華-KY,15.7,15.7,15.35,15.5,79722.0,1234048.0
2026-07-27,1339,昭輝,44.3,44.9,43.95,44.55,59782.0,2657872.0
2026-07-27,1340,勝悅-KY,5.3,5.31,5.25,5.28,81177.0,427740.0
2026-07-27,1341,富林-KY,58.7,58.7,58.7,58.7,1001.0,58759.0
2026-07-27,1342,八貫,110.0,110.5,108.0,110.0,373344.0,40815025.0
2026-07-27,1402,遠東新,27.45,27.7,27.4,27.45,16657114.0,458976516.0
2026-07-27,1409,新纖,23.0,23.1,22.1,22.6,13283092.0,299004368.0
2026-07-27,1410,南染,26.4,27.45,25.75,25.85,257591.0,6752075.0
2026-07-27,1413,宏洲,10.0,11.3,10.0,11.0,1026254.0,11126124.0
2026-07-27,1414,東和,17.8,18.3,17.7,18.3,493722.0,8794547.0
2026-07-27,1416,廣豐,10.95,10.95,10.85,10.95,316490.0,3441885.0
2026-07-27,1417,嘉裕,8.53,8.53,8.33,8.39,78278.0,657257.0
2026-07-27,1418,東華,18.5,18.7,18.5,18.7,4850.0,89883.0
2026-07-27,1419,新紡,67.0,69.7,66.7,69.5,306191.0,20913351.0
2026-07-27,1423,利華,35.65,35.7,35.4,35.7,17058.0,607871.0
2026-07-27,1432,大魯閣,15.0,15.05,14.95,15.05,101795.0,1527396.0
2026-07-27,1434,福懋,19.1,19.1,18.2,18.5,5906076.0,108967349.0
2026-07-27,1435,中福,25.5,25.5,25.5,25.5,20257.0,516550.0
2026-07-27,1436,華友聯,38.15,38.15,36.95,37.3,689696.0,25664105.0
2026-07-27,1437,勤益控,30.9,30.9,30.55,30.9,161631.0,4973836.0
2026-07-27,1438,三地開發,22.3,22.3,21.5,22.05,35066.0,768024.0
2026-07-27,1439,雋揚,26.8,27.2,26.65,26.75,19000.0,510400.0
2026-07-27,1440,南紡,12.8,12.8,12.6,12.7,1223966.0,15503151.0
2026-07-27,1441,大東,8.97,9.08,8.97,9.08,10880.0,98415.0
2026-07-27,1442,名軒,29.9,30.45,29.65,30.35,903694.0,27251584.0
2026-07-27,1443,立益物流,27.0,27.0,26.0,26.35,7274.0,191575.0
2026-07-27,1444,力麗,7.9,7.9,7.68,7.73,1569799.0,12135733.0
2026-07-27,1445,大宇,10.75,10.85,10.65,10.65,24169.0,259201.0
2026-07-27,1446,宏和,14.05,14.35,14.0,14.05,330260.0,4673608.0
2026-07-27,1447,力鵬,7.5,7.53,7.0,7.34,2064727.0,15032929.0
2026-07-27,1449,佳和,12.7,12.75,12.6,12.7,246631.0,3124085.0
2026-07-27,1451,年興,17.4,17.4,17.25,17.4,118695.0,2056847.0
2026-07-27,1452,宏益,11.65,11.65,11.5,11.6,85438.0,988632.0
2026-07-27,1453,大將,11.3,11.35,11.2,11.25,19762.0,222327.0
2026-07-27,1454,台富,12.75,12.75,12.3,12.65,22010.0,274500.0
2026-07-27,1455,集盛,9.16,9.16,8.93,8.96,532414.0,4794601.0
2026-07-27,1456,怡華,13.35,14.05,13.35,13.9,134828.0,1846772.0
2026-07-27,1457,宜進,14.3,14.4,14.2,14.35,85255.0,1218402.0
2026-07-27,1460,宏遠,6.94,6.94,6.84,6.88,229479.0,1576176.0
2026-07-27,1463,強盛新,17.9,18.0,17.8,17.85,66182.0,1183640.0
2026-07-27,1464,得力,10.4,10.5,10.3,10.45,466395.0,4838853.0
2026-07-27,1465,偉全,13.05,13.05,12.75,12.85,87913.0,1129873.0
2026-07-27,1466,聚隆,16.9,16.9,16.2,16.65,483882.0,7966418.0
2026-07-27,1467,南緯,10.3,10.55,9.99,10.15,950201.0,9713282.0
2026-07-27,1468,昶和,13.1,13.2,12.85,13.15,46104.0,602762.0
2026-07-27,1470,大統新創,22.85,22.85,22.8,22.8,3000.0,68500.0
2026-07-27,1471,首利,9.9,9.9,9.51,9.79,260744.0,2507702.0
2026-07-27,1472,三洋實業,89.4,89.4,89.4,89.4,1001.0,89491.0
2026-07-27,1473,台南,20.35,20.35,20.0,20.15,46851.0,942942.0
2026-07-27,1474,弘裕,10.55,10.55,10.35,10.4,44869.0,466165.0
2026-07-27,1475,業旺,26.65,27.35,26.6,27.3,12613.0,341123.0
2026-07-27,1476,儒鴻,339.0,341.5,333.0,341.5,1070035.0,362863543.0
2026-07-27,1477,聚陽,215.0,218.0,214.5,218.0,776880.0,168411137.0
2026-07-27,1503,士電,207.0,207.0,199.0,202.0,1212046.0,244598660.0
2026-07-27,1504,東元,66.8,67.9,64.5,67.5,8006517.0,528109043.0
2026-07-27,1506,正道,10.8,10.8,10.55,10.75,141102.0,1504285.0
2026-07-27,1512,瑞利,6.87,6.89,6.63,6.85,16231.0,110243.0
2026-07-27,1513,中興電,159.0,159.0,155.5,158.5,2307700.0,361786064.0
2026-07-27,1514,亞力,107.0,107.0,103.5,105.5,1409202.0,148197324.0
2026-07-27,1515,力山,33.45,33.8,32.1,32.45,2638770.0,85990625.0
2026-07-27,1516,川飛,15.8,16.0,15.8,16.0,8285.0,131251.0
2026-07-27,1517,利奇,11.35,12.35,11.3,11.7,1749052.0,20564486.0
2026-07-27,1519,華城,712.0,727.0,704.0,727.0,1234154.0,881430858.0
2026-07-27,1521,大億,25.0,25.55,24.65,25.25,15581.0,388916.0
2026-07-27,1522,堤維西,28.0,28.2,27.65,28.2,317129.0,8867384.0
2026-07-27,1524,耿鼎,26.0,26.45,25.95,26.3,393831.0,10312123.0
2026-07-27,1525,江申,66.8,66.8,66.8,66.8,3086.0,206165.0
2026-07-27,1526,日馳,16.1,17.7,16.1,17.7,1210367.0,21312620.0
2026-07-27,1527,鑽全,33.6,34.05,33.6,34.0,194338.0,6582446.0
2026-07-27,1528,恩德,19.1,19.25,18.6,19.05,904448.0,17039183.0
2026-07-27,1529,樂事綠能,18.65,18.65,18.2,18.25,343534.0,6285770.0
2026-07-27,1530,亞崴,28.8,29.15,28.1,28.45,141973.0,4041387.0
2026-07-27,1531,高林股,13.05,13.1,12.95,13.1,73702.0,958145.0
2026-07-27,1532,勤美,23.35,23.4,22.8,22.9,1279704.0,29499560.0
2026-07-27,1533,車王電,33.15,33.65,33.15,33.55,130253.0,4351099.0
2026-07-27,1535,中宇,46.05,46.05,45.7,45.75,45160.0,2071309.0
2026-07-27,1536,和大,51.1,51.1,49.1,49.75,1378531.0,68620195.0
2026-07-27,1537,廣隆,127.0,129.5,127.0,127.5,159244.0,20424954.0
2026-07-27,1538,正峰,9.9,10.0,9.9,10.0,7002.0,69768.0
2026-07-27,1539,巨庭,16.3,16.45,16.2,16.25,86224.0,1407705.0
2026-07-27,1540,喬福,21.7,21.7,21.25,21.35,206551.0,4405684.0
2026-07-27,1541,錩泰,22.0,22.15,21.6,22.0,21020.0,461390.0
2026-07-27,1558,伸興,90.2,90.2,89.1,89.5,27161.0,2437190.0
2026-07-27,1560,中砂,669.0,701.0,664.0,690.0,1626831.0,1114609787.0
2026-07-27,1563,巧新,62.0,62.0,60.6,62.0,519874.0,31905030.0
2026-07-27,1568,倉佑,28.55,28.8,28.0,28.6,352350.0,9989789.0
2026-07-27,1582,信錦,69.8,70.0,68.0,69.4,582169.0,39982966.0
2026-07-27,1583,程泰,50.0,50.1,49.9,49.9,4269.0,213245.0
2026-07-27,1587,吉茂,25.05,26.0,24.85,25.3,244646.0,6216137.0
2026-07-27,1590,亞德客-KY,1425.0,1450.0,1405.0,1440.0,591631.0,846314120.0
2026-07-27,1597,直得,125.0,129.0,122.0,128.5,537024.0,67378780.0
2026-07-27,1598,岱宇,19.9,19.9,19.4,19.6,109061.0,2132739.0
2026-07-27,1603,華電,29.3,29.35,28.9,29.3,83541.0,2430895.0
2026-07-27,1604,聲寶,23.3,23.4,23.25,23.3,250634.0,5849411.0
2026-07-27,1605,華新,33.45,33.75,31.9,32.65,21226767.0,690019099.0
2026-07-27,1608,華榮,30.3,30.3,28.95,29.5,1914939.0,56513972.0
2026-07-27,1609,大亞,37.35,37.35,35.9,36.4,2796284.0,101501107.0
2026-07-27,1611,中電,12.0,12.05,11.85,11.95,457053.0,5456963.0
2026-07-27,1612,宏泰,31.1,31.3,30.9,31.15,469637.0,14595381.0
2026-07-27,1614,三洋電,31.1,31.15,30.9,31.05,31325.0,973620.0
2026-07-27,1615,大山,42.9,43.5,42.7,43.25,89887.0,3865141.0
2026-07-27,1616,億泰,19.2,19.4,19.05,19.25,257990.0,4952922.0
2026-07-27,1617,榮星,17.7,18.15,17.3,17.95,592509.0,10448546.0
2026-07-27,1618,合機,38.0,38.8,37.95,38.8,555573.0,21268907.0
2026-07-27,1623,大東電,218.0,219.0,215.0,219.0,83178.0,18048581.0
2026-07-27,1626,艾美特-KY,10.0,10.05,9.92,9.99,37295.0,371632.0
2026-07-27,1702,南僑,33.55,33.55,33.2,33.3,163171.0,5441902.0
2026-07-27,1707,葡萄王,91.5,91.6,90.5,90.8,233890.0,21256252.0
2026-07-27,1708,東鹼,53.5,53.5,50.9,52.5,2262044.0,117993174.0
2026-07-27,1709,和益,26.55,27.0,25.75,25.95,2492999.0,65033596.0
2026-07-27,1710,東聯,15.6,15.6,14.2,14.65,12235003.0,180127814.0
2026-07-27,1711,永光,35.8,36.0,34.25,35.4,5055701.0,176382204.0
2026-07-27,1712,興農,39.35,39.5,39.1,39.35,593385.0,23327594.0
2026-07-27,1713,國化,48.55,48.55,47.95,48.0,121858.0,5857912.0
2026-07-27,1714,和桐,14.8,14.95,14.05,14.45,16338477.0,234450302.0
2026-07-27,1717,長興,61.4,61.5,59.2,61.3,8276301.0,498754376.0
2026-07-27,1718,中纖,10.8,10.8,10.0,10.25,47617285.0,488086994.0
2026-07-27,1720,生達,56.7,57.6,56.4,57.4,422471.0,24108778.0
2026-07-27,1721,三晃,20.35,21.35,20.35,21.05,553834.0,11480425.0
2026-07-27,1722,台肥,46.45,46.9,46.35,46.7,1634982.0,76218091.0
2026-07-27,1723,中碳,88.9,88.9,85.3,86.4,752271.0,64720550.0
2026-07-27,1725,元禎,29.95,29.95,29.15,29.8,34140.0,1004313.0
2026-07-27,1726,永記,76.0,76.8,76.0,76.7,41164.0,3147326.0
2026-07-27,1727,中華化,75.8,76.6,73.1,76.0,1383579.0,103210821.0
2026-07-27,1730,花仙子,51.9,51.9,51.5,51.6,35231.0,1818457.0
2026-07-27,1731,美吾華,20.65,20.65,20.55,20.65,1176728.0,24186222.0
2026-07-27,1732,毛寶,28.35,28.4,27.15,27.35,585850.0,16159237.0
2026-07-27,1733,五鼎,32.05,32.3,31.8,32.2,129237.0,4145057.0
2026-07-27,1734,杏輝,31.4,31.75,31.1,31.55,279208.0,8764566.0
2026-07-27,1735,日勝化,19.55,19.9,19.3,19.85,162316.0,3189540.0
2026-07-27,1736,喬山,135.5,137.5,132.0,133.5,280403.0,37673715.0
2026-07-27,1737,臺鹽,32.15,32.25,32.05,32.25,119911.0,3859235.0
2026-07-27,1752,南光,31.6,32.1,31.45,31.6,38583.0,1219131.0
2026-07-27,1760,寶齡富錦,61.1,61.3,60.4,60.5,102578.0,6228602.0
2026-07-27,1762,中化生,34.75,34.8,33.95,34.0,133421.0,4569962.0
2026-07-27,1773,勝一,165.5,165.5,157.5,160.0,765899.0,122165290.0
2026-07-27,1776,展宇,17.3,17.3,17.05,17.05,35176.0,602127.0
2026-07-27,1783,和康生,40.45,40.95,40.05,40.9,124290.0,5043468.0
2026-07-27,1786,科妍,49.5,50.4,49.5,50.3,89991.0,4491262.0
2026-07-27,1789,神隆,19.7,19.7,19.45,19.6,313912.0,6141593.0
2026-07-27,1795,美時,185.5,186.5,183.0,184.0,1344720.0,247681652.0
2026-07-27,1802,台玻,51.5,52.9,50.1,52.5,15031325.0,770143996.0
2026-07-27,1805,寶徠,10.2,10.2,9.95,10.05,77215.0,772686.0
2026-07-27,1806,冠軍,8.26,8.26,8.11,8.17,97939.0,799684.0
2026-07-27,1808,潤隆,32.45,32.45,31.9,32.15,553717.0,17769971.0
2026-07-27,1809,中釉,36.9,37.4,35.5,36.9,994747.0,36155096.0
2026-07-27,1810,和成,27.6,27.85,26.2,26.5,12887893.0,344263916.0
2026-07-27,1817,凱撒衛,38.45,38.65,38.4,38.65,45223.0,1740634.0
2026-07-27,1903,士紙,48.85,48.9,48.4,48.7,78119.0,3802425.0
2026-07-27,1904,正隆,21.45,21.7,21.3,21.55,823008.0,17634293.0
2026-07-27,1905,華紙,14.0,14.0,13.35,13.5,2336669.0,31675988.0
2026-07-27,1906,寶隆,11.05,11.05,10.8,11.0,33358.0,364534.0
2026-07-27,1907,永豐餘,28.1,28.15,27.9,28.05,1007772.0,28268261.0
2026-07-27,1909,榮成,9.96,10.05,9.93,10.05,1571188.0,15673145.0
2026-07-27,2002,中鋼,19.25,19.35,19.15,19.25,34243979.0,658523916.0
2026-07-27,2006,東和鋼鐵,71.8,73.1,71.6,73.0,3176868.0,230854738.0
2026-07-27,2007,燁興,7.29,7.29,7.08,7.13,146691.0,1050151.0
2026-07-27,2008,高興昌,31.0,31.0,30.5,31.0,29391.0,908553.0
2026-07-27,2009,第一銅,37.45,37.85,37.15,37.3,514525.0,19198302.0
2026-07-27,2010,春源,21.1,21.25,21.05,21.15,581189.0,12278903.0
2026-07-27,2012,春雨,15.85,15.85,15.45,15.65,44658.0,700303.0
2026-07-27,2013,中鋼構,41.4,41.4,40.85,41.0,114867.0,4725178.0
2026-07-27,2014,中鴻,17.55,17.55,17.05,17.2,2091047.0,35990295.0
2026-07-27,2015,豐興,64.2,64.8,64.2,64.5,461867.0,29758582.0
2026-07-27,2017,官田鋼,8.98,9.11,8.95,9.01,376327.0,3399478.0
2026-07-27,2020,美亞,21.35,21.45,21.3,21.35,268109.0,5733705.0
2026-07-27,2022,聚亨,7.78,7.79,7.7,7.76,315403.0,2436717.0
2026-07-27,2023,燁輝,14.05,14.1,13.75,13.75,991744.0,13837360.0
2026-07-27,2024,志聯,13.85,13.85,13.8,13.85,11011.0,152398.0
2026-07-27,2025,千興,11.7,11.95,11.7,11.75,288842.0,3406030.0
2026-07-27,2027,大成鋼,44.4,45.15,43.45,44.55,22634085.0,1005088023.0
2026-07-27,2028,威致,15.6,15.7,15.5,15.65,100468.0,1566280.0
2026-07-27,2029,盛餘,20.85,20.85,20.7,20.8,83186.0,1728306.0
2026-07-27,2030,彰源,17.5,17.55,17.25,17.3,462988.0,8052870.0
2026-07-27,2031,新光鋼,40.7,40.95,40.4,40.95,825790.0,33679034.0
2026-07-27,2032,新鋼,16.05,16.15,15.95,16.05,243742.0,3912112.0
2026-07-27,2033,佳大,15.3,15.3,15.1,15.3,91000.0,1388100.0
2026-07-27,2034,允強,19.3,19.4,19.05,19.2,835900.0,16028450.0
2026-07-27,2038,海光,12.75,12.85,12.6,12.7,153904.0,1954212.0
2026-07-27,2049,上銀,316.0,324.5,306.5,323.0,1420137.0,450106030.0
2026-07-27,2059,川湖,7780.0,8275.0,7675.0,8275.0,531014.0,4255526635.0
2026-07-27,2062,橋椿,18.85,18.85,18.5,18.7,168588.0,3130496.0
2026-07-27,2069,運錩,18.6,18.6,18.15,18.35,174733.0,3194434.0
2026-07-27,2072,世紀風電,148.0,154.5,146.5,152.5,1026527.0,155052825.0
2026-07-27,2101,南港,33.2,33.3,32.75,33.15,756367.0,25023891.0
2026-07-27,2102,泰豐,19.1,19.15,19.0,19.15,96414.0,1839489.0
2026-07-27,2103,台橡,23.3,23.3,22.0,22.2,6211316.0,138724405.0
2026-07-27,2104,國際中橡,10.35,10.35,10.0,10.15,5887769.0,59680186.0
2026-07-27,2105,正新,31.0,31.15,30.7,30.8,9116591.0,281571661.0
2026-07-27,2106,建大,17.85,18.1,17.6,18.0,1057566.0,18976413.0
2026-07-27,2107,厚生,25.95,26.0,25.7,25.95,158237.0,4101745.0
2026-07-27,2108,南帝,28.4,28.4,27.65,27.95,705449.0,19661355.0
2026-07-27,2109,華豐,14.5,14.5,14.4,14.45,60073.0,867373.0
2026-07-27,2114,鑫永銓,87.6,88.2,87.6,87.8,22466.0,1971959.0
2026-07-27,2115,六暉-KY,22.25,22.3,21.95,22.1,58257.0,1292879.0
2026-07-27,2201,裕隆,28.15,28.15,27.65,27.65,1311785.0,36485693.0
2026-07-27,2204,中華,52.0,52.3,51.6,51.8,499229.0,25935226.0
2026-07-27,2206,三陽工業,61.8,63.2,61.4,63.1,1597994.0,100072212.0
2026-07-27,2207,和泰車,502.0,503.0,493.0,498.0,400668.0,199767200.0
2026-07-27,2208,台船,19.7,19.85,19.1,19.3,4332523.0,83923482.0
2026-07-27,2211,長榮鋼,88.3,88.7,87.5,88.6,631457.0,55708850.0
2026-07-27,2227,裕日車,50.1,50.8,50.0,50.5,75596.0,3801834.0
2026-07-27,2228,劍麟,79.9,80.5,79.0,80.0,58015.0,4639688.0
2026-07-27,2231,為升,95.7,95.7,94.0,95.2,237650.0,22593128.0
2026-07-27,2233,宇隆,204.0,206.5,196.0,205.0,443684.0,89509334.0
2026-07-27,2236,百達-KY,146.5,150.0,142.5,146.0,780905.0,114089672.0
2026-07-27,2239,英利-KY,20.25,20.35,19.8,20.0,34145.0,683959.0
2026-07-27,2241,艾姆勒,35.3,35.3,33.0,34.0,1064291.0,36058952.0
2026-07-27,2243,宏旭-KY,50.0,50.4,47.4,48.0,509524.0,24756467.0
2026-07-27,2247,汎德永業,225.5,228.0,223.5,225.5,25907.0,5855000.0
2026-07-27,2248,華勝-KY,62.3,62.9,61.0,61.5,79447.0,4901841.0
2026-07-27,2250,IKKA-KY,61.1,62.0,60.6,62.0,62021.0,3791122.0
2026-07-27,2254,巨鎧精密-創,59.5,60.5,59.5,59.5,4000.0,239900.0
2026-07-27,2258,鴻華先進-創,32.25,32.25,31.55,32.0,324596.0,10405711.0
2026-07-27,2301,光寶科,216.5,216.5,204.0,212.0,12834445.0,2682615000.0
2026-07-27,2302,麗正,42.5,42.8,40.2,41.5,3089415.0,127452676.0
2026-07-27,2303,聯電,123.0,127.0,118.0,126.0,219388398.0,26881328373.0
2026-07-27,2305,全友,32.3,32.65,30.15,31.85,6298486.0,199286001.0
2026-07-27,2308,台達電,1755.0,1785.0,1695.0,1755.0,9935415.0,17168864775.0
2026-07-27,2312,金寶,31.85,32.0,30.6,31.95,11690078.0,366263858.0
2026-07-27,2313,華通,202.5,205.0,194.0,199.5,30822941.0,6132699096.0
2026-07-27,2314,台揚,12.2,12.55,12.2,12.5,97463.0,1209040.0
2026-07-27,2316,楠梓電,155.0,157.0,148.5,155.0,1467261.0,224087909.0
2026-07-27,2317,鴻海,253.0,254.5,246.0,253.0,35908207.0,8967672916.0
2026-07-27,2321,東訊,14.95,15.0,14.95,15.0,6001.0,89863.0
2026-07-27,2323,中環,10.4,10.4,10.05,10.3,4796504.0,48695985.0
2026-07-27,2324,仁寶,37.5,37.5,36.05,37.15,40216063.0,1474430609.0
2026-07-27,2327,國巨*,650.0,655.0,590.0,625.0,56857378.0,35162424124.0
2026-07-27,2328,廣宇,44.9,45.2,44.3,45.15,1648495.0,73794030.0
2026-07-27,2329,華泰,45.05,45.2,43.25,44.45,2636701.0,116452254.0
2026-07-27,2330,台積電,2330.0,2365.0,2330.0,2350.0,28939466.0,67885214772.0
2026-07-27,2331,精英,19.5,19.5,18.75,19.2,1307597.0,24834470.0
2026-07-27,2332,友訊,22.3,24.3,22.3,24.3,74548808.0,1785834700.0
2026-07-27,2337,旺宏,123.5,125.5,118.0,125.5,37415793.0,4543885597.0
2026-07-27,2338,光罩,40.85,41.35,40.25,41.3,1185704.0,48361753.0
2026-07-27,2340,台亞,30.8,31.25,30.05,30.7,1829702.0,55969254.0
2026-07-27,2342,茂矽,39.2,39.7,37.1,38.3,2295293.0,87772360.0
2026-07-27,2344,華邦電,155.0,161.0,150.0,160.0,110420180.0,17171963895.0
2026-07-27,2345,智邦,2280.0,2285.0,2170.0,2240.0,1809334.0,4015200700.0
2026-07-27,2347,聯強,88.8,89.4,87.1,88.6,2164630.0,190862318.0
2026-07-27,2348,海悅,78.8,78.8,77.5,77.8,490272.0,38154597.0
2026-07-27,2349,錸德,11.3,11.3,10.85,11.05,1718697.0,18926222.0
2026-07-27,2351,順德,159.5,164.0,154.0,160.5,1908528.0,301463371.0
2026-07-27,2352,佳世達,29.4,29.4,28.25,28.75,5483909.0,157128292.0
2026-07-27,2353,宏碁,30.35,30.35,29.6,30.1,19627014.0,586031552.0
2026-07-27,2354,鴻準,57.5,57.5,55.5,56.2,3710841.0,208137032.0
2026-07-27,2355,敬鵬,41.0,41.15,39.9,40.8,3108008.0,125587249.0
2026-07-27,2356,英業達,64.2,64.6,61.4,63.8,24153189.0,1520640052.0
2026-07-27,2357,華碩,778.0,778.0,735.0,760.0,3709649.0,2792316966.0
2026-07-27,2359,所羅門,142.0,144.5,138.5,144.5,4295540.0,608659867.0
2026-07-27,2360,致茂,2100.0,2115.0,1980.0,2100.0,2200596.0,4523779605.0
2026-07-27,2362,藍天,44.15,44.4,43.15,44.05,639547.0,28041829.0
2026-07-27,2363,矽統,55.3,55.7,53.2,54.6,4002762.0,217276319.0
2026-07-27,2364,倫飛,71.2,71.5,70.2,70.7,103515.0,7322833.0
2026-07-27,2365,昆盈,30.05,30.25,29.2,29.55,1311094.0,38881831.0
2026-07-27,2367,燿華,42.1,43.2,41.15,41.95,6162205.0,258692967.0
2026-07-27,2368,金像電,905.0,907.0,874.0,895.0,2619196.0,2337839715.0
2026-07-27,2369,菱生,32.65,33.3,31.4,32.45,7137199.0,230661641.0
2026-07-27,2371,大同,26.0,26.0,25.5,25.7,5849416.0,150445389.0
2026-07-27,2373,震旦行,54.4,54.4,53.5,53.8,35310.0,1903364.0
2026-07-27,2374,佳能,68.5,69.5,67.5,68.1,3852334.0,263566565.0
2026-07-27,2375,凱美,131.5,136.5,127.0,131.0,5599498.0,735130004.0
2026-07-27,2376,技嘉,355.0,355.0,338.0,349.5,6567620.0,2265027102.0
2026-07-27,2377,微星,146.5,147.0,137.5,146.5,14220248.0,2027314334.0
2026-07-27,2379,瑞昱,754.0,783.0,745.0,762.0,4836298.0,3686759089.0
2026-07-27,2380,虹光,19.1,19.75,19.0,19.75,74202.0,1423292.0
2026-07-27,2382,廣達,324.5,326.5,314.5,322.0,19764190.0,6311832473.0
2026-07-27,2383,台光電,4825.0,4890.0,4640.0,4815.0,1443744.0,6879878135.0
2026-07-27,2385,群光,107.0,107.0,105.0,106.0,2242244.0,237371578.0
2026-07-27,2387,精元,38.85,39.25,38.3,38.5,241943.0,9324953.0
2026-07-27,2388,威盛,74.5,75.2,72.7,73.9,3891803.0,286866521.0
2026-07-27,2390,云辰,11.1,11.1,10.75,10.9,453510.0,4905059.0
2026-07-27,2392,正崴,35.85,35.9,35.05,35.7,1320922.0,46716705.0
2026-07-27,2393,億光,65.6,65.6,63.4,64.5,3537104.0,227550820.0
2026-07-27,2395,研華,586.0,588.0,557.0,577.0,3909996.0,2230038118.0
2026-07-27,2397,友通,59.4,59.4,56.9,57.5,435058.0,25058533.0
2026-07-27,2399,映泰,37.8,38.25,36.3,37.5,1662285.0,61634401.0
2026-07-27,2401,凌陽,28.5,28.5,27.0,27.45,2993741.0,82391021.0
2026-07-27,2402,毅嘉,58.0,58.0,56.1,56.7,1320700.0,74896216.0
2026-07-27,2404,漢唐,1130.0,1130.0,1085.0,1115.0,1257553.0,1395681985.0
2026-07-27,2405,輔信,16.5,16.5,16.0,16.35,959732.0,15569196.0
2026-07-27,2406,國碩,33.65,34.0,32.6,33.25,8501274.0,283560272.0
2026-07-27,2408,南亞科,401.5,440.0,387.0,436.0,81191012.0,33121594819.0
2026-07-27,2409,友達,25.55,25.6,23.35,23.9,152133264.0,3697771793.0
2026-07-27,2412,中華電,139.5,140.5,139.0,140.5,22511463.0,3149435013.0
2026-07-27,2413,環科,40.35,40.8,39.6,40.5,382126.0,15327190.0
2026-07-27,2414,精技,55.7,57.8,54.9,57.2,350915.0,19694392.0
2026-07-27,2415,錩新,32.45,32.7,31.5,32.2,289128.0,9317545.0
2026-07-27,2417,圓剛,41.5,41.9,40.15,40.95,773695.0,31724837.0
2026-07-27,2419,仲琦,24.65,25.0,24.45,24.85,462993.0,11427295.0
2026-07-27,2420,新巨,56.7,57.0,56.2,56.9,248768.0,14076366.0
2026-07-27,2421,建準,132.0,132.0,128.0,131.5,993754.0,129089064.0
2026-07-27,2423,固緯,74.6,74.6,71.2,73.6,199956.0,14481094.0
2026-07-27,2424,隴華,7.86,8.5,7.86,8.3,56216.0,464469.0
2026-07-27,2425,承啟,46.5,47.6,45.2,46.0,6905102.0,321600578.0
2026-07-27,2426,鼎元,62.0,62.8,59.6,62.0,10277562.0,631094424.0
2026-07-27,2427,三商電,23.2,23.35,22.85,23.2,407333.0,9402497.0
2026-07-27,2428,興勤,241.0,244.5,233.0,240.0,533548.0,127420452.0
2026-07-27,2429,銘旺科,39.5,39.5,37.5,38.5,489092.0,18626680.0
2026-07-27,2430,燦坤,17.55,17.55,17.45,17.5,177377.0,3101467.0
2026-07-27,2431,聯昌,10.7,10.8,10.4,10.5,176376.0,1854400.0
2026-07-27,2432,倚天酷碁-創,28.05,28.45,28.05,28.35,14311.0,403855.0
2026-07-27,2433,互盛電,42.25,42.25,41.8,41.9,31001.0,1302042.0
2026-07-27,2434,統懋,69.7,69.7,64.3,65.8,230613.0,15085596.0
2026-07-27,2436,偉詮電,58.5,59.3,56.8,58.2,1835000.0,105976370.0
2026-07-27,2438,翔耀,17.8,17.8,17.35,17.65,103211.0,1806253.0
2026-07-27,2439,美律,82.9,83.9,82.7,83.9,592739.0,49412149.0
2026-07-27,2440,太空梭,15.7,15.95,15.4,15.95,205045.0,3202420.0
2026-07-27,2441,超豐,119.5,121.0,114.5,119.0,3551127.0,417551360.0
2026-07-27,2442,新美齊,19.35,19.35,19.15,19.2,542281.0,10438410.0
2026-07-27,2444,兆勁,11.1,11.25,10.95,11.25,234008.0,2598738.0
2026-07-27,2449,京元電子,273.5,282.0,265.0,276.0,17414631.0,4760938758.0
2026-07-27,2450,神腦,28.9,28.9,28.7,28.75,59974.0,1728201.0
2026-07-27,2451,創見,265.5,272.0,261.5,272.0,14893860.0,3978335047.0
2026-07-27,2453,凌群,52.2,52.2,51.6,51.9,140626.0,7283960.0
2026-07-27,2454,聯發科,3655.0,3710.0,3525.0,3680.0,9134283.0,32995930650.0
2026-07-27,2455,全新,322.5,338.0,319.0,326.5,8781980.0,2879751271.0
2026-07-27,2457,飛宏,23.7,23.95,23.35,23.65,1375872.0,32448708.0
2026-07-27,2458,義隆,167.5,171.0,163.5,166.0,1667156.0,277713550.0
2026-07-27,2459,敦吉,65.3,65.4,65.0,65.1,64897.0,4231298.0
2026-07-27,2460,建通,32.1,32.1,30.6,31.2,287947.0,8931479.0
2026-07-27,2461,光群雷,16.0,16.2,15.9,16.05,507179.0,8147215.0
2026-07-27,2462,良得電,20.7,20.7,20.15,20.7,279228.0,5706928.0
2026-07-27,2464,盟立,144.0,145.5,138.0,142.5,3992765.0,562160971.0
2026-07-27,2465,麗臺,80.5,80.5,77.2,79.0,844435.0,66328096.0
2026-07-27,2466,冠西電,95.0,104.0,89.0,93.9,4430930.0,434030664.0
2026-07-27,2467,志聖,526.0,541.0,513.0,532.0,1818831.0,957364311.0
2026-07-27,2468,華經,34.9,34.9,34.1,34.65,220745.0,7614131.0
2026-07-27,2471,資通,48.7,49.0,48.4,48.6,116054.0,5659415.0
2026-07-27,2472,立隆電,258.0,265.0,250.0,260.5,2337106.0,601576639.0
2026-07-27,2474,可成,191.0,191.0,186.0,188.5,1882268.0,353649287.0
2026-07-27,2476,鉅祥,118.5,120.0,115.5,118.5,1531494.0,179814968.0
2026-07-27,2477,美隆電,21.45,21.6,21.3,21.6,100544.0,2157874.0
2026-07-27,2478,大毅,129.5,134.0,122.5,128.5,3894265.0,497632315.0
2026-07-27,2480,敦陽科,160.0,160.0,158.0,158.0,165406.0,26314370.0
2026-07-27,2481,強茂,138.0,142.0,133.0,137.0,15942921.0,2173194412.0
2026-07-27,2482,連宇,17.6,18.2,17.3,18.0,181947.0,3208487.0
2026-07-27,2483,百容,39.0,39.65,36.15,36.15,386990.0,14279518.0
2026-07-27,2484,希華,71.2,76.0,70.6,73.1,50049560.0,3668741381.0
2026-07-27,2485,兆赫,40.25,41.2,39.75,40.6,3576940.0,144333332.0
2026-07-27,2486,一詮,219.0,230.0,216.5,227.5,7112604.0,1580868489.0
2026-07-27,2488,漢平,49.9,49.9,49.6,49.7,82995.0,4127054.0
2026-07-27,2489,瑞軒,30.1,30.3,28.9,30.05,8236139.0,243101235.0
2026-07-27,2491,吉祥全,29.1,29.1,27.4,28.2,286105.0,7959570.0
2026-07-27,2492,華新科,270.0,272.0,247.0,272.0,3254875.0,829808400.0
2026-07-27,2493,揚博,212.5,220.0,197.5,210.0,4113261.0,851122419.0
2026-07-27,2495,普安,37.5,37.6,36.25,36.65,1042989.0,38358740.0
2026-07-27,2496,卓越,60.0,60.0,59.7,59.7,5745.0,343887.0
2026-07-27,2497,怡利電,52.1,52.8,51.5,52.8,325474.0,16915983.0
2026-07-27,2498,宏達電,42.2,42.3,41.35,41.6,3249275.0,135697392.0
2026-07-27,2501,國建,22.65,22.65,22.2,22.35,4940092.0,110632112.0
2026-07-27,2504,國產,31.9,31.95,31.6,31.9,1405334.0,44681737.0
2026-07-27,2505,國揚,17.75,18.0,17.7,18.0,403145.0,7190228.0
2026-07-27,2506,太設,8.74,8.75,8.67,8.71,85524.0,744952.0
2026-07-27,2509,全坤建,13.2,13.3,13.2,13.3,52956.0,701216.0
2026-07-27,2511,太子,8.55,8.57,8.5,8.53,1049914.0,8973028.0
2026-07-27,2514,龍邦,12.95,12.95,12.7,12.8,71009.0,910392.0
2026-07-27,2515,中工,12.05,12.1,11.75,11.9,6977093.0,83201700.0
2026-07-27,2516,新建,14.3,14.3,14.0,14.2,112245.0,1581005.0
2026-07-27,2520,冠德,34.9,35.5,34.3,35.3,1350356.0,47461184.0
2026-07-27,2524,京城,35.8,36.15,34.95,36.1,89221.0,3183938.0
2026-07-27,2527,宏璟,46.5,47.1,45.65,46.75,755788.0,35118012.0
2026-07-27,2528,皇普,22.5,22.6,22.0,22.0,958951.0,21408016.0
2026-07-27,2530,華建,20.0,20.2,19.9,20.15,753292.0,15109100.0
2026-07-27,2534,宏盛,17.25,17.45,17.15,17.4,358719.0,6221605.0
2026-07-27,2535,達欣工,88.1,88.1,85.8,86.3,216717.0,18785212.0
2026-07-27,2536,宏普,18.25,18.4,18.15,18.2,712313.0,13027141.0
2026-07-27,2537,聯上發,11.05,11.15,11.0,11.05,748922.0,8263392.0
2026-07-27,2538,基泰,9.98,10.15,9.95,10.05,913192.0,9166326.0
2026-07-27,2539,櫻花建,40.7,41.4,40.5,41.4,1063344.0,43650115.0
2026-07-27,2540,愛山林,54.0,54.3,53.4,54.3,709935.0,38372534.0
2026-07-27,2542,興富發,44.7,44.7,43.5,43.5,5176784.0,226994383.0
2026-07-27,2543,皇昌,40.1,40.8,38.35,39.0,1383554.0,54032593.0
2026-07-27,2545,皇翔,33.45,33.45,33.05,33.3,163920.0,5445434.0
2026-07-27,2546,根基,96.1,97.2,96.1,96.8,132527.0,12810188.0
2026-07-27,2547,日勝生,10.1,10.2,10.1,10.15,1448696.0,14690879.0
2026-07-27,2548,華固,98.6,99.5,98.3,99.4,703286.0,69618457.0
2026-07-27,2597,潤弘,162.0,164.0,161.0,163.0,345747.0,56273900.0
2026-07-27,2601,益航,6.75,6.8,6.46,6.5,2086860.0,13605517.0
2026-07-27,2603,長榮,203.5,206.0,202.5,203.5,6810641.0,1388066244.0
2026-07-27,2605,新興,32.3,32.5,31.15,31.6,4776233.0,151000476.0
2026-07-27,2606,裕民,64.3,64.5,62.6,62.8,2545361.0,160565464.0
2026-07-27,2607,榮運,47.8,47.8,47.3,47.55,191585.0,9109477.0
2026-07-27,2608,嘉里大榮,29.5,29.6,29.25,29.55,317793.0,9361826.0
2026-07-27,2609,陽明,51.0,51.3,50.6,51.1,11319191.0,575744876.0
2026-07-27,2610,華航,20.85,21.25,20.8,21.25,34077306.0,718134375.0
2026-07-27,2611,志信,14.3,14.3,13.8,13.9,230747.0,3227886.0
2026-07-27,2612,中航,52.9,52.9,51.6,51.7,265970.0,13808248.0
2026-07-27,2613,中櫃,21.0,21.0,20.75,20.95,114489.0,2392356.0
2026-07-27,2614,東森,18.25,18.25,18.1,18.15,417474.0,7582568.0
2026-07-27,2615,萬海,86.0,86.0,83.0,84.0,10944981.0,920561683.0
2026-07-27,2616,山隆,13.9,13.9,13.75,13.8,125951.0,1738788.0
2026-07-27,2617,台航,29.3,29.3,28.7,28.8,569524.0,16452690.0
2026-07-27,2618,長榮航,41.5,42.15,41.3,41.95,48697688.0,2033840594.0
2026-07-27,2630,亞航,53.3,53.6,50.4,51.2,4137735.0,213743046.0
2026-07-27,2633,台灣高鐵,26.0,26.15,25.95,26.05,2794054.0,72698406.0
2026-07-27,2634,漢翔,65.4,65.4,61.3,61.8,46349008.0,2895482254.0
2026-07-27,2636,台驊控股,66.4,66.4,65.5,65.9,159186.0,10478123.0
2026-07-27,2637,慧洋-KY,84.5,84.5,81.9,82.3,2065864.0,170698912.0
2026-07-27,2642,宅配通,20.55,20.7,20.35,20.7,43636.0,893732.0
2026-07-27,2645,長榮航太,197.5,197.5,188.0,194.0,2873037.0,550113613.0
2026-07-27,2646,星宇航空,21.3,21.6,21.2,21.6,3956571.0,84805632.0
2026-07-27,2701,萬企,10.8,10.9,10.75,10.8,61742.0,665913.0
2026-07-27,2702,華園,13.0,13.0,12.8,12.85,46495.0,599742.0
2026-07-27,2704,國賓,46.45,46.45,45.65,46.0,49268.0,2266077.0
2026-07-27,2705,六福,16.4,16.4,16.2,16.3,55665.0,906258.0
2026-07-27,2706,第一店,12.75,12.85,12.7,12.75,128442.0,1639556.0
2026-07-27,2707,晶華,179.0,181.0,179.0,179.5,157153.0,28281611.0
2026-07-27,2712,遠雄來,15.2,15.2,14.95,14.95,3069.0,46135.0
2026-07-27,2722,夏都,22.25,22.25,21.45,21.6,72141.0,1571645.0
2026-07-27,2723,美食-KY,62.3,62.6,61.9,62.5,190859.0,11890822.0
2026-07-27,2727,王品,222.0,226.0,221.0,225.5,446567.0,100421874.0
2026-07-27,2731,雄獅,145.5,147.0,145.0,146.0,323400.0,47314091.0
2026-07-27,2739,寒舍,34.65,35.2,34.65,34.95,74005.0,2591141.0
2026-07-27,2748,雲品,39.85,40.15,39.8,39.95,120451.0,4816792.0
2026-07-27,2753,八方雲集,179.0,179.0,177.0,177.5,137904.0,24549715.0
2026-07-27,2762,世界健身-KY,86.0,88.6,86.0,87.5,169227.0,14794707.0
2026-07-27,2801,彰銀,24.55,24.85,24.35,24.7,35947136.0,887621229.0
2026-07-27,2812,台中銀,20.45,20.8,20.45,20.75,35424842.0,730888620.0
2026-07-27,2816,旺旺保,33.7,33.9,33.55,33.7,78575.0,2646582.0
2026-07-27,2820,華票,16.55,16.7,16.5,16.55,1570827.0,26062085.0
2026-07-27,2832,台產,56.4,56.6,55.9,56.6,110961.0,6251719.0
2026-07-27,2834,臺企銀,18.1,18.2,18.0,18.2,46337777.0,839535193.0
2026-07-27,2836,高雄銀,12.85,12.95,12.75,12.9,7682928.0,99062560.0
2026-07-27,2838,聯邦銀,20.55,20.55,20.2,20.45,3059502.0,62459847.0
2026-07-27,2845,遠東銀,13.45,13.45,13.3,13.4,5614333.0,75133524.0
2026-07-27,2849,安泰銀,14.55,14.95,14.45,14.9,328307.0,4858884.0
2026-07-27,2850,新產,152.5,160.0,151.5,158.0,1208189.0,189292767.0
2026-07-27,2851,中再保,35.25,35.35,34.8,35.35,1076776.0,37780729.0
2026-07-27,2852,第一保,26.65,26.8,26.65,26.8,158451.0,4238660.0
2026-07-27,2855,統一證,44.4,45.0,43.9,45.0,2694570.0,119332690.0
2026-07-27,2867,三商壽,9.3,9.37,9.2,9.31,26565448.0,247316326.0
2026-07-27,2880,華南金,41.1,41.95,40.35,41.4,21966618.0,910311515.0
2026-07-27,2881,富邦金,129.0,130.0,127.0,130.0,15640876.0,2014773566.0
2026-07-27,2882,國泰金,97.9,98.5,96.7,98.5,15857730.0,1554410280.0
2026-07-27,2883,凱基金,30.95,30.95,30.5,30.7,29839072.0,916614582.0
2026-07-27,2884,玉山金,36.35,36.4,35.9,36.4,29576144.0,1071968387.0
2026-07-27,2885,元大金,63.9,64.8,63.2,64.7,29731282.0,1907886550.0
2026-07-27,2886,兆豐金,49.0,49.8,48.3,49.4,30976732.0,1529304520.0
2026-07-27,2887,台新新光金,34.5,35.0,34.05,34.95,40458631.0,1401149037.0
2026-07-27,2889,國票金,15.75,15.75,15.55,15.7,3998181.0,62622251.0
2026-07-27,2890,永豐金,39.7,39.8,38.85,39.6,45966658.0,1809729451.0
2026-07-27,2891,中信金,63.6,63.6,62.5,63.0,27427449.0,1727045176.0
2026-07-27,2892,第一金,34.6,35.1,34.1,34.8,38731144.0,1347074215.0
2026-07-27,2897,王道銀行,10.15,10.35,10.1,10.3,6996219.0,71630391.0
2026-07-27,2901,欣欣,24.0,24.3,24.0,24.25,7781.0,187532.0
2026-07-27,2903,遠百,22.25,22.45,22.2,22.3,2660767.0,59416541.0
2026-07-27,2904,匯僑,13.55,13.55,13.45,13.55,20806.0,280937.0
2026-07-27,2905,三商,16.15,16.25,15.95,16.15,1054128.0,16988235.0
2026-07-27,2906,高林,13.2,13.4,13.15,13.4,161303.0,2138970.0
2026-07-27,2908,特力,21.7,21.8,21.6,21.8,91871.0,1998135.0
2026-07-27,2910,統領,23.7,25.9,23.7,25.9,74628.0,1902032.0
2026-07-27,2911,麗嬰房,7.2,7.2,7.01,7.04,121948.0,864378.0
2026-07-27,2912,統一超,240.5,241.5,237.5,239.5,3402503.0,814556861.0
2026-07-27,2913,農林,11.15,11.2,11.1,11.2,807337.0,9006674.0
2026-07-27,2915,潤泰全,51.7,51.9,51.3,51.5,1124638.0,57958218.0
2026-07-27,2923,鼎固-KY,34.85,35.0,30.05,34.45,315916.0,10429754.0
2026-07-27,2929,淘帝-KY,5.83,5.88,5.77,5.84,56517.0,328661.0
2026-07-27,2939,永邑-KY,18.55,20.2,18.55,20.2,186008.0,3698811.0
2026-07-27,2945,三商家購,41.6,41.65,40.9,41.55,7072.0,292888.0
2026-07-27,3002,歐格,17.35,17.65,17.05,17.35,173324.0,3006555.0
2026-07-27,3003,健和興,59.6,60.1,58.3,60.0,290748.0,17286539.0
2026-07-27,3004,豐達科,136.0,136.0,132.5,135.0,333004.0,44572165.0
2026-07-27,3005,神基,114.0,114.0,111.0,112.5,2546372.0,285145204.0
2026-07-27,3006,晶豪科,205.0,212.5,198.5,212.0,7223711.0,1479594252.0
2026-07-27,3008,大立光,4005.0,4150.0,3905.0,4090.0,2213868.0,8920385345.0
2026-07-27,3010,華立,119.5,119.5,116.0,117.5,706365.0,82881211.0
2026-07-27,3011,今皓,12.05,12.3,11.8,12.3,402315.0,4817330.0
2026-07-27,3013,晟銘電,85.5,85.5,83.0,84.9,1191790.0,100058189.0
2026-07-27,3014,聯陽,130.0,131.5,128.5,131.0,712038.0,92619169.0
2026-07-27,3015,全漢,55.0,55.8,53.8,55.1,392874.0,21477117.0
2026-07-27,3016,嘉晶,94.5,95.8,90.5,94.2,3551809.0,330309314.0
2026-07-27,3017,奇鋐,2375.0,2420.0,2310.0,2400.0,2367643.0,5598378250.0
2026-07-27,3018,隆銘綠能,14.3,14.3,14.3,14.3,77653.0,1110420.0
2026-07-27,3019,亞光,133.0,137.0,131.5,133.5,2439602.0,326129279.0
2026-07-27,3021,鴻名,21.55,22.2,21.0,21.35,250834.0,5370549.0
2026-07-27,3022,威強電,95.1,95.6,89.2,91.7,4536164.0,419157276.0
2026-07-27,3023,信邦,285.5,291.5,280.5,291.5,1748370.0,498596321.0
2026-07-27,3024,憶聲,13.3,13.3,12.85,13.05,1216008.0,15751217.0
2026-07-27,3025,星通,57.0,57.0,55.1,56.3,115235.0,6424343.0
2026-07-27,3026,禾伸堂,640.0,640.0,576.0,585.0,2103196.0,1229983755.0
2026-07-27,3027,盛達,19.1,19.45,19.0,19.35,204919.0,3920867.0
2026-07-27,3028,增你強,67.8,67.8,63.1,64.1,2031550.0,131102228.0
2026-07-27,3029,零壹,104.5,104.5,103.0,104.0,518256.0,53678085.0
2026-07-27,3030,德律,292.0,298.5,283.5,296.5,1198605.0,347599667.0
2026-07-27,3031,佰鴻,23.55,23.7,22.8,23.15,597464.0,13830431.0
2026-07-27,3032,偉訓,78.6,84.7,77.5,81.9,1391089.0,113777926.0
2026-07-27,3033,威健,50.1,50.1,48.05,48.95,5940151.0,290506860.0
2026-07-27,3034,聯詠,510.0,525.0,507.0,518.0,3669875.0,1890441976.0
2026-07-27,3035,智原,195.5,200.5,192.0,200.5,5095888.0,1000192538.0
2026-07-27,3036,文曄,208.0,208.5,199.5,203.5,6550873.0,1328577650.0
2026-07-27,3037,欣興,850.0,854.0,804.0,848.0,15654238.0,12979383023.0
2026-07-27,3038,全台,20.65,20.75,20.4,20.55,136891.0,2813715.0
2026-07-27,3040,遠見,35.85,36.9,35.8,36.0,122313.0,4403182.0
2026-07-27,3041,揚智,23.45,23.55,22.75,23.1,983212.0,22642313.0
2026-07-27,3042,晶技,163.0,165.0,154.5,158.5,10998687.0,1755527459.0
2026-07-27,3043,科風,20.45,20.7,20.3,20.7,54506.0,1115906.0
2026-07-27,3044,健鼎,400.0,400.0,385.0,390.5,1354486.0,529243338.0
2026-07-27,3045,台灣大,113.5,114.0,112.5,113.5,9942576.0,1128982185.0
2026-07-27,3046,建碁,55.4,55.9,54.2,54.7,230564.0,12657453.0
2026-07-27,3047,訊舟,14.65,15.15,14.55,14.95,713694.0,10621241.0
2026-07-27,3048,益登,50.5,50.9,48.6,49.85,1472102.0,72968368.0
2026-07-27,3049,精金,10.9,10.95,10.5,10.7,2415227.0,25838466.0
2026-07-27,3050,鈺德,11.55,11.6,11.35,11.6,514225.0,5890683.0
2026-07-27,3051,力特,22.45,22.65,22.1,22.65,438982.0,9834767.0
2026-07-27,3052,夆典,10.7,10.75,10.65,10.7,237989.0,2542240.0
2026-07-27,3054,立萬利,53.4,53.4,51.0,53.0,101534.0,5260175.0
2026-07-27,3055,蔚華科,129.0,134.5,122.0,126.0,5799676.0,728494169.0
2026-07-27,3056,富華新,14.15,14.25,13.85,14.15,533651.0,7504779.0
2026-07-27,3057,喬鼎,15.65,15.7,15.2,15.7,150512.0,2325677.0
2026-07-27,3058,立德,8.5,8.6,8.42,8.5,271247.0,2302852.0
2026-07-27,3059,華晶科,40.0,40.85,39.85,40.35,1448258.0,58311841.0
2026-07-27,3060,銘異,28.9,29.05,27.95,28.6,1272729.0,36137618.0
2026-07-27,3062,建漢,20.6,20.95,20.3,20.7,1773616.0,36473106.0
2026-07-27,3090,日電貿,162.0,162.0,148.0,156.0,2067083.0,314387088.0
2026-07-27,3092,鴻碩,24.5,24.8,23.95,24.8,160736.0,3905674.0
2026-07-27,3094,聯傑,36.85,36.85,35.0,35.55,1052299.0,37394483.0
2026-07-27,3130,一零四,206.0,207.0,205.5,206.0,114866.0,23699008.0
2026-07-27,3135,凌航,157.0,160.5,154.0,160.0,1869232.0,294634092.0
2026-07-27,3138,耀登,96.7,97.5,95.1,97.5,197879.0,19096474.0
2026-07-27,3149,正達,68.3,71.0,67.2,68.4,5653613.0,388782713.0
2026-07-27,3150,鈺寶-創,16.8,17.0,16.7,16.7,7001.0,117866.0
2026-07-27,3164,景岳,16.4,16.55,16.4,16.55,32427.0,534341.0
2026-07-27,3167,大量,605.0,605.0,558.0,595.0,1190265.0,678110980.0
2026-07-27,3168,眾福科,43.95,44.0,43.4,44.0,30000.0,1308300.0
2026-07-27,3189,景碩,702.0,718.0,673.0,710.0,11397368.0,7928691872.0
2026-07-27,3209,全科,57.9,58.2,55.9,57.2,1183529.0,67223420.0
2026-07-27,3229,晟鈦,40.8,40.8,36.5,38.8,234683.0,9025516.0
2026-07-27,3231,緯創,180.0,180.5,167.5,177.0,109006063.0,18820900168.0
2026-07-27,3257,虹冠電,50.8,51.8,50.7,51.2,231799.0,11818196.0
2026-07-27,3266,昇陽,13.8,13.8,13.55,13.6,31230.0,425095.0
2026-07-27,3296,勝德,26.4,26.4,25.1,25.2,66919.0,1708683.0
2026-07-27,3305,昇貿,109.5,109.5,105.0,108.0,1265290.0,135166256.0
2026-07-27,3308,聯德,20.4,20.7,19.7,20.4,32686.0,659232.0
2026-07-27,3311,閎暉,34.3,34.55,33.9,34.5,147772.0,5044913.0
2026-07-27,3312,弘憶股,47.25,47.75,46.0,47.75,621246.0,29084070.0
2026-07-27,3321,同泰,18.75,18.8,18.1,18.5,118874.0,2196986.0
2026-07-27,3338,泰碩,63.2,64.3,62.1,63.6,236069.0,14849244.0
2026-07-27,3346,麗清,20.7,20.8,20.25,20.45,277931.0,5694068.0
2026-07-27,3356,奇偶,58.3,59.2,58.3,59.2,331314.0,19498622.0
2026-07-27,3376,新日興,186.0,188.5,181.0,184.5,2867126.0,526639161.0
2026-07-27,3380,明泰,29.8,30.45,29.5,30.3,2397861.0,71916870.0
2026-07-27,3406,玉晶光,509.0,522.0,508.0,517.0,1190119.0,613486252.0
2026-07-27,3413,京鼎,324.5,330.0,320.5,329.0,1232061.0,400932130.0
2026-07-27,3416,融程電,186.0,186.0,171.5,173.0,620269.0,109771341.0
2026-07-27,3419,譁裕,12.4,12.4,12.05,12.3,63155.0,769753.0
2026-07-27,3432,台端,17.15,17.15,17.0,17.0,6203.0,105601.0
2026-07-27,3437,榮創,17.75,17.8,17.2,17.65,378465.0,6606456.0
2026-07-27,3443,創意,4080.0,4080.0,3855.0,4050.0,1820157.0,7226596245.0
2026-07-27,3447,展達,29.45,29.75,28.85,29.45,161263.0,4711562.0
2026-07-27,3450,聯鈞,423.5,442.0,416.0,438.0,9550289.0,4106874064.0
2026-07-27,3481,群創,49.7,50.2,45.6,47.35,351257919.0,16613643789.0
2026-07-27,3494,誠研,7.33,7.44,7.05,7.38,66301.0,480890.0
2026-07-27,3501,維熹,40.55,40.8,40.15,40.4,193875.0,7837043.0
2026-07-27,3504,揚明光,63.3,68.3,62.9,65.1,2087538.0,138614277.0
2026-07-27,3515,華擎,207.5,208.5,202.0,205.5,233397.0,47651850.0
2026-07-27,3518,柏騰,26.45,26.45,25.85,26.3,296573.0,7736025.0
2026-07-27,3528,安馳,85.1,86.0,83.3,84.7,119036.0,10005605.0
2026-07-27,3530,晶相光,57.8,58.4,56.2,56.8,96616.0,5501971.0
2026-07-27,3532,台勝科,372.0,380.5,357.5,379.5,6707709.0,2487353209.0
2026-07-27,3533,嘉澤,1970.0,1975.0,1890.0,1955.0,572997.0,1107166695.0
2026-07-27,3535,晶彩科,90.0,90.9,86.4,87.7,895010.0,79157503.0
2026-07-27,3543,州巧,27.55,28.05,26.9,28.0,409897.0,11212551.0
2026-07-27,3545,敦泰,48.8,49.6,47.6,47.95,686667.0,33167406.0
2026-07-27,3550,聯穎,21.95,22.2,21.0,21.4,975985.0,20948357.0
2026-07-27,3557,嘉威,26.1,26.1,25.55,25.95,27102.0,699079.0
2026-07-27,3563,牧德,670.0,693.0,660.0,669.0,490393.0,329470658.0
2026-07-27,3576,聯合再生,18.0,18.15,17.6,17.85,7550993.0,134509412.0
2026-07-27,3583,辛耘,715.0,754.0,703.0,749.0,901379.0,660252214.0
2026-07-27,3588,通嘉,54.6,54.6,52.6,53.8,239833.0,12771971.0
2026-07-27,3591,艾笛森,21.1,21.3,20.25,20.55,1208288.0,24993078.0
2026-07-27,3592,瑞鼎,241.0,243.5,236.5,239.0,294072.0,70483354.0
2026-07-27,3593,力銘,13.6,13.6,13.0,13.6,22021.0,293328.0
2026-07-27,3596,智易,185.5,188.0,182.5,185.0,384083.0,70943910.0
2026-07-27,3605,宏致,90.0,92.7,89.6,91.0,5300259.0,482715604.0
2026-07-27,3607,谷崧,14.55,14.55,14.2,14.2,335555.0,4809708.0
2026-07-27,3617,碩天,213.5,213.5,207.5,212.5,203323.0,42772958.0
2026-07-27,3622,洋華,53.9,54.3,53.0,54.3,101192.0,5428042.0
2026-07-27,3645,達邁,69.3,69.3,66.3,68.5,1453520.0,98056387.0
2026-07-27,3652,精聯,32.35,32.35,31.1,31.4,231698.0,7325570.0
2026-07-27,3653,健策,3475.0,3580.0,3420.0,3525.0,785394.0,2752681585.0
2026-07-27,3661,世芯-KY,3385.0,3470.0,3285.0,3460.0,1458503.0,4932129705.0
2026-07-27,3665,貿聯-KY,2225.0,2225.0,2075.0,2150.0,2117505.0,4555188135.0
2026-07-27,3669,圓展,42.55,44.0,40.4,42.55,5780777.0,243292231.0
2026-07-27,3673,TPK-KY,62.1,62.6,59.8,61.4,4311531.0,262822833.0
2026-07-27,3679,新至陞,109.0,110.0,108.5,109.5,25371.0,2771974.0
2026-07-27,3686,達能,15.25,15.5,15.15,15.5,76174.0,1168719.0
2026-07-27,3694,海華,60.5,61.0,58.9,59.4,949197.0,56504056.0
2026-07-27,3701,大眾控,39.5,40.4,38.6,40.1,752723.0,29790867.0
2026-07-27,3702,大聯大,118.0,118.5,113.5,116.0,5956267.0,690103993.0
2026-07-27,3703,欣陸,20.8,20.85,20.7,20.8,829263.0,17265462.0
2026-07-27,3704,合勤控,46.8,46.8,44.7,46.25,1872500.0,85491204.0
2026-07-27,3705,永信,54.4,54.4,53.8,53.8,161317.0,8730114.0
2026-07-27,3706,神達,91.7,91.8,89.6,91.2,8120398.0,734055812.0
2026-07-27,3708,上緯投控,100.0,100.0,97.8,98.4,403482.0,39750067.0
2026-07-27,3711,日月光投控,601.0,613.0,590.0,608.0,16184191.0,9746807862.0
2026-07-27,3712,永崴投控,18.8,18.8,17.95,18.55,576574.0,10568422.0
2026-07-27,3714,富采,54.3,54.4,51.5,52.6,5193929.0,272677870.0
2026-07-27,3715,定穎投控,116.5,116.5,109.5,114.0,4970547.0,557031997.0
2026-07-27,3716,中化控股,33.65,33.65,33.0,33.3,116134.0,3881147.0
2026-07-27,3717,聯嘉投控,22.25,22.5,21.55,22.1,1761746.0,38735104.0
2026-07-27,4104,佳醫,71.6,71.6,70.4,70.7,77714.0,5506177.0
2026-07-27,4106,雃博,24.9,24.9,24.55,24.9,106139.0,2627706.0
2026-07-27,4108,懷特,11.75,11.75,11.55,11.65,166980.0,1942774.0
2026-07-27,4119,旭富,52.8,53.6,50.3,51.7,612270.0,31623394.0
2026-07-27,4133,亞諾法,21.75,22.15,21.35,21.8,303453.0,6565419.0
2026-07-27,4137,麗豐-KY,94.5,95.7,94.5,95.1,80630.0,7666514.0
2026-07-27,4142,國光生,17.45,17.55,17.1,17.1,992771.0,17096248.0
2026-07-27,4148,全宇生技-KY,31.3,31.7,31.2,31.7,30100.0,946066.0
2026-07-27,4155,訊映,15.35,15.45,15.2,15.4,214346.0,3284358.0
2026-07-27,4164,承業醫,27.45,27.45,27.0,27.15,211516.0,5737940.0
2026-07-27,4169,泰宗,223.0,223.0,223.0,223.0,65159.0,14530457.0
2026-07-27,4178,永笙-KY,18.55,18.75,18.35,18.5,135084.0,2503118.0
2026-07-27,4190,佐登-KY,26.15,26.7,25.65,26.7,34261.0,893656.0
2026-07-27,4195,基米-創,16.15,16.3,15.7,16.3,111586.0,1766733.0
2026-07-27,4306,炎洲,14.7,14.7,14.4,14.45,497016.0,7215118.0
2026-07-27,4414,如興,8.6,8.62,8.48,8.58,80957.0,690326.0
2026-07-27,4426,利勤,8.36,8.36,8.18,8.31,65741.0,543853.0
2026-07-27,4438,廣越,61.6,61.6,60.6,61.1,15231.0,930780.0
2026-07-27,4439,冠星-KY,99.3,100.0,99.3,100.0,10040.0,1000660.0
2026-07-27,4440,宜新實業,17.5,17.55,17.45,17.45,26018.0,455115.0
2026-07-27,4441,振大環球,176.5,178.0,174.0,175.5,44470.0,7814625.0
2026-07-27,4526,東台,30.8,30.85,29.8,30.3,1588337.0,47831155.0
2026-07-27,4532,瑞智,24.55,24.65,24.1,24.4,751365.0,18284046.0
2026-07-27,4536,拓凱,166.0,166.0,164.5,165.5,224710.0,37103783.0
2026-07-27,4540,全球傳動,50.5,51.0,49.3,51.0,687788.0,34492509.0
2026-07-27,4545,銘鈺,33.3,33.6,33.1,33.6,45331.0,1510772.0
2026-07-27,4551,智伸科,184.0,184.0,175.5,182.0,926631.0,166137181.0
2026-07-27,4552,力達-KY,18.95,18.95,18.45,18.5,220391.0,4098253.0
2026-07-27,4555,氣立,45.45,45.95,44.7,45.95,92217.0,4170691.0
2026-07-27,4557,永新-KY,52.2,52.5,51.1,51.8,52439.0,2721484.0
2026-07-27,4560,強信-KY,31.5,32.0,31.15,31.65,177026.0,5582880.0
2026-07-27,4562,穎漢,31.85,31.85,30.7,31.2,112471.0,3507674.0
2026-07-27,4564,元翎,17.75,17.75,16.9,17.3,1444962.0,24878596.0
2026-07-27,4566,時碩工業,70.6,73.8,68.3,73.3,3733466.0,263349191.0
2026-07-27,4569,六方科-KY,153.5,159.0,152.0,157.0,69645.0,10837344.0
2026-07-27,4571,鈞興-KY,153.0,153.5,150.0,153.5,68461.0,10348879.0
2026-07-27,4572,駐龍,143.5,144.0,142.0,143.0,9837.0,1404279.0
2026-07-27,4576,大銀微系統,191.5,196.5,186.0,196.5,612889.0,117171770.0
2026-07-27,4581,光隆精密-KY,50.7,51.2,50.6,51.2,4000.0,203100.0
2026-07-27,4582,聚恆-創,28.7,28.7,27.5,27.95,147624.0,4108559.0
2026-07-27,4583,台灣精銳,577.0,583.0,561.0,579.0,37784.0,21600113.0
2026-07-27,4585,達明,300.0,302.5,297.0,302.5,105063.0,31517705.0
2026-07-27,4588,玖鼎電力,51.7,51.7,50.8,51.4,27126.0,1387087.0
2026-07-27,4590,富田-創,86.5,86.5,82.1,83.5,265051.0,21976417.0
2026-07-27,4720,德淵,20.0,20.0,19.3,19.55,347102.0,6762096.0
2026-07-27,4722,國精化,204.5,209.5,198.0,204.5,855631.0,174071797.0
2026-07-27,4736,泰博,130.0,131.5,129.0,131.0,259136.0,33866839.0
2026-07-27,4737,華廣,56.5,57.3,55.5,57.3,56316.0,3186352.0
2026-07-27,4739,康普,81.8,82.3,79.9,81.8,819634.0,66424752.0
2026-07-27,4746,台耀,51.2,51.7,50.7,51.6,245763.0,12571922.0
2026-07-27,4755,三福化,116.0,116.0,112.0,115.0,403177.0,45767543.0
2026-07-27,4763,材料*-KY,50.4,50.9,49.0,49.7,6493150.0,323874502.0
2026-07-27,4764,雙鍵,281.5,301.0,272.0,294.5,2377960.0,687439413.0
2026-07-27,4766,南寶,332.5,332.5,325.5,328.5,203196.0,66743244.0
2026-07-27,4770,上品,229.0,229.0,221.0,223.0,257106.0,57424904.0
2026-07-27,4771,望隼,184.0,188.5,182.0,187.5,108409.0,20103983.0
2026-07-27,4807,日成-KY,38.2,39.5,37.9,39.05,140634.0,5444372.0
2026-07-27,4904,遠傳,105.5,107.5,104.5,107.5,10936635.0,1164588236.0
2026-07-27,4906,正文,34.0,34.4,33.25,34.05,2517237.0,84781675.0
2026-07-27,4912,聯德控股-KY,83.0,84.0,82.5,83.6,84068.0,6997353.0
2026-07-27,4915,致伸,65.7,65.7,64.6,65.1,2126040.0,138424260.0
2026-07-27,4916,事欣科,103.0,103.5,99.7,102.0,2144382.0,217147127.0
2026-07-27,4919,新唐,136.0,136.0,127.0,132.5,6161397.0,803725709.0
2026-07-27,4927,泰鼎-KY,34.25,34.3,33.15,34.1,1952281.0,65804163.0
2026-07-27,4930,燦星網,16.3,16.35,16.2,16.35,126414.0,2057372.0
2026-07-27,4934,太極,15.25,15.25,14.6,14.75,665493.0,9837087.0
2026-07-27,4935,茂林-KY,35.95,35.95,35.1,35.45,35054.0,1239153.0
2026-07-27,4938,和碩,89.4,89.4,86.6,87.4,12609475.0,1104235483.0
2026-07-27,4942,嘉彰,37.35,37.35,36.95,37.0,101377.0,3759991.0
2026-07-27,4943,康控-KY,8.51,8.86,8.51,8.86,3563.0,30838.0
2026-07-27,4949,有成精密,65.7,67.0,65.1,66.5,397256.0,26171327.0
2026-07-27,4952,凌通,49.15,49.15,47.95,48.5,321577.0,15579402.0
2026-07-27,4956,光鋐,29.45,29.8,28.8,29.15,584315.0,17080153.0
2026-07-27,4958,臻鼎-KY,480.0,484.5,451.0,470.5,34438651.0,16021334982.0
2026-07-27,4960,誠美材,21.0,21.0,20.2,20.8,1545446.0,31746161.0
2026-07-27,4961,天鈺,161.5,162.0,157.0,159.0,245900.0,39012197.0
2026-07-27,4967,十銓,219.0,223.5,213.5,223.5,1719137.0,373930587.0
2026-07-27,4968,立積,97.4,98.0,95.4,98.0,462001.0,44518889.0
2026-07-27,4976,佳凌,31.1,33.9,30.95,33.9,2790401.0,93829058.0
2026-07-27,4977,眾達-KY,135.0,138.5,130.0,133.5,4368038.0,584711795.0
2026-07-27,4989,榮科,64.3,66.0,63.1,65.3,3319994.0,214406033.0
2026-07-27,4994,傳奇,92.3,94.5,91.0,93.2,22403.0,2071208.0
2026-07-27,4999,鑫禾,19.3,19.4,19.15,19.35,32527.0,626452.0
2026-07-27,5007,三星,56.8,56.8,56.2,56.7,30924.0,1749271.0
2026-07-27,5203,訊連,67.0,69.9,66.9,68.9,357169.0,24527454.0
2026-07-27,5215,科嘉-KY,38.1,38.95,38.0,38.4,49301.0,1888844.0
2026-07-27,5222,全訊,117.5,117.5,113.0,115.0,216139.0,24697248.0
2026-07-27,5225,東科-KY,72.7,73.3,72.4,72.8,92795.0,6765584.0
2026-07-27,5234,達興材料,335.0,335.0,319.5,329.5,335085.0,109272312.0
2026-07-27,5236,凌陽創新,150.0,150.0,146.5,148.0,106680.0,15809664.0
2026-07-27,5243,乙盛-KY,86.3,86.6,84.2,86.5,902714.0,77038743.0
2026-07-27,5244,弘凱,31.65,32.15,31.3,32.1,72291.0,2300412.0
2026-07-27,5258,虹堡,52.2,53.3,51.3,52.2,321111.0,16743072.0
2026-07-27,5269,祥碩,1380.0,1390.0,1340.0,1385.0,358319.0,489818535.0
2026-07-27,5283,禾聯碩,53.4,53.4,52.8,53.2,51589.0,2745560.0
2026-07-27,5284,jpp-KY,290.0,290.0,275.5,285.0,188970.0,53107193.0
2026-07-27,5285,界霖,77.5,78.0,74.3,76.5,749405.0,56811541.0
2026-07-27,5288,豐祥-KY,197.5,197.5,192.5,194.5,135937.0,26417820.0
2026-07-27,5292,華懋,164.5,167.0,164.0,166.5,53267.0,8803131.0
2026-07-27,5306,桂盟,91.4,91.8,89.3,91.1,194839.0,17635109.0
2026-07-27,5388,中磊,89.8,94.7,89.7,90.6,10755390.0,988959120.0
2026-07-27,5434,崇越,546.0,555.0,535.0,543.0,855276.0,464222200.0
2026-07-27,5469,瀚宇博,72.7,72.7,70.3,71.4,948133.0,67448455.0
2026-07-27,5471,松翰,55.3,55.4,53.0,54.9,1772258.0,95935147.0
2026-07-27,5484,慧友,41.0,41.0,39.4,40.15,238205.0,9561849.0
2026-07-27,5515,建國,43.85,44.2,42.85,43.6,479526.0,20860511.0
2026-07-27,5519,隆大,28.4,28.4,27.9,27.95,344170.0,9639278.0
2026-07-27,5521,工信,10.15,10.3,10.1,10.3,1448760.0,14756952.0
2026-07-27,5522,遠雄,66.7,66.7,65.6,66.5,327800.0,21756232.0
2026-07-27,5525,順天,23.1,23.15,22.85,22.85,141798.0,3265670.0
2026-07-27,5531,鄉林,7.75,7.8,7.67,7.73,377100.0,2926533.0
2026-07-27,5533,皇鼎,14.3,14.3,14.25,14.3,113731.0,1623912.0
2026-07-27,5534,長虹,80.2,80.2,79.2,79.3,257218.0,20423220.0
2026-07-27,5538,東明-KY,34.85,34.85,33.65,33.95,29000.0,987500.0
2026-07-27,5546,永固-KY,15.0,15.15,14.15,14.25,120860.0,1752551.0
2026-07-27,5607,遠雄港,50.0,50.0,49.15,49.6,425974.0,21102620.0
2026-07-27,5608,四維航,13.85,13.9,13.6,13.65,933520.0,12775365.0
2026-07-27,5706,鳳凰,45.4,45.95,45.0,45.5,137000.0,6211258.0
2026-07-27,5871,中租-KY,120.0,120.0,119.0,120.0,5660860.0,678077311.0
2026-07-27,5876,上海商銀,46.3,47.1,46.25,47.0,23082763.0,1080016408.0
2026-07-27,5880,合庫金,25.8,25.95,25.55,25.95,23265099.0,601507037.0
2026-07-27,5906,台南-KY,39.0,39.0,39.0,39.0,1248.0,48614.0
2026-07-27,5907,大洋-KY,4.88,4.94,4.81,4.88,92000.0,448350.0
2026-07-27,6005,群益證,35.0,35.65,34.8,35.6,8533632.0,300318888.0
2026-07-27,6024,群益期,64.9,65.2,64.4,64.7,377259.0,24455464.0
2026-07-27,6108,競國,17.0,17.0,16.6,16.9,726056.0,12245829.0
2026-07-27,6112,邁達特,41.0,41.0,40.3,40.55,321136.0,13009723.0
2026-07-27,6115,鎰勝,46.1,46.15,45.8,46.0,56534.0,2599552.0
2026-07-27,6116,彩晶,13.8,13.85,13.0,13.25,28747847.0,381450632.0
2026-07-27,6117,迎廣,67.0,68.7,67.0,68.3,197155.0,13413890.0
2026-07-27,6120,達運,13.15,13.15,12.4,12.6,3447337.0,43556295.0
2026-07-27,6128,上福,20.3,20.3,20.15,20.2,32961.0,666474.0
2026-07-27,6133,金橋,21.2,21.2,20.6,20.8,522365.0,10855095.0
2026-07-27,6136,富爾特,24.55,24.55,24.15,24.4,86459.0,2096927.0
2026-07-27,6139,亞翔,836.0,848.0,756.0,762.0,10165939.0,7887349282.0
2026-07-27,6141,柏承,36.05,37.6,34.8,34.95,4699288.0,165626158.0
2026-07-27,6142,友勁,9.87,10.6,9.67,10.45,2823282.0,28857586.0
2026-07-27,6152,百一,12.35,12.35,12.0,12.1,440438.0,5310141.0
2026-07-27,6153,嘉聯益,16.6,16.6,15.8,16.1,3842154.0,61787467.0
2026-07-27,6155,鈞寶,56.0,57.3,53.8,55.0,1357149.0,75185864.0
2026-07-27,6164,華興,12.2,12.2,11.6,11.9,1089897.0,12935206.0
2026-07-27,6165,浪凡,49.95,50.2,48.7,49.55,483781.0,23846026.0
2026-07-27,6166,凌華,163.0,165.5,150.0,150.0,7660219.0,1194175176.0
2026-07-27,6168,宏齊,23.85,24.05,22.8,23.4,1406630.0,32775084.0
2026-07-27,6176,瑞儀,88.1,89.5,85.7,87.2,3443246.0,300228747.0
2026-07-27,6177,達麗,48.6,48.85,47.85,47.9,861473.0,41596031.0
2026-07-27,6183,關貿,91.8,92.3,90.1,91.0,31087.0,2824868.0
2026-07-27,6184,大豐電,42.6,43.0,42.5,42.75,57706.0,2464343.0
2026-07-27,6189,豐藝,49.35,49.4,48.05,48.45,351972.0,17083857.0
2026-07-27,6191,精成科,89.6,89.6,87.4,88.4,1975394.0,174240074.0
2026-07-27,6192,巨路,115.0,115.0,113.5,114.0,88973.0,10163924.0
2026-07-27,6196,帆宣,524.0,532.0,494.5,510.0,1564030.0,796400101.0
2026-07-27,6197,佳必琪,312.0,315.5,304.0,312.0,1508764.0,467425966.0
2026-07-27,6201,亞弘電,49.0,49.0,48.6,49.0,20143.0,983513.0
2026-07-27,6202,盛群,54.2,54.5,51.8,53.3,1978647.0,104561067.0
2026-07-27,6205,詮欣,60.4,61.4,59.1,60.7,371153.0,22307042.0
2026-07-27,6206,飛捷,133.5,136.0,122.5,124.0,2890914.0,369403438.0
2026-07-27,6209,今國光,69.0,72.4,68.5,69.2,10306817.0,726622740.0
2026-07-27,6213,聯茂,300.5,309.0,290.0,307.0,14624042.0,4392647960.0
2026-07-27,6214,精誠,142.0,146.0,140.0,145.5,2662357.0,382775292.0
2026-07-27,6215,和椿,96.8,96.8,93.5,95.9,359459.0,33982536.0
2026-07-27,6216,居易,22.15,22.25,22.0,22.05,84752.0,1876449.0
2026-07-27,6224,聚鼎,56.0,56.7,55.0,56.1,238335.0,13294663.0
2026-07-27,6225,天瀚,25.65,25.65,24.05,24.05,9195.0,232154.0
2026-07-27,6226,光鼎,18.1,18.85,17.5,18.65,12621694.0,229045710.0
2026-07-27,6230,尼得科超眾,116.5,116.5,113.0,114.5,26498.0,3027190.0
2026-07-27,6235,華孚,38.6,38.9,38.2,38.75,452487.0,17426499.0
2026-07-27,6239,力成,278.0,281.5,269.0,279.0,10008399.0,2760834792.0
2026-07-27,6243,迅杰,54.9,55.5,48.7,49.2,15470818.0,810537125.0
2026-07-27,6257,矽格,217.0,219.0,207.5,215.5,4155365.0,884529541.0
2026-07-27,6269,台郡,54.3,55.0,53.0,54.1,2305028.0,123826320.0
2026-07-27,6271,同欣電,188.0,189.5,178.5,183.5,4668055.0,854274260.0
2026-07-27,6272,驊陞,25.55,26.4,25.5,25.95,192570.0,4989469.0
2026-07-27,6277,宏正,77.9,79.3,77.2,78.9,341788.0,26645314.0
2026-07-27,6278,台表科,159.5,161.0,154.5,157.0,1942582.0,305273597.0
2026-07-27,6281,全國電,51.9,52.2,51.4,52.2,119892.0,6234803.0
2026-07-27,6282,康舒,47.2,47.5,45.65,46.8,6944769.0,321878150.0
2026-07-27,6283,淳安,20.85,21.0,20.1,20.5,240149.0,4907234.0
2026-07-27,6285,啟碁,248.0,255.0,244.0,249.5,4879267.0,1217295784.0
2026-07-27,6405,悅城,39.75,39.75,36.8,38.25,918509.0,34984481.0
2026-07-27,6409,旭隼,1040.0,1040.0,995.0,1000.0,633148.0,638801265.0
2026-07-27,6412,群電,81.9,82.0,81.0,82.0,486552.0,39719768.0
2026-07-27,6414,樺漢,508.0,520.0,458.0,469.0,7681758.0,3713572442.0
2026-07-27,6415,矽力*-KY,467.5,467.5,437.5,449.0,3353442.0,1502802758.0
2026-07-27,6416,瑞祺電通,103.5,108.0,99.9,102.0,1067821.0,109745135.0
2026-07-27,6426,統新,164.0,172.0,158.5,171.5,1033494.0,173071033.0
2026-07-27,6431,光麗-KY,16.65,17.0,16.65,17.0,51001.0,856618.0
2026-07-27,6438,迅得,145.0,145.0,141.5,143.0,305493.0,43541928.0
2026-07-27,6442,光聖,1345.0,1385.0,1305.0,1330.0,1828075.0,2439402250.0
2026-07-27,6443,元晶,28.65,28.65,26.95,27.35,4922999.0,136293951.0
2026-07-27,6446,藥華藥,1155.0,1205.0,1130.0,1195.0,2059810.0,2423929545.0
2026-07-27,6449,鈺邦,240.0,245.0,229.5,239.0,925550.0,217982639.0
2026-07-27,6451,訊芯-KY,440.0,443.5,415.5,422.5,2714189.0,1169634143.0
2026-07-27,6456,GIS-KY,64.1,64.4,61.3,63.1,1858442.0,116759095.0
2026-07-27,6464,台數科,79.7,79.7,78.9,79.6,16010.0,1272991.0
2026-07-27,6472,保瑞,396.0,403.0,390.0,396.5,460173.0,182355782.0
2026-07-27,6477,安集,39.0,39.05,35.85,36.55,2867609.0,106162385.0
2026-07-27,6491,晶碩,334.5,338.5,332.0,338.0,409171.0,137614501.0
2026-07-27,6504,南六,38.5,41.65,37.85,40.8,240615.0,9658716.0
2026-07-27,6505,台塑化,81.7,82.9,77.3,77.9,40318333.0,3178091499.0
2026-07-27,6515,穎崴,6395.0,6415.0,6095.0,6395.0,182445.0,1140394315.0
2026-07-27,6525,捷敏-KY,142.0,144.0,137.5,142.0,1970954.0,276686159.0
2026-07-27,6526,達發,575.0,585.0,565.0,576.0,370655.0,212120902.0
2026-07-27,6531,愛普*,823.0,826.0,773.0,773.0,4339503.0,3440277917.0
2026-07-27,6533,晶心科,216.5,217.0,207.0,213.5,577276.0,122426765.0
2026-07-27,6534,正瀚-創,93.0,93.4,92.1,92.5,84544.0,7847205.0
2026-07-27,6541,泰福-KY,39.3,40.75,38.65,39.5,297370.0,11723443.0
2026-07-27,6550,北極星藥業-KY,12.15,12.15,11.9,11.9,836358.0,10022490.0
2026-07-27,6552,易華電,25.25,25.3,24.8,25.25,140799.0,3522498.0
2026-07-27,6558,興能高,27.0,27.0,26.5,26.8,164984.0,4403974.0
2026-07-27,6573,虹揚-KY,18.85,19.0,17.7,18.3,397450.0,7228759.0
2026-07-27,6579,研揚,178.5,181.5,165.5,169.5,1688364.0,290555386.0
2026-07-27,6581,鋼聯,107.0,108.5,107.0,108.5,28416.0,3062528.0
2026-07-27,6582,申豐,33.15,33.15,31.8,32.05,37287.0,1197429.0
2026-07-27,6585,鼎基,121.5,122.5,119.0,121.0,346673.0,41794015.0
2026-07-27,6589,台康生技,46.2,47.45,45.65,47.05,624959.0,29280479.0
2026-07-27,6591,動力-KY,45.3,45.8,44.85,45.05,124392.0,5624882.0
2026-07-27,6592,和潤企業,61.3,61.3,60.2,60.5,339308.0,20584555.0
2026-07-27,6598,ABC-KY,27.7,30.45,27.7,30.0,1306729.0,38780107.0
2026-07-27,6605,帝寶,131.5,133.0,130.5,132.5,268787.0,35504766.0
2026-07-27,6606,建德工業,25.7,26.15,25.4,26.05,49259.0,1269687.0
2026-07-27,6614,資拓宏宇,38.1,38.55,37.9,38.55,43973.0,1671573.0
2026-07-27,6625,必應,75.2,75.9,74.8,75.0,57531.0,4328161.0
2026-07-27,6641,基士德-KY,17.55,17.9,17.55,17.75,22061.0,391238.0
2026-07-27,6645,金萬林-創,13.85,13.95,13.5,13.5,17101.0,235130.0
2026-07-27,6655,科定,117.0,118.0,117.0,118.0,4007.0,469819.0
2026-07-27,6657,華安,33.55,33.8,32.9,33.05,138415.0,4596818.0
2026-07-27,6658,聯策,154.0,157.5,152.5,155.5,250204.0,38774601.0
2026-07-27,6666,羅麗芬-KY,43.85,44.9,43.85,44.9,14067.0,626689.0
2026-07-27,6668,中揚光,33.8,36.7,33.7,34.7,905118.0,31994376.0
2026-07-27,6669,緯穎,5700.0,5780.0,5480.0,5745.0,1821304.0,10197121080.0
2026-07-27,6670,復盛應用,270.0,273.5,268.0,273.0,491392.0,133725946.0
2026-07-27,6671,三能-KY,22.35,22.45,22.2,22.4,14505.0,323658.0
2026-07-27,6672,騰輝電子-KY,225.5,228.0,217.0,221.0,1749271.0,387875999.0
2026-07-27,6674,鋐寶科技,16.05,16.05,15.6,15.95,13004.0,206164.0
2026-07-27,6689,伊雲谷,60.9,61.1,59.8,61.1,72012.0,4340571.0
2026-07-27,6691,洋基工程,726.0,726.0,687.0,696.0,697829.0,485590580.0
2026-07-27,6695,芯鼎,52.1,52.6,50.2,51.0,640333.0,32775903.0
2026-07-27,6698,旭暉應材,34.2,34.3,33.05,33.7,185198.0,6228106.0
2026-07-27,6706,惠特,105.5,109.5,104.0,107.5,1618720.0,171491081.0
2026-07-27,6715,嘉基,415.0,418.5,388.0,398.0,819941.0,326493714.0
2026-07-27,6719,力智,230.5,232.0,218.5,222.5,1244267.0,277710071.0
2026-07-27,6722,輝創,34.4,34.4,33.7,34.15,20005.0,680621.0
2026-07-27,6742,澤米,42.05,43.9,42.05,43.25,494745.0,21293036.0
2026-07-27,6743,安普新,30.5,30.9,30.15,30.9,176425.0,5397574.0
2026-07-27,6753,龍德造船,139.5,139.5,132.5,138.0,1506212.0,204816070.0
2026-07-27,6754,匯僑設計,42.05,42.55,41.8,42.25,19000.0,798550.0
2026-07-27,6756,威鋒電子,96.1,97.0,93.6,95.0,117008.0,11082720.0
2026-07-27,6757,台灣虎航,54.9,55.9,54.7,55.5,1649265.0,91291612.0
2026-07-27,6768,志強-KY,69.9,72.9,69.1,72.0,471663.0,33658106.0
2026-07-27,6770,力積電,61.6,62.1,59.0,61.9,104654052.0,6338329029.0
2026-07-27,6771,平和環保-創,38.5,38.6,38.45,38.5,39385.0,1516608.0
2026-07-27,6776,展碁國際,54.2,54.5,53.7,54.0,131744.0,7113645.0
2026-07-27,6781,AES-KY,995.0,997.0,967.0,990.0,406482.0,400109200.0
2026-07-27,6782,視陽,183.5,186.0,182.0,184.5,95372.0,17576587.0
2026-07-27,6789,采鈺,465.5,474.0,452.0,461.5,1092683.0,504716114.0
2026-07-27,6790,永豐實,38.75,39.0,38.7,39.0,93112.0,3619258.0
2026-07-27,6792,詠業,52.1,52.6,52.0,52.0,50500.0,2632749.0
2026-07-27,6794,向榮生技,78.6,78.6,76.7,77.5,15250.0,1177000.0
2026-07-27,6796,晉弘,57.5,59.0,57.5,58.2,19108.0,1111168.0
2026-07-27,6799,來頡,82.2,82.2,80.2,81.8,184628.0,14967854.0
2026-07-27,6805,富世達,1410.0,1455.0,1360.0,1455.0,567312.0,807037250.0
2026-07-27,6807,峰源-KY,34.1,34.15,33.5,33.85,8000.0,269700.0
2026-07-27,6830,汎銓,360.0,386.0,351.5,374.5,1450813.0,538097921.0
2026-07-27,6831,邁科,678.0,678.0,620.0,630.0,392782.0,249429110.0
2026-07-27,6834,天二科技,88.3,96.6,88.1,91.4,3529813.0,324146876.0
2026-07-27,6835,圓裕,31.7,32.3,31.05,31.65,85037.0,2693205.0
2026-07-27,6838,台新藥,24.3,24.3,23.8,24.3,121893.0,2939189.0
2026-07-27,6854,錼創科技-KY創,98.8,99.1,95.0,96.2,284387.0,27536138.0
2026-07-27,6861,睿生光電,206.0,209.0,200.0,207.0,377323.0,76846430.0
2026-07-27,6862,三集瑞-KY,141.0,144.0,138.5,142.0,164417.0,23136958.0
2026-07-27,6863,永道-KY,117.5,126.0,117.5,125.5,840661.0,103108549.0
2026-07-27,6869,雲豹能源,67.3,68.4,66.4,68.4,395899.0,26793912.0
2026-07-27,6873,泓德能源,85.8,85.9,83.5,85.3,315830.0,26692349.0
2026-07-27,6885,全福生技,20.8,21.3,20.8,21.05,195571.0,4106091.0
2026-07-27,6887,寶綠特-KY,37.85,38.0,37.5,37.5,18000.0,677900.0
2026-07-27,6890,來億-KY,175.0,183.5,172.5,175.5,570252.0,101237604.0
2026-07-27,6901,鑽石投資,16.5,17.45,16.4,17.4,2180207.0,37095497.0
2026-07-27,6902,GOGOLOOK,122.0,122.0,117.5,120.5,62562.0,7461601.0
2026-07-27,6906,現觀科,70.8,71.3,69.8,71.0,30507.0,2153286.0
2026-07-27,6908,宏碁遊戲-創,35.0,35.5,35.0,35.5,2027.0,71498.0
2026-07-27,6909,創控,42.0,42.25,40.6,41.45,349611.0,14413372.0
2026-07-27,6914,阜爾運通,145.0,145.5,144.5,145.0,41627.0,6038910.0
2026-07-27,6916,華凌,19.95,19.95,18.9,18.95,76000.0,1467550.0
2026-07-27,6918,愛派司,72.4,72.8,72.0,72.1,11346.0,821160.0
2026-07-27,6919,康霈*,98.7,103.0,98.3,102.0,3018357.0,305237639.0
2026-07-27,6921,嘉雨思-創,64.9,67.5,64.4,64.4,21034.0,1370220.0
2026-07-27,6923,中台,79.9,79.9,77.6,77.6,104562.0,8172202.0
2026-07-27,6924,榮惠-KY創,103.5,103.5,101.5,102.0,6202.0,633422.0
2026-07-27,6928,攸泰科技,51.6,51.6,49.55,50.5,343456.0,17230554.0
2026-07-27,6931,青松健康,38.95,39.15,38.9,39.15,29287.0,1142730.0
2026-07-27,6933,AMAX-KY,167.0,167.5,160.5,161.0,253540.0,41187598.0
2026-07-27,6934,心誠鎂,79.0,79.9,77.7,79.6,13160.0,1036686.0
2026-07-27,6936,永鴻生技,31.6,31.8,31.6,31.8,18124.0,573971.0
2026-07-27,6937,天虹,286.0,290.0,270.5,276.0,484520.0,135426738.0
2026-07-27,6944,兆聯實業,805.0,827.0,775.0,786.0,830619.0,659738052.0
2026-07-27,6947,台鎔科技,82.5,83.4,75.8,76.0,1640690.0,129269497.0
2026-07-27,6949,沛爾生醫-創,1000.0,1010.0,983.0,989.0,77399.0,76872026.0
2026-07-27,6951,青新-創,71.9,72.0,71.8,71.9,23687.0,1703786.0
2026-07-27,6952,大武山,35.2,35.2,35.05,35.05,8060.0,283257.0
2026-07-27,6955,邦睿生技-創,115.5,115.5,115.0,115.0,11000.0,1267000.0
2026-07-27,6957,裕慶-KY,240.0,240.0,232.5,235.5,142435.0,33457620.0
2026-07-27,6958,日盛台駿,18.05,18.1,17.8,18.0,34540.0,622607.0
2026-07-27,6962,奕力-KY,33.1,33.1,31.95,32.15,1480585.0,47752540.0
2026-07-27,6965,中傑-KY,77.8,78.5,77.8,78.5,16254.0,1269817.0
2026-07-27,6969,成信實業*-創,39.75,39.8,34.7,34.7,990598.0,36869879.0
2026-07-27,6988,威力暘-創,0.0,0.0,0.0,0.0,0,0
2026-07-27,6994,富威電力,40.2,40.95,39.9,40.45,245436.0,9916965.0
2026-07-27,7610,聯友金屬-創,1495.0,1495.0,1495.0,1495.0,161857.0,241976215.0
2026-07-27,7631,聚賢研發-創,139.0,139.0,136.5,138.5,28968.0,3983128.0
2026-07-27,7705,三商餐飲,30.3,30.5,30.3,30.4,40817.0,1239451.0
2026-07-27,7711,永擎,291.0,302.5,290.0,302.0,214745.0,63339538.0
2026-07-27,7721,微程式,61.8,63.4,61.5,63.1,50035.0,3111111.0
2026-07-27,7722,LINEPAY,292.0,294.5,289.0,293.5,27073.0,7890550.0
2026-07-27,7730,暉盛-創,162.0,164.0,159.5,163.0,75301.0,12181490.0
2026-07-27,7732,金興精密,35.8,36.2,35.8,36.0,31000.0,1115200.0
2026-07-27,7736,虎山,70.4,70.4,70.1,70.1,15100.0,1061559.0
2026-07-27,7740,熙特爾-創,145.0,147.5,141.0,146.0,116279.0,16924395.0
2026-07-27,7749,意騰-KY,355.0,357.5,348.5,357.5,90627.0,31910832.0
2026-07-27,7750,新代,2050.0,2080.0,1975.0,2060.0,123733.0,251674470.0
2026-07-27,7760,享溫馨,34.85,34.85,33.0,34.0,82229.0,2804920.0
2026-07-27,7765,中華資安,226.5,232.0,226.5,229.0,50614.0,11609877.0
2026-07-27,7768,頌勝科技,275.0,276.5,269.0,275.0,101485.0,27618329.0
2026-07-27,7769,鴻勁,6075.0,6205.0,5860.0,6110.0,579403.0,3510127720.0
2026-07-27,7780,大研生醫*,17.35,17.4,17.15,17.2,511640.0,8824778.0
2026-07-27,7786,東方風能,128.0,128.5,126.0,128.0,238405.0,30382164.0
2026-07-27,7788,松川精密,207.0,213.5,204.0,207.5,666921.0,138814595.0
2026-07-27,7791,皇家可口,61.3,62.3,61.1,61.7,17107.0,1051770.0
2026-07-27,7795,長廣,392.5,408.0,387.0,402.5,522319.0,205798482.0
2026-07-27,7799,禾榮科,404.0,407.5,394.5,396.0,260463.0,103783162.0
2026-07-27,7803,雲象科技-創,21.15,21.6,20.5,20.85,32000.0,666450.0
2026-07-27,7818,溢泰實業,68.0,68.0,66.6,67.6,86216.0,5797438.0
2026-07-27,7821,神數,40.8,41.3,40.5,41.1,105822.0,4333090.0
2026-07-27,7822,倍利科,879.0,879.0,834.0,865.0,113616.0,96197907.0
2026-07-27,7823,奧義賽博-KY創,82.9,82.9,81.0,81.5,16016.0,1314142.0
2026-07-27,7827,漢康-KY創,136.0,142.0,132.0,141.5,316714.0,43753221.0
2026-07-27,7835,永悅健康-創,38.1,38.1,32.8,36.4,189670.0,6596780.0
2026-07-27,8011,台通,16.1,16.2,16.0,16.2,328722.0,5289512.0
2026-07-27,8016,矽創,296.5,300.0,286.5,293.5,1098293.0,321340865.0
2026-07-27,8021,尖點,372.0,390.5,360.5,390.5,6724084.0,2511662225.0
2026-07-27,8028,昇陽半導體,301.0,311.0,301.0,311.0,1910406.0,589373747.0
2026-07-27,8033,雷虎,187.0,187.0,172.5,186.0,2106219.0,371821200.0
2026-07-27,8039,台虹,235.0,244.0,216.0,216.0,43179948.0,9842727014.0
2026-07-27,8045,達運光電,61.0,62.6,59.6,60.7,240266.0,14643114.0
2026-07-27,8046,南電,1090.0,1110.0,1045.0,1075.0,12128251.0,13058714440.0
2026-07-27,8070,長華*,47.85,47.9,46.4,47.1,2076877.0,97723221.0
2026-07-27,8072,陞泰,26.7,26.95,26.55,26.95,93875.0,2510704.0
2026-07-27,8081,致新,260.0,262.0,253.0,259.0,1371151.0,351696126.0
2026-07-27,8101,華冠,12.2,12.2,12.2,12.2,1078.0,13179.0
2026-07-27,8103,瀚荃,79.4,79.7,77.0,78.5,488308.0,38044839.0
2026-07-27,8104,錸寶,32.9,33.45,32.5,32.8,301937.0,9903687.0
2026-07-27,8105,凌巨,16.9,17.0,16.35,16.8,2738546.0,45402710.0
2026-07-27,8110,華東,41.05,41.6,39.3,41.4,3647681.0,147034935.0
2026-07-27,8112,至上,88.0,88.0,81.9,84.3,20410865.0,1717431458.0
2026-07-27,8114,振樺電,228.0,231.0,210.5,217.5,1962515.0,430659988.0
2026-07-27,8131,福懋科,63.6,64.6,60.8,64.6,4658217.0,291721356.0
2026-07-27,8150,南茂,90.0,90.8,85.8,89.9,34517562.0,3046567621.0
2026-07-27,8162,微矽電子-創,59.0,59.6,56.7,57.5,208881.0,12036151.0
2026-07-27,8163,達方,32.3,32.3,30.8,31.35,989405.0,30900521.0
2026-07-27,8201,無敵,12.05,12.1,12.0,12.05,30001.0,361211.0
2026-07-27,8210,勤誠,1120.0,1120.0,1085.0,1120.0,521375.0,577678625.0
2026-07-27,8213,志超,31.85,31.85,30.7,30.9,492210.0,15254443.0
2026-07-27,8215,明基材,24.35,24.35,23.45,23.8,676371.0,16095611.0
2026-07-27,8222,寶一,38.55,38.55,37.1,37.75,811399.0,30583988.0
2026-07-27,8249,菱光,43.05,43.4,42.5,43.15,125552.0,5393997.0
2026-07-27,8261,富鼎,216.5,219.0,196.0,216.5,2900635.0,596995534.0
2026-07-27,8271,宇瞻,211.0,218.0,206.0,218.0,6353352.0,1346762778.0
2026-07-27,8341,日友,77.5,77.9,77.1,77.4,203154.0,15735415.0
2026-07-27,8367,建新國際,40.15,40.6,40.15,40.4,34238.0,1383118.0
2026-07-27,8374,羅昇,78.3,78.3,76.2,78.0,141393.0,10924125.0
2026-07-27,8404,百和興業-KY,16.65,16.9,16.6,16.65,129579.0,2168821.0
2026-07-27,8411,福貞-KY,13.1,13.15,12.9,13.15,72951.0,953876.0
2026-07-27,8422,可寧衛*,26.25,26.25,25.4,25.7,6647823.0,170413419.0
2026-07-27,8429,金麗-KY,6.07,6.14,6.06,6.11,84885.0,517354.0
2026-07-27,8438,昶昕,66.4,66.4,63.4,65.0,385729.0,24846105.0
2026-07-27,8442,威宏-KY,46.3,46.3,45.45,45.9,45055.0,2059737.0
2026-07-27,8443,阿瘦,11.4,11.5,11.4,11.45,19232.0,220226.0
2026-07-27,8454,富邦媒,240.0,244.5,235.5,244.5,640121.0,154141918.0
2026-07-27,8462,柏文,157.0,159.0,156.0,158.5,108810.0,17199655.0
2026-07-27,8463,潤泰材,21.4,21.55,21.35,21.55,20000.0,428649.0
2026-07-27,8464,億豐,376.5,380.0,373.0,379.0,579152.0,218768655.0
2026-07-27,8466,美吉吉-KY,16.85,17.3,16.75,17.3,26000.0,442600.0
2026-07-27,8467,波力-KY,100.5,103.0,100.5,103.0,6000.0,613500.0
2026-07-27,8473,山林水,44.25,44.5,43.3,43.7,335426.0,14708840.0
2026-07-27,8476,台境*,23.45,23.45,21.2,21.5,1470965.0,32097183.0
2026-07-27,8478,東哥遊艇,150.5,153.5,149.5,153.0,145336.0,22120994.0
2026-07-27,8481,政伸,40.0,40.25,40.0,40.25,5025.0,201672.0
2026-07-27,8482,商億-KY,49.9,49.9,48.4,48.4,8142.0,398542.0
2026-07-27,8487,愛爾達-創,75.5,75.5,75.3,75.3,19266.0,1453433.0
2026-07-27,8488,吉源-KY,10.15,10.55,10.15,10.3,15000.0,154700.0
2026-07-27,8499,鼎炫-KY,263.0,265.5,257.5,261.0,41955.0,10911567.0
2026-07-27,8926,台汽電,65.2,65.3,63.3,63.5,3346134.0,214032789.0
2026-07-27,8940,新天地,16.0,16.1,16.0,16.05,15460.0,248132.0
2026-07-27,8996,高力,1055.0,1085.0,969.0,995.0,2480883.0,2501303810.0
2026-07-27,9103,美德醫療-DR,5.4,5.55,5.27,5.34,1562403.0,8419489.0
2026-07-27,9105,泰金寶-DR,8.5,8.5,8.25,8.39,17499331.0,145964874.0
2026-07-27,9110,越南控-DR,3.15,3.15,3.15,3.15,21000.0,66150.0
2026-07-27,9136,巨騰-DR,10.9,12.1,10.8,11.9,891467.0,10341322.0
2026-07-27,9802,鈺齊-KY,72.5,74.5,72.1,74.3,878025.0,64863100.0
2026-07-27,9902,台火,13.85,13.85,13.45,13.7,155523.0,2115817.0
2026-07-27,9904,寶成,24.35,24.45,24.2,24.3,12203955.0,296717389.0
2026-07-27,9905,大華,20.65,20.75,20.6,20.75,88420.0,1828335.0
2026-07-27,9906,欣巴巴,40.85,41.0,40.0,40.7,47518.0,1925791.0
2026-07-27,9907,統一實,15.15,15.2,14.95,15.1,2563441.0,38564087.0
2026-07-27,9908,大台北,29.45,29.45,28.95,29.4,159080.0,4664524.0
2026-07-27,9910,豐泰,69.4,69.8,68.6,69.2,1003058.0,69574021.0
2026-07-27,9911,櫻花,83.3,83.3,82.6,82.8,270698.0,22438737.0
2026-07-27,9912,偉聯,12.5,12.7,12.5,12.7,15498.0,195135.0
2026-07-27,9914,美利達,80.0,80.0,77.0,78.0,1419632.0,110716122.0
2026-07-27,9917,中保科,111.0,111.0,109.5,110.5,387151.0,42702433.0
2026-07-27,9918,欣天然,43.7,43.7,42.8,43.45,18445.0,794901.0
2026-07-27,9919,康那香,14.6,14.65,14.1,14.15,674103.0,9636428.0
2026-07-27,9921,巨大,88.7,88.7,84.7,85.5,2300037.0,198569498.0
2026-07-27,9924,福興,39.6,39.95,39.6,39.7,120420.0,4783877.0
2026-07-27,9925,新保,40.4,40.5,40.2,40.2,413805.0,16689233.0
2026-07-27,9926,新海,49.65,49.7,49.25,49.5,20109.0,996541.0
2026-07-27,9927,泰銘,69.7,70.5,69.6,70.5,220149.0,15430926.0
2026-07-27,9928,中視,18.1,18.15,18.0,18.05,12601.0,227527.0
2026-07-27,9929,秋雨,11.75,11.9,11.45,11.75,19000.0,221250.0
2026-07-27,9930,中聯資源,63.6,64.0,63.2,64.0,172451.0,10968489.0
2026-07-27,9931,欣高,34.25,34.25,33.85,34.0,23781.0,810390.0
2026-07-27,9933,中鼎,40.55,40.55,39.45,39.85,1257650.0,50013724.0
2026-07-27,9934,成霖,10.75,10.75,10.55,10.6,507557.0,5387416.0
2026-07-27,9935,慶豐富,19.6,19.6,19.25,19.35,226095.0,4385458.0
2026-07-27,9937,全國,55.6,55.6,55.0,55.3,30030.0,1663654.0
2026-07-27,9938,百和,47.0,47.45,46.85,47.15,1498102.0,70784311.0
2026-07-27,9939,宏全,129.5,130.0,128.0,129.0,952412.0,123059961.0
2026-07-27,9940,信義,20.35,20.35,20.15,20.25,178841.0,3625415.0
2026-07-27,9941,裕融,82.5,82.7,81.8,82.4,883706.0,72805572.0
2026-07-27,9942,茂順,124.0,124.0,123.0,123.0,105105.0,12979544.0
2026-07-27,9943,好樂迪,53.1,53.1,52.7,52.8,36002.0,1904131.0
2026-07-27,9944,新麗,17.9,17.9,17.7,17.75,30352.0,541336.0
2026-07-27,9945,潤泰新,26.35,26.35,25.95,26.35,4179188.0,109427491.0
2026-07-27,9946,三發地產,17.95,18.15,17.85,18.1,139996.0,2530449.0
2026-07-27,9955,佳龍,24.05,24.2,23.7,23.9,197090.0,4715349.0
2026-07-27,9958,世紀鋼,112.0,112.0,107.5,109.0,2819957.0,308160154.0
2026-07-27,_TAIEX,加權指數,43634.19,43634.19,43634.19,43634.19,0,0
2026-07-28,0050,元大台灣50,98.35,98.35,96.9,97.15,469130535.0,45782587206.0
2026-07-28,0051,元大中型100,133.3,133.3,130.05,130.05,148138.0,19483646.0
2026-07-28,0052,富邦科技,57.3,57.5,56.6,56.65,40995190.0,2337078952.0
2026-07-28,0053,元大電子,216.0,219.5,216.0,216.7,48894.0,10660218.0
2026-07-28,0055,元大MSCI金融,43.29,43.29,42.17,42.42,567297.0,24083843.0
2026-07-28,0056,元大高股息,49.11,49.26,48.14,48.19,114563140.0,5552328040.0
2026-07-28,0057,富邦摩台,293.4,294.0,290.9,292.05,22714.0,6666249.0
2026-07-28,0061,元大寶滬深,24.9,25.0,24.51,24.51,301286.0,7441827.0
2026-07-28,1101,台泥,24.3,24.85,24.15,24.8,49946078.0,1226654769.0
2026-07-28,1102,亞泥,33.1,33.25,32.75,33.0,7469256.0,246141265.0
2026-07-28,1103,嘉泥,13.25,13.45,13.2,13.45,760311.0,10127406.0
2026-07-28,1104,環泥,26.5,26.7,26.4,26.65,931916.0,24712194.0
2026-07-28,1108,幸福,12.05,12.05,11.9,12.05,407304.0,4878280.0
2026-07-28,1109,信大,13.8,13.8,13.7,13.7,163634.0,2247187.0
2026-07-28,1110,東泥,15.75,15.9,15.75,15.9,153533.0,2431642.0
2026-07-28,1201,味全,12.0,12.25,12.0,12.15,845836.0,10226946.0
2026-07-28,1203,味王,47.0,49.8,46.95,48.15,77266.0,3693211.0
2026-07-28,1210,大成,58.1,58.1,57.4,57.5,1468025.0,84571725.0
2026-07-28,1213,大飲,0.0,0.0,0.0,0.0,0,0
2026-07-28,1215,卜蜂,105.0,106.5,103.5,106.0,1522395.0,159482506.0
2026-07-28,1216,統一,77.2,77.8,76.6,77.4,16222955.0,1252793526.0
2026-07-28,1217,愛之味,9.97,9.98,9.91,9.98,523674.0,5208999.0
2026-07-28,1218,泰山,15.8,15.85,15.7,15.85,1537883.0,24252757.0
2026-07-28,1219,福壽,11.6,11.7,11.5,11.65,483844.0,5605990.0
2026-07-28,1220,台榮,11.25,11.25,11.1,11.2,172059.0,1922301.0
2026-07-28,1225,福懋油,26.55,26.7,26.1,26.7,128463.0,3394234.0
2026-07-28,1227,佳格,29.2,29.65,29.05,29.5,2282609.0,67102956.0
2026-07-28,1229,聯華,41.15,41.25,40.55,40.9,3069933.0,125604786.0
2026-07-28,1231,聯華食,90.3,91.8,90.3,91.8,666778.0,60720672.0
2026-07-28,1232,大統益,153.5,153.5,152.0,153.5,295849.0,45237079.0
2026-07-28,1233,天仁,29.05,29.05,28.95,29.05,14978.0,433862.0
2026-07-28,1234,黑松,33.75,33.9,33.65,33.75,221586.0,7483285.0
2026-07-28,1235,興泰,35.9,36.75,35.9,36.75,15409.0,558164.0
2026-07-28,1236,宏亞,23.35,23.75,23.2,23.5,50842.0,1193446.0
2026-07-28,1256,鮮活果汁-KY,182.0,182.0,177.5,179.5,83028.0,14893937.0
2026-07-28,1301,台塑,59.9,59.9,57.2,57.5,42839993.0,2481558441.0
2026-07-28,1303,南亞,163.0,164.0,157.0,157.0,42478669.0,6761992264.0
2026-07-28,1304,台聚,11.9,11.9,11.2,11.4,7261486.0,82905547.0
2026-07-28,1305,華夏,11.7,11.7,11.0,11.2,4037211.0,45222205.0
2026-07-28,1307,三芳,31.45,31.45,30.8,31.0,609772.0,18907949.0
2026-07-28,1308,亞聚,13.05,13.1,12.55,12.7,3351642.0,42607112.0
2026-07-28,1309,台達化,13.2,13.3,12.65,12.85,4457266.0,57574086.0
2026-07-28,1310,台苯,8.08,8.08,8.08,8.08,3252286.0,26278240.0
2026-07-28,1312,國喬,11.9,11.9,11.35,11.55,13071293.0,151124410.0
2026-07-28,1313,聯成,11.25,11.25,10.8,10.95,4278260.0,46775613.0
2026-07-28,1314,中石化,7.94,7.95,7.73,7.8,31459650.0,245747802.0
2026-07-28,1315,達新,64.0,64.0,63.5,63.7,30250.0,1925951.0
2026-07-28,1316,上曜,10.1,10.15,9.98,9.99,2839802.0,28475167.0
2026-07-28,1319,東陽,72.4,72.4,70.0,70.1,4942825.0,349036061.0
2026-07-28,1321,大洋,32.1,32.45,32.0,32.15,114923.0,3687903.0
2026-07-28,1323,永裕,19.75,19.85,19.4,19.8,39954.0,784679.0
2026-07-28,1324,地球,10.15,10.25,10.15,10.2,35588.0,362885.0
2026-07-28,1325,恆大,27.1,27.5,26.3,27.0,622091.0,16658911.0
2026-07-28,1326,台化,61.8,62.8,60.7,60.9,39784141.0,2443624995.0
2026-07-28,1337,再生-KY,4.74,4.77,4.69,4.7,459933.0,2171836.0
2026-07-28,1338,廣華-KY,15.5,15.55,15.15,15.45,229783.0,3518982.0
2026-07-28,1339,昭輝,44.4,44.75,43.9,44.2,46441.0,2050884.0
2026-07-28,1340,勝悅-KY,5.26,5.26,5.16,5.2,111267.0,577830.0
2026-07-28,1341,富林-KY,57.0,58.4,57.0,58.4,7121.0,409215.0
2026-07-28,1342,八貫,108.5,108.5,105.0,105.5,426570.0,45257765.0
2026-07-28,1402,遠東新,27.5,27.7,27.2,27.4,11021149.0,302742038.0
2026-07-28,1409,新纖,22.2,22.2,21.05,21.3,12664284.0,271266648.0
2026-07-28,1410,南染,26.45,26.45,24.75,24.8,83130.0,2101605.0
2026-07-28,1413,宏洲,10.4,10.4,9.9,9.92,290824.0,2919236.0
2026-07-28,1414,東和,18.45,18.6,17.7,18.6,519162.0,9288709.0
2026-07-28,1416,廣豐,10.95,10.95,10.7,10.8,428249.0,4624787.0
2026-07-28,1417,嘉裕,8.32,8.35,8.2,8.34,104372.0,864617.0
2026-07-28,1418,東華,18.6,18.6,18.2,18.6,20063.0,370050.0
2026-07-28,1419,新紡,69.7,69.7,67.6,68.2,166701.0,11392572.0
2026-07-28,1423,利華,35.7,35.95,35.15,35.7,30171.0,1075306.0
2026-07-28,1432,大魯閣,15.05,15.05,14.95,15.0,165680.0,2480851.0
2026-07-28,1434,福懋,18.25,18.25,17.7,18.0,4077232.0,73197044.0
2026-07-28,1435,中福,26.5,26.5,22.95,23.5,107811.0,2586406.0
2026-07-28,1436,華友聯,37.2,37.2,35.7,36.1,574681.0,20687901.0
2026-07-28,1437,勤益控,30.65,30.9,30.6,30.9,212860.0,6551542.0
2026-07-28,1438,三地開發,21.8,21.9,21.6,21.9,20050.0,437243.0
2026-07-28,1439,雋揚,27.05,27.05,25.7,26.85,29464.0,781237.0
2026-07-28,1440,南紡,12.7,12.7,12.35,12.5,2425297.0,30173367.0
2026-07-28,1441,大東,8.85,9.09,8.85,9.09,10934.0,98087.0
2026-07-28,1442,名軒,30.5,30.5,29.25,29.9,590024.0,17587215.0
2026-07-28,1443,立益物流,26.0,26.0,25.45,25.8,11005.0,282275.0
2026-07-28,1444,力麗,7.56,7.6,7.38,7.4,1633931.0,12144155.0
2026-07-28,1445,大宇,10.65,10.7,10.55,10.7,35653.0,378144.0
2026-07-28,1446,宏和,14.05,14.05,13.7,13.7,447962.0,6177377.0
2026-07-28,1447,力鵬,7.16,7.2,6.91,7.03,3065168.0,21507688.0
2026-07-28,1449,佳和,12.7,12.7,12.15,12.25,536234.0,6625418.0
2026-07-28,1451,年興,17.4,17.4,17.25,17.4,194533.0,3372768.0
2026-07-28,1452,宏益,11.5,11.5,11.2,11.45,77301.0,880898.0
2026-07-28,1453,大將,11.15,11.15,11.0,11.15,39639.0,439779.0
2026-07-28,1454,台富,12.45,12.55,12.3,12.35,33427.0,414601.0
2026-07-28,1455,集盛,8.96,8.97,8.74,8.92,795002.0,7052087.0
2026-07-28,1456,怡華,13.85,14.0,13.65,13.9,38202.0,529587.0
2026-07-28,1457,宜進,14.35,14.35,14.0,14.35,152406.0,2154330.0
2026-07-28,1460,宏遠,6.84,6.84,6.7,6.82,514716.0,3476869.0
2026-07-28,1463,強盛新,17.8,17.8,17.6,17.8,55268.0,978595.0
2026-07-28,1464,得力,10.4,10.4,10.25,10.35,397210.0,4087898.0
2026-07-28,1465,偉全,12.7,12.7,12.2,12.45,215163.0,2667326.0
2026-07-28,1466,聚隆,16.25,16.25,15.75,16.1,613310.0,9775124.0
2026-07-28,1467,南緯,10.1,10.4,9.7,10.25,973500.0,9696147.0
2026-07-28,1468,昶和,13.1,13.1,13.0,13.1,59266.0,772876.0
2026-07-28,1470,大統新創,22.5,22.75,22.5,22.75,3150.0,71409.0
2026-07-28,1471,首利,9.53,9.67,9.4,9.4,273073.0,2588072.0
2026-07-28,1472,三洋實業,88.0,89.4,88.0,89.4,6053.0,537372.0
2026-07-28,1473,台南,20.2,20.2,19.8,20.05,113852.0,2265600.0
2026-07-28,1474,弘裕,10.45,10.45,10.05,10.25,130849.0,1333171.0
2026-07-28,1475,業旺,26.35,26.8,26.0,26.5,40580.0,1063040.0
2026-07-28,1476,儒鴻,338.0,340.0,333.0,339.0,1152286.0,388939750.0
2026-07-28,1477,聚陽,216.5,217.0,213.5,214.5,1057007.0,227708090.0
2026-07-28,1503,士電,196.0,197.5,190.5,190.5,1664218.0,321208580.0
2026-07-28,1504,東元,65.0,65.9,62.7,63.0,13623232.0,870069980.0
2026-07-28,1506,正道,10.65,10.65,10.2,10.4,300628.0,3113110.0
2026-07-28,1512,瑞利,6.81,6.88,6.7,6.7,37883.0,256468.0
2026-07-28,1513,中興電,155.0,156.0,152.0,152.5,4409680.0,676275522.0
2026-07-28,1514,亞力,102.5,103.5,100.0,101.0,1913489.0,194130642.0
2026-07-28,1515,力山,31.0,31.4,29.9,29.95,2650727.0,80550944.0
2026-07-28,1516,川飛,16.0,16.0,15.45,15.45,28542.0,446800.0
2026-07-28,1517,利奇,11.55,11.7,11.1,11.4,833823.0,9443956.0
2026-07-28,1519,華城,710.0,714.0,667.0,668.0,1499524.0,1029827438.0
2026-07-28,1521,大億,24.9,25.15,24.65,24.9,15709.0,391047.0
2026-07-28,1522,堤維西,28.05,28.05,27.45,27.6,459417.0,12685352.0
2026-07-28,1524,耿鼎,25.8,26.0,25.5,25.65,505033.0,12973237.0
2026-07-28,1525,江申,68.8,68.9,67.0,67.5,11163.0,757947.0
2026-07-28,1526,日馳,18.0,19.4,17.2,17.2,5754829.0,106514019.0
2026-07-28,1527,鑽全,33.8,33.95,33.45,33.55,255995.0,8590736.0
2026-07-28,1528,恩德,18.5,18.5,17.75,17.8,1577929.0,28472679.0
2026-07-28,1529,樂事綠能,18.2,18.2,17.05,17.4,867756.0,15107782.0
2026-07-28,1530,亞崴,28.25,28.35,27.8,28.3,76600.0,2149896.0
2026-07-28,1531,高林股,13.0,13.05,12.8,12.85,190246.0,2450398.0
2026-07-28,1532,勤美,23.0,23.0,22.4,22.55,1239947.0,27898993.0
2026-07-28,1533,車王電,33.55,33.55,32.05,32.05,163762.0,5304218.0
2026-07-28,1535,中宇,46.0,46.8,45.2,45.85,142721.0,6519294.0
2026-07-28,1536,和大,49.25,49.25,47.2,47.65,2565479.0,122922917.0
2026-07-28,1537,廣隆,127.0,128.0,127.0,128.0,92777.0,11830139.0
2026-07-28,1538,正峰,9.9,10.0,9.82,9.82,7001.0,69260.0
2026-07-28,1539,巨庭,16.25,16.25,15.9,16.1,65684.0,1051674.0
2026-07-28,1540,喬福,21.35,21.35,20.5,20.75,468153.0,9712334.0
2026-07-28,1541,錩泰,22.4,22.4,21.1,21.1,45622.0,970833.0
2026-07-28,1558,伸興,90.2,90.2,88.9,89.2,102987.0,9208062.0
2026-07-28,1560,中砂,670.0,670.0,635.0,635.0,1224060.0,794381653.0
2026-07-28,1563,巧新,60.5,60.5,57.6,57.9,1375234.0,80758930.0
2026-07-28,1568,倉佑,27.7,27.95,27.1,27.3,596090.0,16314650.0
2026-07-28,1582,信錦,68.7,68.7,66.1,66.1,1207891.0,80788582.0
2026-07-28,1583,程泰,49.05,49.85,49.05,49.85,16306.0,809401.0
2026-07-28,1587,吉茂,25.1,25.1,24.35,24.35,330177.0,8105958.0
2026-07-28,1590,亞德客-KY,1405.0,1430.0,1365.0,1365.0,1467855.0,2033513090.0
2026-07-28,1597,直得,124.5,124.5,117.0,117.5,907826.0,109035564.0
2026-07-28,1598,岱宇,19.7,19.8,19.05,19.75,315908.0,6159896.0
2026-07-28,1603,華電,28.8,29.05,28.3,28.55,415205.0,11881104.0
2026-07-28,1604,聲寶,23.3,23.4,23.2,23.35,347239.0,8097105.0
2026-07-28,1605,華新,31.8,31.85,30.25,30.6,31088721.0,958143553.0
2026-07-28,1608,華榮,29.0,29.25,28.3,28.3,2275192.0,65082155.0
2026-07-28,1609,大亞,35.6,35.8,34.3,34.35,5023738.0,175000370.0
2026-07-28,1611,中電,11.95,11.95,11.65,11.8,712684.0,8386361.0
2026-07-28,1612,宏泰,31.15,31.15,30.45,30.5,1121413.0,34415971.0
2026-07-28,1614,三洋電,31.05,31.15,30.8,31.15,58085.0,1800848.0
2026-07-28,1615,大山,43.15,43.15,41.8,42.15,119548.0,5039463.0
2026-07-28,1616,億泰,19.0,19.0,18.6,18.75,758142.0,14200528.0
2026-07-28,1617,榮星,17.25,17.85,16.95,17.25,529798.0,9151778.0
2026-07-28,1618,合機,38.5,38.5,37.75,38.0,679196.0,25815625.0
2026-07-28,1623,大東電,219.0,219.5,215.0,218.0,182787.0,39634253.0
2026-07-28,1626,艾美特-KY,9.9,9.98,9.87,9.97,60196.0,597091.0
2026-07-28,1702,南僑,33.1,33.35,33.0,33.35,246059.0,8163887.0
2026-07-28,1707,葡萄王,90.8,91.0,90.1,90.6,396506.0,35879704.0
2026-07-28,1708,東鹼,51.0,51.1,48.5,49.55,4384490.0,218131091.0
2026-07-28,1709,和益,24.6,25.4,24.3,24.55,4787316.0,118532787.0
2026-07-28,1710,東聯,14.25,14.25,13.65,13.8,10851316.0,150130803.0
2026-07-28,1711,永光,34.0,34.15,32.55,32.65,5875698.0,194810659.0
2026-07-28,1712,興農,39.45,39.45,39.1,39.35,915257.0,35934919.0
2026-07-28,1713,國化,48.0,48.2,47.55,47.6,246150.0,11768024.0
2026-07-28,1714,和桐,14.2,14.2,13.55,13.65,13842768.0,190466307.0
2026-07-28,1717,長興,59.0,62.1,57.8,57.8,15364576.0,907963652.0
2026-07-28,1718,中纖,10.0,10.05,9.71,9.73,31065092.0,305075520.0
2026-07-28,1720,生達,57.4,57.5,56.8,57.3,394680.0,22531309.0
2026-07-28,1721,三晃,20.8,20.8,19.55,19.55,869361.0,17302847.0
2026-07-28,1722,台肥,46.7,46.7,45.9,46.05,2312266.0,106538423.0
2026-07-28,1723,中碳,85.2,85.2,82.6,83.8,788423.0,65926485.0
2026-07-28,1725,元禎,29.2,29.4,28.65,29.0,52440.0,1520642.0
2026-07-28,1726,永記,76.5,77.4,76.4,77.4,40148.0,3089838.0
2026-07-28,1727,中華化,73.2,73.2,69.7,71.1,2440819.0,174180125.0
2026-07-28,1730,花仙子,51.6,51.6,51.0,51.1,46915.0,2401718.0
2026-07-28,1731,美吾華,20.65,20.65,20.5,20.6,133532.0,2745359.0
2026-07-28,1732,毛寶,27.3,27.3,26.65,26.75,327687.0,8777174.0
2026-07-28,1733,五鼎,32.2,32.3,31.65,31.7,244495.0,7809156.0
2026-07-28,1734,杏輝,31.55,31.95,31.0,31.85,508714.0,16099952.0
2026-07-28,1735,日勝化,19.3,19.55,18.9,19.0,250032.0,4788648.0
2026-07-28,1736,喬山,131.5,132.5,129.0,130.5,384278.0,50178622.0
2026-07-28,1737,臺鹽,32.2,32.4,32.1,32.15,155211.0,5004027.0
2026-07-28,1752,南光,31.45,31.7,31.3,31.7,53253.0,1676146.0
2026-07-28,1760,寶齡富錦,60.0,60.4,59.6,59.7,174686.0,10466000.0
2026-07-28,1762,中化生,33.9,33.9,32.0,32.7,275216.0,9048598.0
2026-07-28,1773,勝一,158.0,158.0,153.0,154.0,651757.0,100901809.0
2026-07-28,1776,展宇,17.05,17.2,16.65,17.0,84994.0,1431950.0
2026-07-28,1783,和康生,40.9,40.9,39.6,40.1,97338.0,3904833.0
2026-07-28,1786,科妍,49.3,50.0,49.0,49.2,188864.0,9327652.0
2026-07-28,1789,神隆,19.75,19.75,19.1,19.25,571128.0,10993038.0
2026-07-28,1795,美時,183.5,183.5,175.0,176.5,2420537.0,430049310.0
2026-07-28,1802,台玻,50.4,50.4,48.1,48.15,21661561.0,1064048061.0
2026-07-28,1805,寶徠,9.95,9.95,9.6,9.74,238303.0,2336509.0
2026-07-28,1806,冠軍,8.17,8.17,7.96,8.02,530208.0,4249607.0
2026-07-28,1808,潤隆,32.15,32.15,31.45,31.6,687849.0,21738689.0
2026-07-28,1809,中釉,35.6,35.7,33.25,33.65,1755408.0,60610177.0
2026-07-28,1810,和成,25.3,26.05,24.75,24.85,11003767.0,278083434.0
2026-07-28,1817,凱撒衛,38.55,38.8,38.4,38.7,94615.0,3652008.0
2026-07-28,1903,士紙,48.2,48.55,47.9,48.55,108214.0,5230175.0
2026-07-28,1904,正隆,21.55,21.55,20.95,21.35,1531160.0,32402156.0
2026-07-28,1905,華紙,13.4,13.4,13.0,13.0,2740609.0,36083498.0
2026-07-28,1906,寶隆,10.8,10.9,10.7,10.9,54804.0,592850.0
2026-07-28,1907,永豐餘,28.05,28.2,27.9,28.15,1428820.0,40134548.0
2026-07-28,1909,榮成,9.95,10.1,9.94,10.05,2480675.0,24810820.0
2026-07-28,2002,中鋼,19.1,19.2,18.85,19.0,36336854.0,689739718.0
2026-07-28,2006,東和鋼鐵,72.9,72.9,71.8,72.5,2094278.0,151967109.0
2026-07-28,2007,燁興,7.1,7.1,6.9,6.98,285809.0,1993324.0
2026-07-28,2008,高興昌,30.15,30.7,30.1,30.55,25180.0,765602.0
2026-07-28,2009,第一銅,37.95,39.5,36.6,36.75,5050723.0,193706770.0
2026-07-28,2010,春源,21.05,21.15,20.85,21.1,1045505.0,21970362.0
2026-07-28,2012,春雨,15.65,15.85,15.55,15.8,69054.0,1082595.0
2026-07-28,2013,中鋼構,40.75,40.85,40.65,40.8,124442.0,5070387.0
2026-07-28,2014,中鴻,17.1,17.1,16.8,16.95,2840496.0,48132831.0
2026-07-28,2015,豐興,64.6,64.6,64.0,64.6,428326.0,27557721.0
2026-07-28,2017,官田鋼,9.0,9.0,8.69,8.76,432303.0,3795340.0
2026-07-28,2020,美亞,21.35,21.4,21.0,21.1,274479.0,5790259.0
2026-07-28,2022,聚亨,7.7,7.75,7.6,7.62,784810.0,5990473.0
2026-07-28,2023,燁輝,13.75,13.85,13.6,13.85,1438293.0,19692881.0
2026-07-28,2024,志聯,13.75,13.75,13.65,13.75,17011.0,232695.0
2026-07-28,2025,千興,11.75,11.85,11.5,11.75,303246.0,3530811.0
2026-07-28,2027,大成鋼,43.3,44.05,42.0,42.2,18884961.0,802342931.0
2026-07-28,2028,威致,15.6,15.6,15.3,15.5,106154.0,1636901.0
2026-07-28,2029,盛餘,20.6,20.75,20.5,20.6,249151.0,5139289.0
2026-07-28,2030,彰源,17.2,17.25,16.8,17.1,1110639.0,18880044.0
2026-07-28,2031,新光鋼,40.85,40.85,39.45,39.8,609219.0,24277799.0
2026-07-28,2032,新鋼,15.85,15.85,15.5,15.6,286521.0,4481253.0
2026-07-28,2033,佳大,15.1,15.2,14.7,14.7,1487100.0,20613590.0
2026-07-28,2034,允強,19.05,19.1,18.75,18.85,1645764.0,31021719.0
2026-07-28,2038,海光,12.55,12.55,12.25,12.35,309742.0,3828100.0
2026-07-28,2049,上銀,314.0,314.0,300.0,300.0,2141856.0,656301097.0
2026-07-28,2059,川湖,7715.0,7820.0,7450.0,7450.0,610643.0,4661760975.0
2026-07-28,2062,橋椿,18.75,18.75,18.35,18.45,211935.0,3909836.0
2026-07-28,2069,運錩,18.3,18.3,17.9,17.9,294798.0,5300643.0
2026-07-28,2072,世紀風電,150.5,153.5,148.5,153.0,857813.0,129835908.0
2026-07-28,2101,南港,33.05,33.05,32.55,32.7,1102704.0,36099609.0
2026-07-28,2102,泰豐,19.05,19.45,18.95,19.25,579722.0,11125464.0
2026-07-28,2103,台橡,21.8,21.8,21.0,21.2,6635220.0,141201439.0
2026-07-28,2104,國際中橡,9.99,9.99,9.76,9.9,7598358.0,74846208.0
2026-07-28,2105,正新,30.65,31.05,30.6,30.7,8689978.0,267626205.0
2026-07-28,2106,建大,17.8,18.45,17.75,18.4,2594552.0,47223912.0
2026-07-28,2107,厚生,25.9,25.9,25.55,25.75,245774.0,6313036.0
2026-07-28,2108,南帝,27.8,27.8,27.0,27.3,874500.0,23803739.0
2026-07-28,2109,華豐,14.45,14.45,14.25,14.45,220487.0,3150782.0
2026-07-28,2114,鑫永銓,87.6,87.7,86.6,87.2,56363.0,4909680.0
2026-07-28,2115,六暉-KY,21.95,22.0,21.65,21.75,45324.0,984203.0
2026-07-28,2201,裕隆,27.55,27.85,27.2,27.3,2002333.0,54898444.0
2026-07-28,2204,中華,52.0,52.0,51.3,51.5,1100293.0,56703770.0
2026-07-28,2206,三陽工業,63.1,63.6,62.0,62.6,1227902.0,77206250.0
2026-07-28,2207,和泰車,498.0,505.0,497.0,500.0,550204.0,275644153.0
2026-07-28,2208,台船,19.1,19.4,18.85,18.85,3781210.0,71843764.0
2026-07-28,2211,長榮鋼,88.6,88.6,87.5,88.0,492797.0,43321291.0
2026-07-28,2227,裕日車,50.7,50.7,49.55,50.4,31534.0,1580736.0
2026-07-28,2228,劍麟,80.1,80.1,77.7,77.9,118623.0,9302824.0
2026-07-28,2231,為升,92.0,93.6,91.3,91.5,318845.0,29447591.0
2026-07-28,2233,宇隆,197.5,198.0,191.5,192.0,807556.0,156980047.0
2026-07-28,2236,百達-KY,141.0,141.0,131.5,131.5,546899.0,73947211.0
2026-07-28,2239,英利-KY,20.0,20.35,19.45,19.85,93970.0,1845828.0
2026-07-28,2241,艾姆勒,33.9,33.9,31.5,31.5,664964.0,21547223.0
2026-07-28,2243,宏旭-KY,47.95,47.95,45.95,47.3,414471.0,19377554.0
2026-07-28,2247,汎德永業,225.0,227.5,222.5,224.0,54588.0,12259808.0
2026-07-28,2248,華勝-KY,62.0,62.1,59.6,59.6,80464.0,4859227.0
2026-07-28,2250,IKKA-KY,60.8,60.8,59.0,59.1,293864.0,17523471.0
2026-07-28,2254,巨鎧精密-創,60.1,60.5,59.4,60.5,5000.0,299900.0
2026-07-28,2258,鴻華先進-創,32.3,32.3,31.1,31.45,550018.0,17368148.0
2026-07-28,2301,光寶科,202.0,202.5,192.0,194.0,22352564.0,4411044775.0
2026-07-28,2302,麗正,40.3,40.35,37.85,37.9,2436751.0,94235343.0
2026-07-28,2303,聯電,115.0,117.0,113.5,113.5,152348721.0,17394791239.0
2026-07-28,2305,全友,30.6,31.8,29.9,30.5,5691039.0,175704269.0
2026-07-28,2308,台達電,1635.0,1655.0,1580.0,1580.0,16516645.0,26445438416.0
2026-07-28,2312,金寶,30.8,30.9,29.6,29.7,16217045.0,485880702.0
2026-07-28,2313,華通,190.0,193.0,181.5,182.0,32848024.0,6098200112.0
2026-07-28,2314,台揚,12.1,12.1,11.5,12.0,172353.0,2024991.0
2026-07-28,2316,楠梓電,148.0,148.0,141.0,142.5,2212479.0,318067255.0
2026-07-28,2317,鴻海,246.0,247.0,238.0,238.0,52860433.0,12780302040.0
2026-07-28,2321,東訊,14.8,15.0,14.8,14.8,7787.0,115355.0
2026-07-28,2323,中環,10.05,10.1,9.88,9.92,8504806.0,84827888.0
2026-07-28,2324,仁寶,36.1,36.1,34.5,34.7,46332721.0,1624629893.0
2026-07-28,2327,國巨*,575.0,582.0,563.0,563.0,35712662.0,20255847029.0
2026-07-28,2328,廣宇,44.0,44.25,42.3,42.55,3333249.0,143862943.0
2026-07-28,2329,華泰,43.0,43.0,40.65,40.65,5114022.0,211840704.0
2026-07-28,2330,台積電,2270.0,2305.0,2270.0,2280.0,45333029.0,103624205064.0
2026-07-28,2331,精英,18.6,18.75,18.45,18.5,1986810.0,36876654.0
2026-07-28,2332,友訊,23.7,24.55,23.0,23.6,95055048.0,2261252892.0
2026-07-28,2337,旺宏,115.0,116.0,113.0,113.0,37034980.0,4193634483.0
2026-07-28,2338,光罩,39.6,39.75,38.05,38.1,2128143.0,82385403.0
2026-07-28,2340,台亞,29.7,29.7,28.3,28.35,3657402.0,105538191.0
2026-07-28,2342,茂矽,37.2,37.2,34.6,34.7,2332641.0,82533385.0
2026-07-28,2344,華邦電,144.0,147.0,144.0,144.0,69129108.0,9972231887.0
2026-07-28,2345,智邦,2165.0,2180.0,2040.0,2040.0,2796586.0,5839505507.0
2026-07-28,2347,聯強,87.0,87.7,85.7,86.0,2806158.0,243196562.0
2026-07-28,2348,海悅,77.5,77.5,76.0,76.4,506464.0,38813281.0
2026-07-28,2349,錸德,11.0,11.0,10.65,10.65,1718321.0,18508017.0
2026-07-28,2351,順德,152.0,152.5,144.5,144.5,4770997.0,700591117.0
2026-07-28,2352,佳世達,28.2,28.45,27.4,27.7,7454488.0,206854784.0
2026-07-28,2353,宏碁,29.6,29.6,28.5,28.85,28556557.0,825293138.0
2026-07-28,2354,鴻準,55.4,55.6,53.9,54.0,5739623.0,312726559.0
2026-07-28,2355,敬鵬,39.9,39.9,37.75,38.0,5015938.0,192984483.0
2026-07-28,2356,英業達,61.3,61.9,58.8,58.8,22512172.0,1354208819.0
2026-07-28,2357,華碩,748.0,763.0,734.0,735.0,3774159.0,2804162735.0
2026-07-28,2359,所羅門,140.0,141.0,133.5,134.0,4594273.0,629972646.0
2026-07-28,2360,致茂,1990.0,2040.0,1920.0,1940.0,3354014.0,6606339715.0
2026-07-28,2362,藍天,43.85,43.85,42.6,43.0,749397.0,32205325.0
2026-07-28,2363,矽統,52.0,52.0,49.15,49.2,6439163.0,322183717.0
2026-07-28,2364,倫飛,70.2,70.4,68.1,68.4,160110.0,11036899.0
2026-07-28,2365,昆盈,28.6,28.9,27.95,27.95,1603156.0,45378932.0
2026-07-28,2367,燿華,40.95,41.0,38.3,38.4,9487299.0,373175315.0
2026-07-28,2368,金像電,851.0,851.0,809.0,809.0,5667389.0,4671082125.0
2026-07-28,2369,菱生,31.8,31.8,29.9,30.0,7460019.0,227352506.0
2026-07-28,2371,大同,25.6,25.6,24.7,24.8,11439466.0,286008694.0
2026-07-28,2373,震旦行,54.1,54.1,53.0,53.9,87432.0,4667524.0
2026-07-28,2374,佳能,65.3,66.1,63.8,63.9,3670244.0,237500944.0
2026-07-28,2375,凱美,124.0,124.0,118.5,118.5,4169068.0,504090950.0
2026-07-28,2376,技嘉,340.0,341.0,326.0,327.0,9088736.0,3007553339.0
2026-07-28,2377,微星,140.0,144.5,138.5,139.0,12319217.0,1739651348.0
2026-07-28,2379,瑞昱,741.0,755.0,727.0,731.0,3474938.0,2560727649.0
2026-07-28,2380,虹光,19.05,19.05,18.9,18.95,35652.0,675149.0
2026-07-28,2382,廣達,312.0,315.5,308.0,313.5,20455771.0,6369382540.0
2026-07-28,2383,台光電,4420.0,4690.0,4400.0,4410.0,2370592.0,10699855905.0
2026-07-28,2385,群光,104.5,104.5,102.5,103.0,2918407.0,301091344.0
2026-07-28,2387,精元,38.1,38.2,37.75,37.85,436403.0,16574681.0
2026-07-28,2388,威盛,72.5,72.5,69.1,69.8,4828567.0,341900768.0
2026-07-28,2390,云辰,10.9,10.9,10.4,10.5,741177.0,7773691.0
2026-07-28,2392,正崴,35.2,35.55,34.75,34.75,1812320.0,63651343.0
2026-07-28,2393,億光,63.5,64.2,63.1,63.2,2254403.0,143217089.0
2026-07-28,2395,研華,555.0,570.0,547.0,556.0,3455170.0,1923015605.0
2026-07-28,2397,友通,56.1,56.5,55.6,55.9,337455.0,18908059.0
2026-07-28,2399,映泰,36.0,36.0,34.0,34.3,2154705.0,75164017.0
2026-07-28,2401,凌陽,26.8,26.8,25.55,25.85,4113999.0,107378529.0
2026-07-28,2402,毅嘉,56.2,57.0,55.0,55.0,2182987.0,121740591.0
2026-07-28,2404,漢唐,1070.0,1070.0,1005.0,1010.0,2695989.0,2768663675.0
2026-07-28,2405,輔信,16.1,16.1,15.4,15.4,2259661.0,35181240.0
2026-07-28,2406,國碩,32.0,32.0,30.8,30.85,6752607.0,210910461.0
2026-07-28,2408,南亞科,392.5,399.5,392.5,392.5,60940938.0,23965458073.0
2026-07-28,2409,友達,22.75,24.85,22.0,23.9,198213564.0,4631546641.0
2026-07-28,2412,中華電,140.5,141.0,139.5,141.0,17911660.0,2514614648.0
2026-07-28,2413,環科,39.9,39.9,38.0,38.1,860384.0,33091394.0
2026-07-28,2414,精技,56.5,56.9,55.7,55.9,348844.0,19593186.0
2026-07-28,2415,錩新,32.0,32.0,30.7,30.8,219695.0,6824301.0
2026-07-28,2417,圓剛,40.0,40.3,38.5,38.6,822857.0,32304946.0
2026-07-28,2419,仲琦,24.45,24.45,23.5,23.5,734214.0,17470490.0
2026-07-28,2420,新巨,56.4,56.4,54.2,54.8,775559.0,42810378.0
2026-07-28,2421,建準,129.0,129.0,124.0,126.5,1675707.0,212770906.0
2026-07-28,2423,固緯,71.0,71.0,68.5,69.2,308597.0,21475150.0
2026-07-28,2424,隴華,8.01,8.1,7.78,7.78,56683.0,448838.0
2026-07-28,2425,承啟,44.45,45.95,43.3,43.3,4046601.0,179537729.0
2026-07-28,2426,鼎元,59.0,59.2,55.8,55.8,7226607.0,412078271.0
2026-07-28,2427,三商電,22.9,23.1,22.55,22.75,578691.0,13150040.0
2026-07-28,2428,興勤,232.5,232.5,216.0,216.0,845427.0,188019497.0
2026-07-28,2429,銘旺科,38.7,38.7,34.65,34.65,1050702.0,37631510.0
2026-07-28,2430,燦坤,17.5,17.5,17.2,17.3,162255.0,2804880.0
2026-07-28,2431,聯昌,10.5,10.5,10.1,10.4,445840.0,4571292.0
2026-07-28,2432,倚天酷碁-創,28.1,28.15,27.25,28.15,108175.0,2996859.0
2026-07-28,2433,互盛電,41.8,42.05,41.7,42.0,32189.0,1348263.0
2026-07-28,2434,統懋,65.5,65.5,59.3,59.3,229460.0,14031075.0
2026-07-28,2436,偉詮電,56.8,56.8,54.5,55.0,2382523.0,132146753.0
2026-07-28,2438,翔耀,17.55,17.55,16.8,16.8,165484.0,2817201.0
2026-07-28,2439,美律,82.6,83.2,81.7,81.9,1337821.0,110237874.0
2026-07-28,2440,太空梭,15.6,15.6,15.0,15.1,550063.0,8345748.0
2026-07-28,2441,超豐,114.0,114.5,107.5,109.5,5895812.0,648632204.0
2026-07-28,2442,新美齊,19.25,19.25,18.95,19.0,1556162.0,29616034.0
2026-07-28,2444,兆勁,11.0,11.1,10.8,10.9,258268.0,2831402.0
2026-07-28,2449,京元電子,253.0,254.5,236.0,236.0,25729671.0,6166892839.0
2026-07-28,2450,神腦,28.6,28.8,28.5,28.7,164655.0,4714279.0
2026-07-28,2451,創見,264.5,267.5,254.0,257.5,8277979.0,2149429780.0
2026-07-28,2453,凌群,51.9,52.1,50.5,50.5,465261.0,23912758.0
2026-07-28,2454,聯發科,3425.0,3460.0,3315.0,3315.0,11958794.0,40292632476.0
2026-07-28,2455,全新,310.0,321.5,300.0,302.5,6192609.0,1919949589.0
2026-07-28,2457,飛宏,23.1,23.25,22.0,22.3,3532785.0,79601265.0
2026-07-28,2458,義隆,163.0,163.0,153.5,154.5,2302827.0,362624712.0
2026-07-28,2459,敦吉,64.7,65.4,64.4,65.1,179561.0,11641903.0
2026-07-28,2460,建通,30.65,30.75,29.5,29.9,801991.0,24056012.0
2026-07-28,2461,光群雷,15.95,15.95,15.4,15.5,3016231.0,44769254.0
2026-07-28,2462,良得電,20.2,20.25,19.85,19.9,286925.0,5738708.0
2026-07-28,2464,盟立,136.0,137.5,131.0,131.0,4198620.0,561512613.0
2026-07-28,2465,麗臺,76.9,77.0,74.3,74.6,884545.0,66612972.0
2026-07-28,2466,冠西電,91.5,95.7,90.4,94.6,1882734.0,174539940.0
2026-07-28,2467,志聖,505.0,546.0,496.5,508.0,2285310.0,1191723795.0
2026-07-28,2468,華經,34.35,37.4,34.05,34.25,2123738.0,76215746.0
2026-07-28,2471,資通,48.5,48.7,47.85,48.0,196212.0,9443879.0
2026-07-28,2472,立隆電,246.0,247.0,234.5,235.0,3454399.0,827654310.0
2026-07-28,2474,可成,186.0,187.5,183.5,184.5,3226116.0,596836434.0
2026-07-28,2476,鉅祥,113.0,114.5,110.5,111.0,2296392.0,257997810.0
2026-07-28,2477,美隆電,21.7,21.7,21.1,21.5,119098.0,2539724.0
2026-07-28,2478,大毅,121.0,122.0,116.0,116.0,2730030.0,322678568.0
2026-07-28,2480,敦陽科,159.0,159.0,155.5,155.5,251675.0,39386806.0
2026-07-28,2481,強茂,129.0,131.0,123.5,124.5,11927747.0,1507014709.0
2026-07-28,2482,連宇,17.7,17.7,17.1,17.25,494758.0,8558174.0
2026-07-28,2483,百容,35.0,39.25,33.8,38.85,664252.0,24132670.0
2026-07-28,2484,希華,70.0,70.6,65.8,65.8,12655808.0,853508363.0
2026-07-28,2485,兆赫,39.1,39.1,37.0,37.0,4859423.0,183831819.0
2026-07-28,2486,一詮,214.5,220.0,205.0,205.0,7782852.0,1635046714.0
2026-07-28,2488,漢平,49.7,49.7,48.35,48.55,161492.0,7866252.0
2026-07-28,2489,瑞軒,29.2,29.2,27.4,27.45,12989188.0,363760810.0
2026-07-28,2491,吉祥全,26.65,26.9,25.4,25.4,306560.0,7923388.0
2026-07-28,2492,華新科,247.0,247.0,245.0,245.0,1820437.0,446583258.0
2026-07-28,2493,揚博,202.0,206.0,192.0,195.5,3968885.0,783862562.0
2026-07-28,2495,普安,35.05,35.3,33.65,33.9,2116965.0,72980760.0
2026-07-28,2496,卓越,59.5,59.5,58.4,58.5,58299.0,3426374.0
2026-07-28,2497,怡利電,49.55,49.55,45.75,45.75,1379338.0,64070390.0
2026-07-28,2498,宏達電,40.95,41.0,39.45,39.9,5462815.0,218943592.0
2026-07-28,2501,國建,22.35,22.45,22.15,22.4,2097795.0,46805085.0
2026-07-28,2504,國產,31.85,31.85,31.2,31.2,1668996.0,52337562.0
2026-07-28,2505,國揚,18.05,18.1,17.7,17.9,316457.0,5640042.0
2026-07-28,2506,太設,8.71,8.74,8.54,8.68,227739.0,1957702.0
2026-07-28,2509,全坤建,13.2,13.2,13.0,13.15,165647.0,2166468.0
2026-07-28,2511,太子,8.51,8.51,8.38,8.42,1756597.0,14774190.0
2026-07-28,2514,龍邦,12.8,12.85,12.6,12.8,72879.0,926003.0
2026-07-28,2515,中工,11.8,11.8,11.5,11.75,9449665.0,110103070.0
2026-07-28,2516,新建,14.2,14.2,13.9,14.0,140388.0,1968291.0
2026-07-28,2520,冠德,35.0,35.2,34.45,35.0,1383903.0,48144787.0
2026-07-28,2524,京城,36.0,36.0,35.1,35.45,81508.0,2873796.0
2026-07-28,2527,宏璟,46.2,46.2,43.0,43.15,1314649.0,57778642.0
2026-07-28,2528,皇普,19.15,19.55,18.85,19.25,992982.0,19068283.0
2026-07-28,2530,華建,19.9,20.05,19.7,19.9,740459.0,14728662.0
2026-07-28,2534,宏盛,17.4,17.4,17.1,17.2,485031.0,8342174.0
2026-07-28,2535,達欣工,86.1,86.4,85.2,86.4,295197.0,25341615.0
2026-07-28,2536,宏普,18.05,18.1,17.7,17.9,585593.0,10448515.0
2026-07-28,2537,聯上發,11.0,11.05,10.85,10.95,1702645.0,18612490.0
2026-07-28,2538,基泰,10.1,10.15,9.96,9.96,462268.0,4619924.0
2026-07-28,2539,櫻花建,41.45,41.45,40.65,41.15,795317.0,32643420.0
2026-07-28,2540,愛山林,54.3,56.4,54.0,55.9,2671677.0,148555904.0
2026-07-28,2542,興富發,43.35,43.4,42.9,42.95,4977726.0,214414184.0
2026-07-28,2543,皇昌,38.7,39.4,38.4,38.75,1324364.0,51434995.0
2026-07-28,2545,皇翔,33.3,33.3,32.8,32.8,263988.0,8687399.0
2026-07-28,2546,根基,96.0,97.1,96.0,96.8,159432.0,15396683.0
2026-07-28,2547,日勝生,10.15,10.2,10.05,10.2,2687303.0,27246462.0
2026-07-28,2548,華固,99.0,99.3,97.7,98.8,1342116.0,132149057.0
2026-07-28,2597,潤弘,163.0,163.0,159.5,161.0,226301.0,36431069.0
2026-07-28,2601,益航,6.44,6.44,6.2,6.24,3079278.0,19309385.0
2026-07-28,2603,長榮,203.0,203.0,199.0,200.0,7097030.0,1420735979.0
2026-07-28,2605,新興,31.1,31.55,30.65,31.1,5105216.0,158904753.0
2026-07-28,2606,裕民,62.0,62.4,60.8,62.1,3743516.0,231092022.0
2026-07-28,2607,榮運,47.5,47.5,46.9,47.2,381301.0,18005468.0
2026-07-28,2608,嘉里大榮,29.55,29.55,29.2,29.5,227806.0,6688040.0
2026-07-28,2609,陽明,50.6,50.9,50.1,50.7,13630141.0,687779248.0
2026-07-28,2610,華航,21.45,22.35,21.35,21.75,108306108.0,2371753630.0
2026-07-28,2611,志信,13.8,13.85,13.65,13.65,172850.0,2367473.0
2026-07-28,2612,中航,51.0,51.3,50.3,51.1,260035.0,13215101.0
2026-07-28,2613,中櫃,20.7,20.75,20.5,20.6,294919.0,6085306.0
2026-07-28,2614,東森,18.1,18.3,18.0,18.3,589437.0,10695222.0
2026-07-28,2615,萬海,82.1,84.6,82.0,83.6,6523009.0,544275339.0
2026-07-28,2616,山隆,13.8,13.8,13.45,13.6,248910.0,3366748.0
2026-07-28,2617,台航,28.55,28.7,28.35,28.5,703188.0,20049284.0
2026-07-28,2618,長榮航,41.65,42.95,41.5,42.75,72120873.0,3056748425.0
2026-07-28,2630,亞航,50.0,52.0,49.55,49.6,4302788.0,217122638.0
2026-07-28,2633,台灣高鐵,25.9,26.1,25.85,26.0,3245887.0,84165157.0
2026-07-28,2634,漢翔,60.1,63.6,59.9,60.9,59654441.0,3675854771.0
2026-07-28,2636,台驊控股,65.6,65.9,65.2,65.9,347743.0,22825255.0
2026-07-28,2637,慧洋-KY,81.1,82.8,79.8,81.9,2160476.0,176486384.0
2026-07-28,2642,宅配通,20.65,21.2,20.35,20.35,81507.0,1667413.0
2026-07-28,2645,長榮航太,190.5,194.0,184.5,185.5,2959439.0,557452195.0
2026-07-28,2646,星宇航空,21.55,21.85,21.45,21.8,8864340.0,192414770.0
2026-07-28,2701,萬企,10.85,10.85,10.7,10.8,107903.0,1159714.0
2026-07-28,2702,華園,12.75,12.75,12.5,12.75,60495.0,763877.0
2026-07-28,2704,國賓,45.0,45.65,44.55,45.65,192382.0,8678286.0
2026-07-28,2705,六福,16.25,16.25,16.0,16.1,3282031.0,48482748.0
2026-07-28,2706,第一店,12.7,12.75,12.55,12.65,186080.0,2348085.0
2026-07-28,2707,晶華,179.0,180.0,178.5,179.5,175942.0,31556102.0
2026-07-28,2712,遠雄來,14.95,14.95,14.2,14.8,17200.0,253220.0
2026-07-28,2722,夏都,22.2,22.2,21.2,21.2,46617.0,998865.0
2026-07-28,2723,美食-KY,62.0,62.3,61.5,61.9,188926.0,11697243.0
2026-07-28,2727,王品,226.0,230.0,225.0,229.0,886893.0,202422364.0
2026-07-28,2731,雄獅,146.0,146.0,143.0,143.5,457158.0,65938976.0
2026-07-28,2739,寒舍,35.0,35.1,34.7,34.95,156577.0,5462910.0
2026-07-28,2748,雲品,39.75,39.85,39.3,39.5,300869.0,11894864.0
2026-07-28,2753,八方雲集,176.5,178.0,176.5,177.0,184261.0,32637796.0
2026-07-28,2762,世界健身-KY,87.0,87.7,86.0,87.0,109785.0,9530342.0
2026-07-28,2801,彰銀,24.5,24.75,24.35,24.55,31435900.0,773106433.0
2026-07-28,2812,台中銀,20.5,20.75,20.5,20.75,27529526.0,569372299.0
2026-07-28,2816,旺旺保,33.5,33.8,33.1,33.4,301193.0,10029906.0
2026-07-28,2820,華票,16.55,16.6,16.45,16.5,1703583.0,28159317.0
2026-07-28,2832,台產,56.6,56.6,55.6,56.3,167362.0,9369691.0
2026-07-28,2834,臺企銀,18.1,18.2,17.95,18.1,42458673.0,766226376.0
2026-07-28,2836,高雄銀,12.9,13.0,12.8,13.0,12821515.0,165773213.0
2026-07-28,2838,聯邦銀,20.45,20.5,20.15,20.4,2444930.0,49556244.0
2026-07-28,2845,遠東銀,13.3,13.35,13.25,13.3,9466813.0,125916440.0
2026-07-28,2849,安泰銀,14.75,14.9,14.6,14.9,211205.0,3138306.0
2026-07-28,2850,新產,157.0,157.5,153.5,155.0,605632.0,93841745.0
2026-07-28,2851,中再保,35.2,35.2,34.15,34.4,1843949.0,63516096.0
2026-07-28,2852,第一保,26.75,26.75,26.5,26.6,366843.0,9744813.0
2026-07-28,2855,統一證,44.0,44.05,41.3,42.2,7364606.0,311453599.0
2026-07-28,2867,三商壽,9.32,9.38,9.27,9.35,13327615.0,124381978.0
2026-07-28,2880,華南金,41.0,41.65,40.85,41.4,21609607.0,892486157.0
2026-07-28,2881,富邦金,127.5,128.0,124.0,125.5,21810392.0,2735166761.0
2026-07-28,2882,國泰金,97.0,97.6,94.6,95.4,24875504.0,2379211744.0
2026-07-28,2883,凱基金,30.5,30.55,29.3,29.6,49832372.0,1483206956.0
2026-07-28,2884,玉山金,36.4,36.45,36.0,36.25,32331292.0,1172165568.0
2026-07-28,2885,元大金,64.6,64.7,62.6,63.5,36615128.0,2325365718.0
2026-07-28,2886,兆豐金,49.4,49.95,49.15,49.45,36821145.0,1825562319.0
2026-07-28,2887,台新新光金,34.55,34.65,33.85,33.95,64249178.0,2194297055.0
2026-07-28,2889,國票金,15.6,15.6,15.5,15.6,5477802.0,85127967.0
2026-07-28,2890,永豐金,39.0,39.55,38.6,38.65,31273955.0,1215176734.0
2026-07-28,2891,中信金,62.6,63.2,61.9,62.4,40111126.0,2499931693.0
2026-07-28,2892,第一金,34.6,35.1,34.5,34.8,42613912.0,1483783627.0
2026-07-28,2897,王道銀行,10.25,10.3,10.1,10.2,5142901.0,52524511.0
2026-07-28,2901,欣欣,23.95,24.15,23.55,24.15,13221.0,317126.0
2026-07-28,2903,遠百,22.4,22.4,22.15,22.3,2072479.0,46148927.0
2026-07-28,2904,匯僑,13.55,13.6,13.5,13.6,25367.0,343630.0
2026-07-28,2905,三商,16.1,16.2,15.65,16.2,1356482.0,21716291.0
2026-07-28,2906,高林,13.25,13.25,13.0,13.15,133056.0,1745269.0
2026-07-28,2908,特力,21.8,22.0,21.65,22.0,121662.0,2662895.0
2026-07-28,2910,統領,27.0,27.0,23.45,24.2,161059.0,3984203.0
2026-07-28,2911,麗嬰房,7.03,7.03,6.81,6.89,215302.0,1480714.0
2026-07-28,2912,統一超,239.0,239.0,237.0,237.5,2449179.0,583677748.0
2026-07-28,2913,農林,11.2,11.2,11.05,11.1,2547403.0,28244799.0
2026-07-28,2915,潤泰全,51.4,51.4,50.2,50.5,2004749.0,101543409.0
2026-07-28,2923,鼎固-KY,34.1,37.65,31.4,37.65,405685.0,14149044.0
2026-07-28,2929,淘帝-KY,5.83,5.9,5.7,5.83,204276.0,1176380.0
2026-07-28,2939,永邑-KY,20.45,21.6,19.2,19.2,159012.0,3242608.0
2026-07-28,2945,三商家購,41.3,41.3,40.5,41.3,5400.0,221450.0
2026-07-28,3002,歐格,17.35,17.35,16.2,16.25,368622.0,6089715.0
2026-07-28,3003,健和興,58.7,59.2,57.3,57.3,382376.0,22152121.0
2026-07-28,3004,豐達科,134.0,135.0,131.5,132.5,594769.0,79061771.0
2026-07-28,3005,神基,111.5,112.5,109.0,110.0,3288636.0,363526577.0
2026-07-28,3006,晶豪科,196.5,198.0,191.0,191.0,6617302.0,1271834434.0
2026-07-28,3008,大立光,3930.0,4125.0,3860.0,3900.0,2253064.0,8984666210.0
2026-07-28,3010,華立,116.5,116.5,112.5,113.5,862353.0,98062984.0
2026-07-28,3011,今皓,12.0,12.05,11.8,11.85,688997.0,8209763.0
2026-07-28,3013,晟銘電,82.0,82.0,79.1,79.4,1824231.0,146378670.0
2026-07-28,3014,聯陽,129.0,129.5,123.5,124.5,1031117.0,129502815.0
2026-07-28,3015,全漢,53.7,54.0,52.0,52.0,658407.0,34647032.0
2026-07-28,3016,嘉晶,87.8,89.0,84.8,84.8,3812956.0,327656756.0
2026-07-28,3017,奇鋐,2285.0,2325.0,2225.0,2240.0,3173558.0,7200028160.0
2026-07-28,3018,隆銘綠能,15.7,15.7,15.7,15.7,186828.0,2933158.0
2026-07-28,3019,亞光,129.0,130.5,126.0,126.0,3029963.0,387020740.0
2026-07-28,3021,鴻名,21.1,21.1,20.0,20.3,343819.0,7009832.0
2026-07-28,3022,威強電,87.2,92.1,87.2,89.2,2185862.0,196414911.0
2026-07-28,3023,信邦,285.0,285.0,274.5,281.5,1114727.0,312611341.0
2026-07-28,3024,憶聲,13.0,13.0,12.35,12.75,1799900.0,22736534.0
2026-07-28,3025,星通,56.3,56.3,53.3,53.4,368060.0,19913978.0
2026-07-28,3026,禾伸堂,527.0,527.0,527.0,527.0,291893.0,153827611.0
2026-07-28,3027,盛達,19.0,19.0,18.3,18.55,238976.0,4422809.0
2026-07-28,3028,增你強,61.8,62.0,60.2,60.5,1837046.0,112017356.0
2026-07-28,3029,零壹,103.0,103.5,101.0,101.5,767806.0,78360433.0
2026-07-28,3030,德律,286.0,287.5,272.5,273.5,2084641.0,581866345.0
2026-07-28,3031,佰鴻,22.5,22.65,21.65,21.8,959277.0,21116807.0
2026-07-28,3032,偉訓,81.0,81.3,78.1,78.7,578302.0,45872182.0
2026-07-28,3033,威健,47.45,47.75,45.7,45.95,7485587.0,347575441.0
2026-07-28,3034,聯詠,499.0,514.0,492.5,492.5,3358030.0,1685184190.0
2026-07-28,3035,智原,193.0,194.0,184.0,185.5,5741244.0,1087623410.0
2026-07-28,3036,文曄,199.0,200.5,190.5,190.5,8181405.0,1583717095.0
2026-07-28,3037,欣興,791.0,792.0,764.0,764.0,18182748.0,14066037522.0
2026-07-28,3038,全台,20.4,20.4,20.05,20.15,335215.0,6771746.0
2026-07-28,3040,遠見,35.55,36.4,35.3,35.4,749239.0,26904026.0
2026-07-28,3041,揚智,22.05,22.55,21.8,22.0,1684824.0,37282536.0
2026-07-28,3042,晶技,152.5,155.0,148.0,149.5,9120656.0,1377401430.0
2026-07-28,3043,科風,20.6,20.6,19.5,19.5,187515.0,3715816.0
2026-07-28,3044,健鼎,377.0,379.0,358.5,359.5,2532780.0,930378704.0
2026-07-28,3045,台灣大,113.0,114.0,112.5,114.0,11952754.0,1356849589.0
2026-07-28,3046,建碁,54.5,54.5,52.4,52.9,274360.0,14571071.0
2026-07-28,3047,訊舟,14.75,14.75,14.3,14.35,1088424.0,15722795.0
2026-07-28,3048,益登,48.8,48.8,46.25,46.45,2095644.0,99016242.0
2026-07-28,3049,精金,10.3,10.35,10.0,10.05,3262386.0,32994997.0
2026-07-28,3050,鈺德,11.4,11.4,11.0,11.2,886617.0,9891653.0
2026-07-28,3051,力特,22.5,22.5,21.75,21.75,718037.0,15769850.0
2026-07-28,3052,夆典,10.65,10.65,10.55,10.65,388934.0,4117113.0
2026-07-28,3054,立萬利,51.5,51.9,49.9,50.6,72672.0,3659801.0
2026-07-28,3055,蔚華科,120.0,122.0,113.5,114.5,3391597.0,395909474.0
2026-07-28,3056,富華新,13.9,14.15,13.65,13.9,1136717.0,15694620.0
2026-07-28,3057,喬鼎,15.4,15.4,14.2,14.5,269916.0,3954276.0
2026-07-28,3058,立德,8.5,8.5,8.24,8.33,473508.0,3941870.0
2026-07-28,3059,華晶科,39.9,39.9,38.3,38.35,2260929.0,88080111.0
2026-07-28,3060,銘異,27.5,27.6,26.8,26.8,2063167.0,55950510.0
2026-07-28,3062,建漢,20.3,20.3,19.7,19.8,2516581.0,50040740.0
2026-07-28,3090,日電貿,143.5,143.5,140.5,140.5,1105308.0,155851598.0
2026-07-28,3092,鴻碩,24.2,24.2,23.55,23.75,195219.0,4637314.0
2026-07-28,3094,聯傑,34.05,34.7,32.8,32.8,1451181.0,48580564.0
2026-07-28,3130,一零四,206.0,206.0,205.0,205.0,47430.0,9733928.0
2026-07-28,3135,凌航,150.0,152.5,145.5,145.5,1276614.0,189279068.0
2026-07-28,3138,耀登,94.5,95.0,90.0,90.0,409200.0,37729224.0
2026-07-28,3149,正達,66.5,69.5,64.2,68.1,7663141.0,516822260.0
2026-07-28,3150,鈺寶-創,16.65,16.65,15.75,16.35,83121.0,1343308.0
2026-07-28,3164,景岳,16.55,16.55,16.3,16.3,13945.0,228264.0
2026-07-28,3167,大量,577.0,577.0,536.0,536.0,1275933.0,693375192.0
2026-07-28,3168,眾福科,42.85,44.1,41.8,42.4,53310.0,2261716.0
2026-07-28,3189,景碩,650.0,700.0,639.0,639.0,19391146.0,12770179886.0
2026-07-28,3209,全科,56.1,56.1,54.5,55.0,1482132.0,81584090.0
2026-07-28,3229,晟鈦,37.4,40.6,37.0,39.4,416276.0,16140581.0
2026-07-28,3231,緯創,168.0,177.5,167.0,170.0,83361429.0,14319982787.0
2026-07-28,3257,虹冠電,50.7,50.7,49.4,49.45,401400.0,20004910.0
2026-07-28,3266,昇陽,13.4,13.7,13.35,13.65,67223.0,909682.0
2026-07-28,3296,勝德,25.2,25.2,23.8,24.1,111525.0,2711360.0
2026-07-28,3305,昇貿,103.0,104.0,101.0,101.0,1591284.0,162804602.0
2026-07-28,3308,聯德,20.35,20.35,19.05,19.25,96009.0,1851900.0
2026-07-28,3311,閎暉,33.75,34.1,33.2,33.6,335056.0,11237858.0
2026-07-28,3312,弘憶股,46.2,46.2,43.65,43.75,1147666.0,51350602.0
2026-07-28,3321,同泰,18.1,18.45,17.8,17.8,296997.0,5340705.0
2026-07-28,3338,泰碩,62.6,62.6,59.2,59.2,816231.0,49135708.0
2026-07-28,3346,麗清,20.0,20.05,19.4,19.4,549177.0,10821690.0
2026-07-28,3356,奇偶,59.4,59.5,56.0,56.3,560995.0,31919275.0
2026-07-28,3376,新日興,181.0,184.5,179.5,179.5,2129455.0,385551554.0
2026-07-28,3380,明泰,29.6,29.6,28.35,28.35,2191948.0,63134034.0
2026-07-28,3406,玉晶光,501.0,502.0,482.5,482.5,1314790.0,647110321.0
2026-07-28,3413,京鼎,316.0,321.0,305.5,308.0,2798442.0,873264295.0
2026-07-28,3416,融程電,170.0,176.0,166.5,169.5,640826.0,109145808.0
2026-07-28,3419,譁裕,12.15,12.15,11.95,11.95,200040.0,2397432.0
2026-07-28,3432,台端,16.8,16.8,15.45,15.45,61967.0,972837.0
2026-07-28,3437,榮創,17.2,17.25,16.6,16.6,587354.0,9924798.0
2026-07-28,3443,創意,3795.0,3855.0,3645.0,3660.0,2329437.0,8692975085.0
2026-07-28,3447,展達,29.4,29.4,27.55,27.8,306054.0,8623847.0
2026-07-28,3450,聯鈞,411.0,429.0,403.5,405.0,8944635.0,3705714869.0
2026-07-28,3481,群創,45.0,46.7,43.35,45.0,360645533.0,16152026128.0
2026-07-28,3494,誠研,7.12,7.21,7.0,7.17,127513.0,903305.0
2026-07-28,3501,維熹,40.1,40.2,39.9,39.9,314935.0,12598441.0
2026-07-28,3504,揚明光,62.0,69.5,61.7,62.4,5494927.0,362923761.0
2026-07-28,3515,華擎,203.0,203.0,197.0,197.0,475204.0,94611855.0
2026-07-28,3518,柏騰,25.8,25.85,24.7,24.7,524724.0,13245270.0
2026-07-28,3528,安馳,83.6,83.6,80.5,80.8,224731.0,18391917.0
2026-07-28,3530,晶相光,56.4,56.4,53.2,53.2,248862.0,13539434.0
2026-07-28,3532,台勝科,350.0,355.5,342.0,342.0,3830521.0,1325378674.0
2026-07-28,3533,嘉澤,1875.0,1880.0,1825.0,1835.0,742164.0,1372695485.0
2026-07-28,3535,晶彩科,85.0,85.1,80.0,80.0,1236001.0,101244139.0
2026-07-28,3543,州巧,27.85,28.3,27.0,27.0,606219.0,16578733.0
2026-07-28,3545,敦泰,47.7,47.7,45.85,46.45,1273522.0,59352251.0
2026-07-28,3550,聯穎,20.7,20.85,20.15,20.2,1257374.0,25690281.0
2026-07-28,3557,嘉威,25.1,25.8,25.1,25.75,30418.0,775042.0
2026-07-28,3563,牧德,640.0,659.0,631.0,635.0,491451.0,314855004.0
2026-07-28,3576,聯合再生,17.45,17.5,16.85,16.85,9601521.0,163600118.0
2026-07-28,3583,辛耘,712.0,732.0,687.0,687.0,845920.0,596734303.0
2026-07-28,3588,通嘉,53.5,53.5,50.1,50.1,380810.0,19446963.0
2026-07-28,3591,艾笛森,20.0,20.05,19.35,19.65,927058.0,18358266.0
2026-07-28,3592,瑞鼎,236.5,236.5,227.5,230.5,555534.0,128472377.0
2026-07-28,3593,力銘,12.55,13.3,12.55,13.3,5133.0,66821.0
2026-07-28,3596,智易,181.0,182.5,175.5,177.0,618671.0,110453985.0
2026-07-28,3605,宏致,88.1,88.6,83.9,84.8,5535087.0,476561767.0
2026-07-28,3607,谷崧,14.2,14.2,13.8,14.0,727360.0,10173081.0
2026-07-28,3617,碩天,208.0,212.0,205.5,208.0,275414.0,57515203.0
2026-07-28,3622,洋華,53.5,53.6,52.2,52.6,242465.0,12774689.0
2026-07-28,3645,達邁,65.5,66.1,63.8,64.1,1704877.0,110903517.0
2026-07-28,3652,精聯,30.85,31.0,29.25,29.25,460668.0,13717821.0
2026-07-28,3653,健策,3370.0,3450.0,3300.0,3370.0,1632331.0,5528356180.0
2026-07-28,3661,世芯-KY,3255.0,3255.0,3115.0,3115.0,1945551.0,6177851205.0
2026-07-28,3665,貿聯-KY,2060.0,2280.0,2055.0,2215.0,3941252.0,8689125290.0
2026-07-28,3669,圓展,41.0,42.4,40.05,40.45,1616551.0,66533159.0
2026-07-28,3673,TPK-KY,58.9,59.0,56.7,57.0,5497704.0,317035146.0
2026-07-28,3679,新至陞,110.0,110.0,108.5,109.5,36366.0,3963354.0
2026-07-28,3686,達能,15.2,15.2,14.7,15.05,159611.0,2366871.0
2026-07-28,3694,海華,57.6,57.7,55.2,55.5,1557727.0,87349904.0
2026-07-28,3701,大眾控,38.6,39.0,37.8,38.6,567856.0,21843383.0
2026-07-28,3702,大聯大,113.5,114.0,109.0,110.0,7135143.0,791708021.0
2026-07-28,3703,欣陸,20.8,20.8,20.5,20.6,1089878.0,22421115.0
2026-07-28,3704,合勤控,44.8,45.15,43.6,43.6,2090141.0,92503113.0
2026-07-28,3705,永信,54.0,54.1,53.6,54.1,210427.0,11335449.0
2026-07-28,3706,神達,89.5,89.9,87.8,88.2,11469480.0,1017862916.0
2026-07-28,3708,上緯投控,97.1,97.1,91.3,91.3,833385.0,77989108.0
2026-07-28,3711,日月光投控,570.0,582.0,551.0,554.0,28705046.0,16168805844.0
2026-07-28,3712,永崴投控,18.4,18.4,16.85,17.0,889419.0,15508549.0
2026-07-28,3714,富采,50.9,51.0,49.2,49.2,6594750.0,329164031.0
2026-07-28,3715,定穎投控,110.0,110.0,103.5,104.0,5475074.0,580151007.0
2026-07-28,3716,中化控股,33.3,33.35,32.8,33.05,135235.0,4454185.0
2026-07-28,3717,聯嘉投控,21.7,22.05,21.1,21.15,1964992.0,42052666.0
2026-07-28,4104,佳醫,70.7,71.2,70.4,70.8,191035.0,13514400.0
2026-07-28,4106,雃博,24.75,24.75,24.15,24.2,181938.0,4426704.0
2026-07-28,4108,懷特,11.55,11.55,11.25,11.4,164124.0,1861979.0
2026-07-28,4119,旭富,51.7,52.2,49.55,50.1,265951.0,13361089.0
2026-07-28,4133,亞諾法,21.75,21.75,20.95,20.95,288109.0,6078953.0
2026-07-28,4137,麗豐-KY,95.3,95.3,94.2,95.0,132964.0,12571027.0
2026-07-28,4142,國光生,16.95,17.1,16.75,16.75,1394863.0,23472048.0
2026-07-28,4148,全宇生技-KY,31.05,31.05,30.6,31.05,27126.0,834782.0
2026-07-28,4155,訊映,15.35,15.35,14.95,14.95,226909.0,3411553.0
2026-07-28,4164,承業醫,27.1,27.1,26.5,26.8,505684.0,13513706.0
2026-07-28,4169,泰宗,201.0,201.0,201.0,201.0,85101.0,17105301.0
2026-07-28,4178,永笙-KY,18.35,18.35,17.75,17.8,307729.0,5523316.0
2026-07-28,4190,佐登-KY,25.8,26.3,25.1,25.45,42958.0,1100909.0
2026-07-28,4195,基米-創,15.85,15.9,15.25,15.9,207960.0,3245694.0
2026-07-28,4306,炎洲,14.25,14.35,14.05,14.2,1286984.0,18251797.0
2026-07-28,4414,如興,8.58,8.58,8.4,8.5,194358.0,1639129.0
2026-07-28,4426,利勤,8.11,8.16,8.03,8.15,211057.0,1709209.0
2026-07-28,4438,廣越,61.1,61.1,60.0,60.8,26558.0,1600983.0
2026-07-28,4439,冠星-KY,99.2,100.0,98.5,100.0,4601.0,457000.0
2026-07-28,4440,宜新實業,17.4,17.4,17.3,17.3,546248.0,8677670.0
2026-07-28,4441,振大環球,177.0,177.0,172.0,174.0,53788.0,9346854.0
2026-07-28,4526,東台,29.55,29.6,28.9,28.95,1556050.0,45375167.0
2026-07-28,4532,瑞智,24.25,24.25,23.8,23.95,1259547.0,30232790.0
2026-07-28,4536,拓凱,165.0,167.5,164.0,165.5,356149.0,58977638.0
2026-07-28,4540,全球傳動,49.3,49.55,47.6,47.65,1144599.0,55277447.0
2026-07-28,4545,銘鈺,33.15,33.2,32.2,32.75,131042.0,4292073.0
2026-07-28,4551,智伸科,176.0,176.0,165.0,167.0,868995.0,147728224.0
2026-07-28,4552,力達-KY,18.55,18.55,18.1,18.35,140338.0,2556047.0
2026-07-28,4555,氣立,45.05,45.2,42.85,42.95,218347.0,9500056.0
2026-07-28,4557,永新-KY,51.8,51.8,50.0,50.0,108512.0,5492224.0
2026-07-28,4560,強信-KY,31.65,31.75,31.3,31.4,308121.0,9704080.0
2026-07-28,4562,穎漢,31.1,31.1,29.8,29.8,214516.0,6460712.0
2026-07-28,4564,元翎,16.8,17.1,16.45,16.65,1418522.0,23754430.0
2026-07-28,4566,時碩工業,70.1,73.9,70.0,71.1,3692258.0,265424715.0
2026-07-28,4569,六方科-KY,154.5,159.5,152.5,154.5,64000.0,9957710.0
2026-07-28,4571,鈞興-KY,150.5,151.0,145.0,149.0,303637.0,44973047.0
2026-07-28,4572,駐龍,141.5,142.0,139.0,140.5,75920.0,10680953.0
2026-07-28,4576,大銀微系統,186.5,190.0,180.0,180.5,873400.0,161347911.0
2026-07-28,4581,光隆精密-KY,50.3,50.7,50.3,50.7,19039.0,958796.0
2026-07-28,4582,聚恆-創,27.5,27.5,26.55,27.2,155998.0,4220114.0
2026-07-28,4583,台灣精銳,578.0,578.0,541.0,541.0,97003.0,53239626.0
2026-07-28,4585,達明,298.5,298.5,292.0,292.0,283699.0,83405149.0
2026-07-28,4588,玖鼎電力,50.8,50.8,49.5,49.7,85230.0,4252391.0
2026-07-28,4590,富田-創,82.3,82.5,80.1,80.1,250902.0,20229168.0
2026-07-28,4720,德淵,19.2,19.2,18.35,18.6,733628.0,13695756.0
2026-07-28,4722,國精化,197.5,197.5,184.5,184.5,1399837.0,264720937.0
2026-07-28,4736,泰博,131.5,131.5,128.5,129.5,187607.0,24347658.0
2026-07-28,4737,華廣,57.3,58.6,56.4,57.5,90832.0,5259372.0
2026-07-28,4739,康普,79.7,79.8,75.0,75.4,2114034.0,163146432.0
2026-07-28,4746,台耀,50.7,51.1,50.2,50.5,592519.0,29976157.0
2026-07-28,4755,三福化,112.0,112.5,110.0,110.5,356261.0,39587007.0
2026-07-28,4763,材料*-KY,49.25,49.4,47.5,47.65,6514036.0,314937200.0
2026-07-28,4764,雙鍵,277.5,303.0,274.0,281.0,4334521.0,1261928858.0
2026-07-28,4766,南寶,321.0,323.5,316.0,319.0,343650.0,109894653.0
2026-07-28,4770,上品,217.0,220.5,213.5,217.0,294209.0,64099867.0
2026-07-28,4771,望隼,183.5,185.5,182.0,182.0,138405.0,25381717.0
2026-07-28,4807,日成-KY,38.15,38.6,37.2,38.1,122357.0,4638498.0
2026-07-28,4904,遠傳,106.0,107.5,105.0,106.0,8820104.0,933791952.0
2026-07-28,4906,正文,33.2,33.2,31.6,31.8,5381345.0,173539149.0
2026-07-28,4912,聯德控股-KY,82.0,82.5,80.5,81.2,274922.0,22366056.0
2026-07-28,4915,致伸,64.5,65.5,63.7,64.4,4876397.0,314936421.0
2026-07-28,4916,事欣科,99.0,101.0,97.1,97.1,2590639.0,255812348.0
2026-07-28,4919,新唐,127.0,127.0,119.5,120.5,7756186.0,947188688.0
2026-07-28,4927,泰鼎-KY,33.15,33.15,30.95,31.1,3928433.0,124266728.0
2026-07-28,4930,燦星網,16.3,16.3,16.1,16.2,68842.0,1115901.0
2026-07-28,4934,太極,14.75,14.75,14.2,14.3,619619.0,8907477.0
2026-07-28,4935,茂林-KY,34.8,35.3,34.35,35.0,115621.0,4018156.0
2026-07-28,4938,和碩,86.0,86.5,82.9,83.2,7968081.0,671081742.0
2026-07-28,4942,嘉彰,37.0,37.0,36.45,36.65,391879.0,14372575.0
2026-07-28,4943,康控-KY,8.35,8.82,8.32,8.82,16784.0,140879.0
2026-07-28,4949,有成精密,64.5,64.5,61.0,61.9,647638.0,40622089.0
2026-07-28,4952,凌通,48.45,48.45,45.5,45.7,512786.0,23737758.0
2026-07-28,4956,光鋐,28.6,28.6,27.0,27.0,987286.0,27191054.0
2026-07-28,4958,臻鼎-KY,440.0,451.5,426.0,427.5,28467435.0,12406225440.0
2026-07-28,4960,誠美材,20.2,20.25,19.7,19.85,2227037.0,44443446.0
2026-07-28,4961,天鈺,156.0,156.0,151.5,152.0,493749.0,75627444.0
2026-07-28,4967,十銓,213.0,213.0,205.5,210.0,2266030.0,474379115.0
2026-07-28,4968,立積,95.9,95.9,92.3,92.3,898773.0,84030502.0
2026-07-28,4976,佳凌,32.95,36.4,32.55,34.3,12203366.0,428392901.0
2026-07-28,4977,眾達-KY,126.0,132.0,123.5,124.0,3177754.0,404857943.0
2026-07-28,4989,榮科,63.1,63.1,59.4,59.5,5007420.0,304658301.0
2026-07-28,4994,傳奇,93.1,93.2,90.6,91.8,19110.0,1760131.0
2026-07-28,4999,鑫禾,19.35,19.5,19.05,19.1,96397.0,1846104.0
2026-07-28,5007,三星,56.5,56.6,56.1,56.6,49029.0,2770540.0
2026-07-28,5203,訊連,67.5,68.1,66.3,66.3,199470.0,13359910.0
2026-07-28,5215,科嘉-KY,39.1,39.1,37.7,37.8,89126.0,3392302.0
2026-07-28,5222,全訊,115.0,115.0,109.0,110.0,636143.0,70662532.0
2026-07-28,5225,東科-KY,72.7,72.8,71.0,71.2,177327.0,12716659.0
2026-07-28,5234,達興材料,322.0,322.5,305.5,305.5,461994.0,144592409.0
2026-07-28,5236,凌陽創新,146.0,146.0,140.5,143.5,230955.0,32852737.0
2026-07-28,5243,乙盛-KY,84.0,84.0,78.9,78.9,1853541.0,149835920.0
2026-07-28,5244,弘凱,31.3,31.6,30.8,30.8,156105.0,4865417.0
2026-07-28,5258,虹堡,51.6,51.7,50.0,50.5,444407.0,22449001.0
2026-07-28,5269,祥碩,1355.0,1465.0,1350.0,1455.0,1586935.0,2259532320.0
2026-07-28,5283,禾聯碩,53.0,53.8,52.8,53.6,228031.0,12166553.0
2026-07-28,5284,jpp-KY,280.0,280.0,263.0,263.5,579176.0,155770227.0
2026-07-28,5285,界霖,74.2,74.2,70.7,71.7,1152839.0,83082245.0
2026-07-28,5288,豐祥-KY,187.5,190.5,185.5,185.5,130027.0,24359263.0
2026-07-28,5292,華懋,163.5,163.5,157.0,160.0,118993.0,18985867.0
2026-07-28,5306,桂盟,90.9,92.1,89.0,89.5,203863.0,18301178.0
2026-07-28,5388,中磊,88.2,90.0,86.2,86.4,4970904.0,436738713.0
2026-07-28,5434,崇越,531.0,532.0,511.0,517.0,933784.0,485801344.0
2026-07-28,5469,瀚宇博,69.5,69.5,67.7,67.7,1692473.0,115794127.0
2026-07-28,5471,松翰,53.5,53.5,50.4,50.6,1699829.0,87747105.0
2026-07-28,5484,慧友,40.45,40.45,38.25,38.6,270056.0,10501073.0
2026-07-28,5515,建國,43.6,43.6,42.2,42.45,500091.0,21362369.0
2026-07-28,5519,隆大,28.0,28.0,27.5,27.7,563746.0,15627045.0
2026-07-28,5521,工信,10.2,10.2,9.87,9.9,4231517.0,42419299.0
2026-07-28,5522,遠雄,67.1,67.1,65.5,65.9,501356.0,33099240.0
2026-07-28,5525,順天,22.8,22.8,22.5,22.75,122368.0,2768283.0
2026-07-28,5531,鄉林,7.79,7.8,7.66,7.74,523066.0,4036840.0
2026-07-28,5533,皇鼎,14.25,14.3,14.1,14.3,95811.0,1362808.0
2026-07-28,5534,長虹,79.0,79.1,77.8,77.9,839368.0,65776236.0
2026-07-28,5538,東明-KY,34.15,34.15,33.1,33.7,34260.0,1147399.0
2026-07-28,5546,永固-KY,14.0,14.0,13.6,14.0,28847.0,395908.0
2026-07-28,5607,遠雄港,49.6,49.6,48.45,48.85,594293.0,29031573.0
2026-07-28,5608,四維航,13.6,13.6,13.3,13.35,1105527.0,14798273.0
2026-07-28,5706,鳳凰,45.0,45.25,44.75,44.85,230373.0,10358076.0
2026-07-28,5871,中租-KY,120.0,121.5,119.0,120.0,15082177.0,1814352205.0
2026-07-28,5876,上海商銀,44.5,44.75,43.7,43.9,17216112.0,758201110.0
2026-07-28,5880,合庫金,25.85,25.95,25.65,25.95,15876007.0,410316293.0
2026-07-28,5906,台南-KY,0.0,0.0,0.0,0.0,0,0
2026-07-28,5907,大洋-KY,4.93,4.93,4.65,4.7,605050.0,2859516.0
2026-07-28,6005,群益證,35.0,35.0,33.6,33.7,13590566.0,461751737.0
2026-07-28,6024,群益期,64.7,64.7,63.6,63.8,1017667.0,65034273.0
2026-07-28,6108,競國,16.6,16.7,16.45,16.45,811769.0,13409969.0
2026-07-28,6112,邁達特,40.55,40.55,39.4,39.5,451008.0,17973072.0
2026-07-28,6115,鎰勝,45.85,45.95,45.3,45.5,180276.0,8204350.0
2026-07-28,6116,彩晶,12.75,13.1,12.3,12.9,39432302.0,499954311.0
2026-07-28,6117,迎廣,67.0,68.6,66.0,68.2,232989.0,15638582.0
2026-07-28,6120,達運,12.3,12.3,11.95,12.1,2962527.0,35894582.0
2026-07-28,6128,上福,20.3,20.3,19.8,20.15,103239.0,2058084.0
2026-07-28,6133,金橋,20.6,20.65,19.85,20.0,758816.0,15256294.0
2026-07-28,6136,富爾特,24.4,24.45,23.95,24.15,245510.0,5913154.0
2026-07-28,6139,亞翔,730.0,739.0,703.0,704.0,5284723.0,3788439515.0
2026-07-28,6141,柏承,32.7,33.65,31.8,32.5,1670304.0,54369161.0
2026-07-28,6142,友勁,10.0,10.0,9.65,9.83,1467424.0,14515430.0
2026-07-28,6152,百一,12.1,12.1,11.65,11.8,616242.0,7279355.0
2026-07-28,6153,嘉聯益,15.75,15.75,15.0,15.05,4212428.0,64482621.0
2026-07-28,6155,鈞寶,53.0,53.5,51.2,51.7,1266275.0,65997128.0
2026-07-28,6164,華興,11.75,11.8,11.35,11.45,888204.0,10255440.0
2026-07-28,6165,浪凡,49.45,49.45,48.1,48.3,390737.0,18913093.0
2026-07-28,6166,凌華,143.0,150.0,137.0,137.0,5455674.0,778408528.0
2026-07-28,6168,宏齊,22.6,22.6,21.55,21.65,1395503.0,30746472.0
2026-07-28,6176,瑞儀,86.5,87.0,84.2,84.4,3929571.0,335838422.0
2026-07-28,6177,達麗,47.8,47.85,47.1,47.4,1010566.0,47906596.0
2026-07-28,6183,關貿,91.6,91.9,90.3,91.9,37356.0,3405962.0
2026-07-28,6184,大豐電,42.75,42.75,42.35,42.45,81989.0,3477194.0
2026-07-28,6189,豐藝,48.0,48.0,46.65,46.85,778567.0,36772696.0
2026-07-28,6191,精成科,86.5,87.3,84.0,84.0,3344916.0,285075081.0
2026-07-28,6192,巨路,113.0,113.0,110.0,111.0,248235.0,27584991.0
2026-07-28,6196,帆宣,490.0,491.0,472.0,474.5,1325521.0,636076078.0
2026-07-28,6197,佳必琪,301.0,304.5,289.5,290.0,2013060.0,597896553.0
2026-07-28,6201,亞弘電,48.95,49.1,48.05,48.95,19819.0,969506.0
2026-07-28,6202,盛群,51.9,51.9,48.65,48.8,3110079.0,154441336.0
2026-07-28,6205,詮欣,58.9,59.0,56.4,56.4,535097.0,30726822.0
2026-07-28,6206,飛捷,120.5,127.0,120.5,124.5,2081526.0,257920245.0
2026-07-28,6209,今國光,66.4,67.9,63.6,63.7,5077512.0,333684309.0
2026-07-28,6213,聯茂,288.0,301.0,276.5,276.5,19040564.0,5461465603.0
2026-07-28,6214,精誠,142.0,144.0,141.5,143.0,1747864.0,249492191.0
2026-07-28,6215,和椿,93.2,93.2,89.1,89.2,787109.0,71604098.0
2026-07-28,6216,居易,22.1,22.1,21.65,21.95,148360.0,3249039.0
2026-07-28,6224,聚鼎,53.0,54.3,52.1,52.8,563694.0,29836567.0
2026-07-28,6225,天瀚,26.0,26.45,25.7,25.7,31725.0,831849.0
2026-07-28,6226,光鼎,17.9,20.5,17.9,20.5,23361676.0,458485199.0
2026-07-28,6230,尼得科超眾,114.0,115.0,111.0,115.0,79021.0,8929451.0
2026-07-28,6235,華孚,38.4,38.4,36.8,36.9,932493.0,34846625.0
2026-07-28,6239,力成,264.0,265.5,251.5,251.5,15051210.0,3832405375.0
2026-07-28,6243,迅杰,48.0,53.4,47.2,49.6,12292709.0,623793497.0
2026-07-28,6257,矽格,208.0,208.0,195.0,195.0,5933115.0,1187394875.0
2026-07-28,6269,台郡,52.5,52.8,50.7,51.3,3449703.0,178102102.0
2026-07-28,6271,同欣電,176.0,176.0,165.5,165.5,5245331.0,890828903.0
2026-07-28,6272,驊陞,25.6,25.95,24.15,25.6,332069.0,8426382.0
2026-07-28,6277,宏正,78.3,78.5,76.7,77.9,424557.0,32964350.0
2026-07-28,6278,台表科,150.0,152.0,143.0,143.5,3467594.0,509697596.0
2026-07-28,6281,全國電,52.2,52.2,51.4,52.0,52030.0,2699150.0
2026-07-28,6282,康舒,45.05,45.1,42.85,42.85,11541787.0,506113119.0
2026-07-28,6283,淳安,20.1,20.2,19.75,20.2,193275.0,3851623.0
2026-07-28,6285,啟碁,240.0,244.0,229.5,230.0,6441693.0,1526651832.0
2026-07-28,6405,悅城,37.0,37.1,35.8,35.95,713060.0,25990734.0
2026-07-28,6409,旭隼,980.0,990.0,930.0,930.0,574911.0,552520085.0
2026-07-28,6412,群電,80.5,80.7,78.0,78.7,1060962.0,83910124.0
2026-07-28,6414,樺漢,457.5,472.0,432.5,436.0,4977063.0,2225743355.0
2026-07-28,6415,矽力*-KY,422.0,424.5,404.5,404.5,4630188.0,1899789452.0
2026-07-28,6416,瑞祺電通,95.2,98.3,94.3,95.8,736463.0,70518987.0
2026-07-28,6426,統新,161.5,175.5,160.5,162.5,1162553.0,195116362.0
2026-07-28,6431,光麗-KY,16.65,16.95,16.5,16.7,46162.0,766876.0
2026-07-28,6438,迅得,139.5,141.5,135.5,136.0,601455.0,82985805.0
2026-07-28,6442,光聖,1250.0,1300.0,1230.0,1230.0,1916865.0,2422551165.0
2026-07-28,6443,元晶,26.55,26.8,25.5,25.6,5254067.0,136682452.0
2026-07-28,6446,藥華藥,1160.0,1165.0,1110.0,1115.0,2794829.0,3160203955.0
2026-07-28,6449,鈺邦,230.5,230.5,216.0,217.0,856872.0,189343194.0
2026-07-28,6451,訊芯-KY,381.0,409.5,380.5,380.5,2754473.0,1080267265.0
2026-07-28,6456,GIS-KY,60.1,60.5,57.4,57.4,3626511.0,213523617.0
2026-07-28,6464,台數科,79.3,79.3,78.3,79.3,1117395.0,87175457.0
2026-07-28,6472,保瑞,392.0,393.0,378.5,378.5,700376.0,268958061.0
2026-07-28,6477,安集,35.5,36.7,35.0,35.2,2866943.0,102315168.0
2026-07-28,6491,晶碩,329.0,335.0,321.0,323.5,514916.0,168503990.0
2026-07-28,6504,南六,39.95,41.3,39.35,39.7,67677.0,2691756.0
2026-07-28,6505,台塑化,74.0,75.9,73.0,74.6,30093647.0,2240242149.0
2026-07-28,6515,穎崴,6095.0,6250.0,5905.0,5935.0,245868.0,1480463580.0
2026-07-28,6525,捷敏-KY,136.5,136.5,128.0,128.0,2244662.0,292079083.0
2026-07-28,6526,達發,559.0,559.0,531.0,532.0,524967.0,285115313.0
2026-07-28,6531,愛普*,696.0,696.0,696.0,696.0,776945.0,540765876.0
2026-07-28,6533,晶心科,208.5,217.5,202.0,204.5,825279.0,171813238.0
2026-07-28,6534,正瀚-創,92.0,93.2,91.8,92.7,118281.0,10943546.0
2026-07-28,6541,泰福-KY,39.7,40.1,38.2,38.4,451063.0,17481857.0
2026-07-28,6550,北極星藥業-KY,11.9,11.9,11.35,11.45,1219502.0,14024552.0
2026-07-28,6552,易華電,24.7,24.7,23.9,23.95,241965.0,5835469.0
2026-07-28,6558,興能高,26.5,26.5,24.9,24.9,646955.0,16450597.0
2026-07-28,6573,虹揚-KY,17.8,17.8,16.75,16.75,458999.0,7841249.0
2026-07-28,6579,研揚,163.5,169.0,160.0,162.5,809537.0,132261600.0
2026-07-28,6581,鋼聯,108.0,108.5,107.5,108.5,28835.0,3116545.0
2026-07-28,6582,申豐,32.0,32.0,31.5,31.6,60982.0,1933462.0
2026-07-28,6585,鼎基,118.0,118.5,111.5,113.0,448227.0,51162679.0
2026-07-28,6589,台康生技,47.2,47.2,45.9,45.95,450163.0,20844787.0
2026-07-28,6591,動力-KY,44.95,44.95,43.7,43.85,174650.0,7678543.0
2026-07-28,6592,和潤企業,60.0,60.6,60.0,60.3,412019.0,24814315.0
2026-07-28,6598,ABC-KY,29.5,30.05,28.65,29.1,894712.0,26263452.0
2026-07-28,6605,帝寶,130.5,132.0,130.0,130.0,323817.0,42364791.0
2026-07-28,6606,建德工業,25.3,25.9,25.3,25.9,53194.0,1362786.0
2026-07-28,6614,資拓宏宇,37.4,38.0,37.4,37.7,80271.0,3024814.0
2026-07-28,6625,必應,73.7,74.9,73.7,74.0,137477.0,10214452.0
2026-07-28,6641,基士德-KY,17.7,17.7,17.3,17.3,48676.0,846278.0
2026-07-28,6645,金萬林-創,13.65,14.0,13.35,13.5,42004.0,570353.0
2026-07-28,6655,科定,116.5,117.5,116.0,117.5,4000.0,467500.0
2026-07-28,6657,華安,32.4,32.4,31.55,31.8,227002.0,7254519.0
2026-07-28,6658,聯策,151.5,152.0,144.5,144.5,412493.0,60869566.0
2026-07-28,6666,羅麗芬-KY,45.4,45.4,44.0,44.9,21001.0,936644.0
2026-07-28,6668,中揚光,33.55,36.3,33.45,33.8,1258589.0,44146055.0
2026-07-28,6669,緯穎,5455.0,5540.0,5280.0,5315.0,1907626.0,10285347845.0
2026-07-28,6670,復盛應用,273.0,275.0,267.5,268.0,231307.0,62541523.0
2026-07-28,6671,三能-KY,22.45,22.75,22.1,22.75,32635.0,732100.0
2026-07-28,6672,騰輝電子-KY,213.0,213.0,199.0,199.5,2262010.0,463285902.0
2026-07-28,6674,鋐寶科技,15.5,15.75,15.5,15.65,8005.0,124779.0
2026-07-28,6689,伊雲谷,60.5,60.5,59.0,59.1,165678.0,9842539.0
2026-07-28,6691,洋基工程,680.0,680.0,641.0,645.0,1003162.0,659363510.0
2026-07-28,6695,芯鼎,50.0,50.7,48.8,49.1,1107881.0,54915191.0
2026-07-28,6698,旭暉應材,32.05,33.15,31.95,31.95,213788.0,6902994.0
2026-07-28,6706,惠特,105.0,105.0,100.5,102.0,1518843.0,155910787.0
2026-07-28,6715,嘉基,366.5,376.5,358.5,360.0,615294.0,223776077.0
2026-07-28,6719,力智,216.0,217.0,207.5,208.5,1714488.0,362154892.0
2026-07-28,6722,輝創,33.45,33.85,33.05,33.6,52039.0,1740904.0
2026-07-28,6742,澤米,41.9,42.1,40.55,40.55,554539.0,22937547.0
2026-07-28,6743,安普新,30.8,30.8,29.65,29.8,335928.0,10085242.0
2026-07-28,6753,龍德造船,135.0,141.0,133.0,133.0,2119411.0,287476368.0
2026-07-28,6754,匯僑設計,42.25,42.65,42.0,42.6,10457.0,442436.0
2026-07-28,6756,威鋒電子,92.3,92.3,89.0,89.7,118595.0,10771289.0
2026-07-28,6757,台灣虎航,52.9,55.4,52.5,54.7,2875603.0,156137892.0
2026-07-28,6768,志強-KY,71.7,71.7,69.6,70.4,230525.0,16277440.0
2026-07-28,6770,力積電,57.5,58.1,55.8,55.8,113517037.0,6372442092.0
2026-07-28,6771,平和環保-創,38.35,38.45,38.0,38.25,17165.0,655059.0
2026-07-28,6776,展碁國際,54.0,54.0,52.4,52.5,345121.0,18345793.0
2026-07-28,6781,AES-KY,961.0,961.0,915.0,915.0,486224.0,453575816.0
2026-07-28,6782,視陽,182.5,183.0,177.0,178.0,341000.0,61363025.0
2026-07-28,6789,采鈺,445.0,445.0,421.5,424.0,1745775.0,752813830.0
2026-07-28,6790,永豐實,38.95,39.1,38.75,39.1,209340.0,8150546.0
2026-07-28,6792,詠業,51.3,52.0,50.8,51.0,79310.0,4064433.0
2026-07-28,6794,向榮生技,77.4,77.4,74.8,76.3,35231.0,2690331.0
2026-07-28,6796,晉弘,59.0,59.0,55.3,56.9,54610.0,3078988.0
2026-07-28,6799,來頡,80.7,80.7,76.8,77.5,411609.0,32145937.0
2026-07-28,6805,富世達,1350.0,1400.0,1335.0,1340.0,1282202.0,1743995650.0
2026-07-28,6807,峰源-KY,34.1,34.1,34.1,34.1,2000.0,68200.0
2026-07-28,6830,汎銓,362.0,392.0,356.5,374.0,3128506.0,1182285362.0
2026-07-28,6831,邁科,567.0,577.0,567.0,567.0,242969.0,137950508.0
2026-07-28,6834,天二科技,86.1,86.1,82.3,82.3,1843283.0,153704653.0
2026-07-28,6835,圓裕,31.2,31.3,30.2,30.2,78301.0,2395309.0
2026-07-28,6838,台新藥,24.2,25.7,23.8,24.95,345645.0,8566732.0
2026-07-28,6854,錼創科技-KY創,95.0,95.0,90.0,90.5,499767.0,45871363.0
2026-07-28,6861,睿生光電,200.0,200.0,191.0,192.5,357917.0,69632187.0
2026-07-28,6862,三集瑞-KY,139.0,139.0,129.0,129.5,351359.0,46650151.0
2026-07-28,6863,永道-KY,121.5,127.5,118.0,121.5,664529.0,80936349.0
2026-07-28,6869,雲豹能源,67.9,68.0,66.0,66.0,518731.0,34585875.0
2026-07-28,6873,泓德能源,84.8,84.8,80.3,80.7,442928.0,36107581.0
2026-07-28,6885,全福生技,21.0,21.25,20.65,21.05,260373.0,5459228.0
2026-07-28,6887,寶綠特-KY,37.5,37.95,36.4,37.85,21070.0,783335.0
2026-07-28,6890,來億-KY,175.5,175.5,169.0,173.0,319954.0,55116723.0
2026-07-28,6901,鑽石投資,17.15,17.5,16.8,17.45,2233190.0,38281952.0
2026-07-28,6902,GOGOLOOK,117.0,117.5,113.0,115.0,119574.0,13767432.0
2026-07-28,6906,現觀科,68.8,70.6,67.0,69.9,62403.0,4291419.0
2026-07-28,6908,宏碁遊戲-創,35.1,35.1,33.9,33.9,31494.0,1079370.0
2026-07-28,6909,創控,39.65,40.5,39.45,39.65,493090.0,19672219.0
2026-07-28,6914,阜爾運通,145.0,145.5,144.0,145.5,68342.0,9895361.0
2026-07-28,6916,華凌,18.5,18.5,18.0,18.2,65000.0,1186800.0
2026-07-28,6918,愛派司,72.7,72.7,71.0,71.7,41649.0,2966977.0
2026-07-28,6919,康霈*,100.5,104.5,99.1,103.5,5644014.0,575616934.0
2026-07-28,6921,嘉雨思-創,62.9,63.2,60.5,61.2,25001.0,1550919.0
2026-07-28,6923,中台,77.5,77.5,75.3,75.5,125701.0,9590892.0
2026-07-28,6924,榮惠-KY創,102.5,102.5,98.0,100.0,16069.0,1597752.0
2026-07-28,6928,攸泰科技,50.1,51.0,48.25,48.7,203633.0,10042543.0
2026-07-28,6931,青松健康,39.0,39.0,38.25,38.25,64235.0,2480293.0
2026-07-28,6933,AMAX-KY,156.0,164.5,153.0,157.0,378860.0,60466426.0
2026-07-28,6934,心誠鎂,76.9,78.8,73.5,78.8,89659.0,6743942.0
2026-07-28,6936,永鴻生技,32.1,32.1,31.55,31.75,33066.0,1047040.0
2026-07-28,6937,天虹,256.0,265.0,251.0,254.0,494866.0,127478502.0
2026-07-28,6944,兆聯實業,775.0,775.0,715.0,715.0,1096366.0,804880887.0
2026-07-28,6947,台鎔科技,74.5,74.5,71.0,72.1,739016.0,53477019.0
2026-07-28,6949,沛爾生醫-創,983.0,987.0,891.0,891.0,259340.0,237636730.0
2026-07-28,6951,青新-創,71.8,71.8,70.9,71.2,59972.0,4273195.0
2026-07-28,6952,大武山,35.0,35.1,35.0,35.1,9390.0,328969.0
2026-07-28,6955,邦睿生技-創,114.0,114.0,113.0,113.0,7402.0,839928.0
2026-07-28,6957,裕慶-KY,231.0,233.0,226.5,230.0,182908.0,41884657.0
2026-07-28,6958,日盛台駿,17.9,18.35,17.9,18.2,32647.0,590341.0
2026-07-28,6962,奕力-KY,31.05,31.55,30.5,30.5,3270704.0,101255891.0
2026-07-28,6965,中傑-KY,78.0,78.7,77.2,78.5,26055.0,2032390.0
2026-07-28,6969,成信實業*-創,31.25,31.25,31.25,31.25,261620.0,8175612.0
2026-07-28,6988,威力暘-創,12.6,12.65,12.3,12.55,25800.0,322500.0
2026-07-28,6994,富威電力,40.2,40.4,39.6,39.8,534454.0,21346636.0
2026-07-28,7610,聯友金屬-創,1350.0,1350.0,1350.0,1350.0,159557.0,215401950.0
2026-07-28,7631,聚賢研發-創,136.5,136.5,131.0,132.0,47647.0,6349527.0
2026-07-28,7689,大鵬科CLMX,172.0,175.0,164.0,175.0,754511.0,128698092.0
2026-07-28,7705,三商餐飲,30.2,30.2,29.95,30.2,65493.0,1969538.0
2026-07-28,7711,永擎,299.5,299.5,285.0,285.0,238268.0,68628488.0
2026-07-28,7721,微程式,62.1,62.3,59.2,59.2,103511.0,6285691.0
2026-07-28,7722,LINEPAY,288.5,292.0,268.0,269.0,270922.0,74871724.0
2026-07-28,7730,暉盛-創,160.0,161.5,147.0,147.0,245485.0,37109221.0
2026-07-28,7732,金興精密,35.8,36.0,34.95,34.95,28006.0,990812.0
2026-07-28,7736,虎山,70.7,71.0,70.0,71.0,76145.0,5343378.0
2026-07-28,7740,熙特爾-創,146.0,147.0,139.0,140.5,193069.0,27258075.0
2026-07-28,7749,意騰-KY,354.0,354.0,333.0,333.0,212695.0,72342816.0
2026-07-28,7750,新代,2020.0,2020.0,1890.0,1915.0,160872.0,313980485.0
2026-07-28,7760,享溫馨,34.15,34.15,33.5,34.05,32054.0,1085786.0
2026-07-28,7765,中華資安,229.0,229.0,224.0,225.0,61830.0,13971860.0
2026-07-28,7768,頌勝科技,270.0,270.0,259.0,262.5,113025.0,29695501.0
2026-07-28,7769,鴻勁,5800.0,5960.0,5700.0,5750.0,599196.0,3475045845.0
2026-07-28,7780,大研生醫*,17.15,17.15,16.85,16.95,1155211.0,19593420.0
2026-07-28,7786,東方風能,122.5,124.0,118.0,123.5,220799.0,26924382.0
2026-07-28,7788,松川精密,201.5,203.0,195.0,196.0,822821.0,163114953.0
2026-07-28,7791,皇家可口,61.2,61.7,60.3,60.8,112602.0,6837938.0
2026-07-28,7795,長廣,368.5,386.5,368.5,370.0,502132.0,188155697.0
2026-07-28,7799,禾榮科,383.5,384.5,358.0,359.0,862867.0,317326069.0
2026-07-28,7803,雲象科技-創,20.35,20.4,20.0,20.0,134262.0,2707897.0
2026-07-28,7818,溢泰實業,66.5,67.0,65.0,66.6,175776.0,11565731.0
2026-07-28,7821,神數,40.6,40.6,40.0,40.0,183847.0,7388682.0
2026-07-28,7822,倍利科,868.0,895.0,844.0,845.0,286523.0,248500246.0
2026-07-28,7823,奧義賽博-KY創,81.2,81.2,79.6,80.0,18558.0,1489447.0
2026-07-28,7827,漢康-KY創,139.5,142.5,137.0,140.0,227278.0,31771949.0
2026-07-28,7835,永悅健康-創,35.0,35.45,34.0,35.35,63008.0,2186288.0
2026-07-28,8011,台通,16.1,16.1,15.8,15.85,672721.0,10717880.0
2026-07-28,8016,矽創,286.5,286.5,273.5,273.5,1019293.0,283772044.0
2026-07-28,8021,尖點,360.0,366.0,351.5,351.5,3342833.0,1191916700.0
2026-07-28,8028,昇陽半導體,295.0,302.5,280.0,280.0,2957970.0,847722738.0
2026-07-28,8033,雷虎,175.0,181.0,174.0,174.0,1050789.0,186229191.0
2026-07-28,8039,台虹,194.5,194.5,194.5,194.5,3614646.0,703048418.0
2026-07-28,8045,達運光電,57.6,59.5,55.6,55.6,215582.0,12327003.0
2026-07-28,8046,南電,996.0,1045.0,973.0,976.0,15703363.0,15679515989.0
2026-07-28,8070,長華*,46.0,46.0,44.3,44.35,2981515.0,133989511.0
2026-07-28,8072,陞泰,26.95,26.95,26.2,26.4,236757.0,6260429.0
2026-07-28,8081,致新,251.5,253.5,246.0,247.0,1293627.0,323297915.0
2026-07-28,8101,華冠,12.25,12.25,12.2,12.2,7623.0,93050.0
2026-07-28,8103,瀚荃,77.2,77.2,72.9,72.9,861963.0,63981854.0
2026-07-28,8104,錸寶,31.9,32.05,31.1,31.1,376774.0,11867632.0
2026-07-28,8105,凌巨,16.3,16.35,15.6,15.75,3278009.0,51918946.0
2026-07-28,8110,華東,39.5,39.5,37.8,37.9,4338315.0,166200930.0
2026-07-28,8112,至上,81.0,81.0,78.0,78.2,14401656.0,1141999670.0
2026-07-28,8114,振樺電,212.0,217.0,208.0,213.5,975200.0,207193440.0
2026-07-28,8131,福懋科,61.0,61.2,58.2,58.2,6643654.0,390055736.0
2026-07-28,8150,南茂,85.0,85.5,81.0,81.0,23397197.0,1921532133.0
2026-07-28,8162,微矽電子-創,56.2,56.2,53.2,53.3,260583.0,14094944.0
2026-07-28,8163,達方,30.8,30.8,29.85,30.0,1254277.0,37848479.0
2026-07-28,8201,無敵,11.9,12.0,11.7,11.9,48852.0,577871.0
2026-07-28,8210,勤誠,1065.0,1080.0,1015.0,1020.0,745027.0,772033460.0
2026-07-28,8213,志超,30.65,30.65,29.65,29.8,1215866.0,36439147.0
2026-07-28,8215,明基材,23.5,23.5,22.55,22.8,871979.0,19967605.0
2026-07-28,8222,寶一,36.65,39.2,36.55,37.1,1563080.0,58772535.0
2026-07-28,8249,菱光,42.7,42.7,41.1,41.4,320443.0,13344626.0
2026-07-28,8261,富鼎,195.5,208.0,195.0,195.0,4249341.0,846671561.0
2026-07-28,8271,宇瞻,208.5,211.5,204.0,205.0,4729092.0,979718057.0
2026-07-28,8341,日友,77.0,77.0,76.0,76.5,198070.0,15149141.0
2026-07-28,8367,建新國際,40.6,40.75,40.25,40.7,25556.0,1035920.0
2026-07-28,8374,羅昇,75.1,75.6,72.5,72.8,240546.0,17789574.0
2026-07-28,8404,百和興業-KY,16.65,16.65,16.4,16.55,334496.0,5522710.0
2026-07-28,8411,福貞-KY,13.05,13.1,12.75,13.0,126793.0,1639237.0
2026-07-28,8422,可寧衛*,25.45,25.45,24.85,24.95,9958524.0,249445547.0
2026-07-28,8429,金麗-KY,6.08,6.08,6.0,6.01,228057.0,1373268.0
2026-07-28,8438,昶昕,63.9,63.9,58.5,58.5,2259954.0,134176994.0
2026-07-28,8442,威宏-KY,45.3,45.7,44.6,44.6,51320.0,2303609.0
2026-07-28,8443,阿瘦,11.45,11.45,11.3,11.45,40045.0,456686.0
2026-07-28,8454,富邦媒,242.0,244.0,237.5,238.5,516252.0,124114678.0
2026-07-28,8462,柏文,154.5,161.0,154.5,160.0,174117.0,27737338.0
2026-07-28,8463,潤泰材,21.4,21.4,21.0,21.25,62345.0,1321894.0
2026-07-28,8464,億豐,380.5,380.5,373.0,377.0,359825.0,135090614.0
2026-07-28,8466,美吉吉-KY,17.25,17.3,16.9,17.15,43012.0,735005.0
2026-07-28,8467,波力-KY,106.0,106.0,101.0,101.0,17062.0,1775044.0
2026-07-28,8473,山林水,43.55,43.55,41.95,42.25,621519.0,26300274.0
2026-07-28,8476,台境*,21.0,21.4,19.9,19.95,929695.0,18961584.0
2026-07-28,8478,東哥遊艇,153.0,153.0,149.5,150.5,136102.0,20560696.0
2026-07-28,8481,政伸,40.0,40.2,40.0,40.2,13112.0,525803.0
2026-07-28,8482,商億-KY,48.15,48.35,48.15,48.35,3131.0,151190.0
2026-07-28,8487,愛爾達-創,77.1,77.1,75.0,75.0,17724.0,1338871.0
2026-07-28,8488,吉源-KY,10.15,10.2,10.0,10.2,21000.0,211100.0
2026-07-28,8499,鼎炫-KY,258.0,270.5,250.5,253.0,163474.0,42255545.0
2026-07-28,8926,台汽電,62.8,64.1,61.7,61.9,5001578.0,313583012.0
2026-07-28,8940,新天地,16.0,16.1,15.9,15.95,29935.0,479262.0
2026-07-28,8996,高力,955.0,960.0,906.0,906.0,2221630.0,2063814905.0
2026-07-28,9103,美德醫療-DR,5.34,5.36,5.14,5.31,1830671.0,9517229.0
2026-07-28,9105,泰金寶-DR,8.22,8.25,7.72,7.75,30136045.0,238526924.0
2026-07-28,9110,越南控-DR,3.15,3.15,3.03,3.15,22000.0,69060.0
2026-07-28,9136,巨騰-DR,11.9,12.6,11.7,11.85,2059265.0,25030243.0
2026-07-28,9802,鈺齊-KY,73.6,74.1,72.8,72.8,345526.0,25304296.0
2026-07-28,9902,台火,13.6,13.85,13.5,13.75,196589.0,2687845.0
2026-07-28,9904,寶成,24.3,24.4,24.0,24.05,18189334.0,438692154.0
2026-07-28,9905,大華,20.65,20.7,20.5,20.7,141967.0,2921054.0
2026-07-28,9906,欣巴巴,39.45,40.25,39.4,39.95,31448.0,1250390.0
2026-07-28,9907,統一實,15.0,15.2,14.95,15.2,3086721.0,46537461.0
2026-07-28,9908,大台北,29.3,29.4,29.15,29.4,264310.0,7731079.0
2026-07-28,9910,豐泰,68.4,69.7,68.2,69.1,1138214.0,78661449.0
2026-07-28,9911,櫻花,82.8,82.8,82.1,82.5,384546.0,31664222.0
2026-07-28,9912,偉聯,12.55,12.65,12.5,12.65,4920171.0,60830187.0
2026-07-28,9914,美利達,78.1,79.3,77.0,77.2,2500550.0,195325472.0
2026-07-28,9917,中保科,110.5,111.0,109.5,110.5,520010.0,57263398.0
2026-07-28,9918,欣天然,43.2,43.5,43.2,43.5,7791.0,337785.0
2026-07-28,9919,康那香,14.1,14.1,13.9,14.0,745937.0,10441998.0
2026-07-28,9921,巨大,85.5,86.4,84.2,85.0,1626033.0,138316502.0
2026-07-28,9924,福興,39.7,39.7,39.0,39.2,271937.0,10638111.0
2026-07-28,9925,新保,40.2,40.5,40.15,40.45,688916.0,27793349.0
2026-07-28,9926,新海,49.4,49.4,49.0,49.35,63334.0,3107970.0
2026-07-28,9927,泰銘,70.1,70.4,69.3,69.8,102185.0,7120801.0
2026-07-28,9928,中視,18.2,18.2,17.95,18.1,69505.0,1252391.0
2026-07-28,9929,秋雨,11.6,11.6,11.15,11.35,15000.0,169400.0
2026-07-28,9930,中聯資源,63.8,64.2,63.3,63.5,199526.0,12684218.0
2026-07-28,9931,欣高,33.7,33.95,33.55,33.95,28240.0,951428.0
2026-07-28,9933,中鼎,39.25,39.5,38.9,39.1,2257845.0,88280480.0
2026-07-28,9934,成霖,10.6,10.6,10.3,10.35,964556.0,10025627.0
2026-07-28,9935,慶豐富,19.2,19.4,19.0,19.2,363061.0,6966896.0
2026-07-28,9937,全國,55.3,55.5,54.8,55.5,38234.0,2115572.0
2026-07-28,9938,百和,47.1,47.5,46.5,46.6,2572571.0,121023715.0
2026-07-28,9939,宏全,128.5,131.0,128.0,128.0,1097253.0,141804532.0
2026-07-28,9940,信義,20.25,20.4,20.05,20.4,470478.0,9515762.0
2026-07-28,9941,裕融,82.0,82.6,81.5,82.2,811965.0,66475299.0
2026-07-28,9942,茂順,122.5,123.0,120.0,120.5,299576.0,36335803.0
2026-07-28,9943,好樂迪,52.9,52.9,52.3,52.7,94840.0,4984377.0
2026-07-28,9944,新麗,17.75,17.75,17.5,17.7,41526.0,733538.0
2026-07-28,9945,潤泰新,26.05,26.2,25.85,26.0,4955224.0,128858366.0
2026-07-28,9946,三發地產,18.0,18.0,17.75,17.75,213261.0,3806168.0
2026-07-28,9955,佳龍,24.0,24.0,23.25,23.35,272854.0,6399514.0
2026-07-28,9958,世紀鋼,107.0,108.0,104.0,105.0,1837934.0,194180771.0
2026-07-28,_TAIEX,加權指數,41603.36,41603.36,41603.36,41603.36,0,0
2026-07-29,0050,元大台灣50,96.95,97.0,91.8,93.7,546282926.0,51279482077.0
2026-07-29,0051,元大中型100,130.05,130.5,123.55,125.75,173458.0,21881531.0
2026-07-29,0052,富邦科技,56.6,56.6,53.35,54.4,63119428.0,3454856691.0
2026-07-29,0053,元大電子,213.0,213.7,203.4,204.05,71327.0,14887314.0
2026-07-29,0055,元大MSCI金融,42.56,42.84,41.28,42.1,627274.0,26332341.0
2026-07-29,0056,元大高股息,48.31,48.67,45.98,46.73,136986451.0,6443153926.0
2026-07-29,0057,富邦摩台,289.0,289.0,274.6,275.75,50877.0,14385123.0
2026-07-29,0061,元大寶滬深,24.51,24.7,24.27,24.7,254569.0,6220263.0
2026-07-29,1101,台泥,24.9,25.05,23.95,24.35,47289314.0,1154112029.0
2026-07-29,1102,亞泥,33.15,33.3,32.25,32.8,13231020.0,431916050.0
2026-07-29,1103,嘉泥,13.5,13.5,13.1,13.2,880517.0,11673468.0
2026-07-29,1104,環泥,26.75,26.85,26.35,26.85,1203656.0,32033160.0
2026-07-29,1108,幸福,12.05,12.1,11.8,11.95,403966.0,4811463.0
2026-07-29,1109,信大,13.9,13.9,13.65,13.85,162058.0,2233252.0
2026-07-29,1110,東泥,16.0,16.15,15.6,16.05,381333.0,6078628.0
2026-07-29,1201,味全,12.15,12.35,12.1,12.25,771194.0,9424983.0
2026-07-29,1203,味王,48.15,49.95,47.5,49.95,148206.0,7314870.0
2026-07-29,1210,大成,57.7,58.0,56.2,57.2,3473657.0,198495207.0
2026-07-29,1213,大飲,0.0,0.0,0.0,0.0,0,0
2026-07-29,1215,卜蜂,106.5,106.5,104.5,106.5,909537.0,95926722.0
2026-07-29,1216,統一,77.6,78.2,76.9,78.2,23042470.0,1790657367.0
2026-07-29,1217,愛之味,10.0,10.05,9.83,9.98,970840.0,9657158.0
2026-07-29,1218,泰山,16.0,16.1,15.9,16.0,2243164.0,35841458.0
2026-07-29,1219,福壽,11.75,11.75,11.55,11.65,591834.0,6890900.0
2026-07-29,1220,台榮,11.25,11.25,11.1,11.25,115695.0,1293780.0
2026-07-29,1225,福懋油,27.1,27.25,26.45,27.2,270404.0,7270200.0
2026-07-29,1227,佳格,29.65,30.05,29.5,29.8,3029929.0,90370212.0
2026-07-29,1229,聯華,40.9,41.2,40.25,40.9,2892760.0,117831405.0
2026-07-29,1231,聯華食,91.9,92.3,89.4,90.3,1076098.0,97347417.0
2026-07-29,1232,大統益,154.5,157.5,154.5,156.5,447770.0,69738205.0
2026-07-29,1233,天仁,30.1,30.1,28.85,28.95,46814.0,1360315.0
2026-07-29,1234,黑松,33.9,34.2,33.8,34.1,383744.0,13051744.0
2026-07-29,1235,興泰,37.0,37.4,36.3,37.4,57887.0,2144800.0
2026-07-29,1236,宏亞,24.0,24.0,23.5,23.85,74729.0,1776088.0
2026-07-29,1256,鮮活果汁-KY,179.5,181.0,170.0,174.0,275328.0,47539754.0
2026-07-29,1301,台塑,57.7,58.1,54.2,56.2,45247394.0,2521167162.0
2026-07-29,1303,南亞,153.0,156.0,141.5,141.5,106771448.0,15602753149.0
2026-07-29,1304,台聚,11.5,11.5,10.9,11.3,6226793.0,68994116.0
2026-07-29,1305,華夏,11.3,11.3,10.6,10.95,3731002.0,40260709.0
2026-07-29,1307,三芳,31.25,31.35,30.0,30.65,1345765.0,41018155.0
2026-07-29,1308,亞聚,12.75,12.8,12.25,12.65,3949310.0,49149544.0
2026-07-29,1309,台達化,12.8,12.85,12.15,12.6,3522096.0,43639441.0
2026-07-29,1310,台苯,7.28,7.58,7.28,7.46,27922917.0,205299281.0
2026-07-29,1312,國喬,11.4,11.65,10.95,11.1,11057158.0,123195271.0
2026-07-29,1313,聯成,11.0,11.0,10.35,10.6,7914754.0,83283918.0
2026-07-29,1314,中石化,7.85,7.87,7.42,7.51,43123370.0,325617317.0
2026-07-29,1315,達新,64.1,64.4,62.5,63.0,53669.0,3389661.0
2026-07-29,1316,上曜,10.1,10.1,9.39,9.6,4361212.0,41969236.0
2026-07-29,1319,東陽,71.0,71.5,68.8,70.5,3559055.0,249188724.0
2026-07-29,1321,大洋,32.4,32.4,31.55,32.15,287207.0,9192491.0
2026-07-29,1323,永裕,20.0,20.0,19.5,19.9,61970.0,1220388.0
2026-07-29,1324,地球,10.2,10.2,9.95,10.0,127236.0,1275162.0
2026-07-29,1325,恆大,27.0,27.15,25.95,26.5,565294.0,14905824.0
2026-07-29,1326,台化,61.4,62.0,56.6,58.5,50657550.0,2962680558.0
2026-07-29,1337,再生-KY,4.74,4.74,4.54,4.56,807824.0,3716442.0
2026-07-29,1338,廣華-KY,15.45,15.45,14.85,15.4,137177.0,2068809.0
2026-07-29,1339,昭輝,44.7,44.7,42.65,43.5,175958.0,7646157.0
2026-07-29,1340,勝悅-KY,5.2,5.25,5.0,5.16,501241.0,2547278.0
2026-07-29,1341,富林-KY,59.8,59.8,57.0,58.0,20916.0,1208796.0
2026-07-29,1342,八貫,105.5,105.5,100.0,103.0,501704.0,51342846.0
2026-07-29,1402,遠東新,27.65,27.75,26.7,27.25,16977601.0,461566693.0
2026-07-29,1409,新纖,21.6,21.6,19.85,20.4,18938080.0,385211235.0
2026-07-29,1410,南染,25.5,25.5,24.25,24.8,82202.0,2035495.0
2026-07-29,1413,宏洲,9.92,10.05,9.1,9.38,93920.0,892292.0
2026-07-29,1414,東和,18.35,18.8,17.7,18.55,450274.0,8165161.0
2026-07-29,1416,廣豐,10.9,10.9,10.6,10.75,500640.0,5352560.0
2026-07-29,1417,嘉裕,8.34,8.41,8.2,8.28,244435.0,2028915.0
2026-07-29,1418,東華,18.55,18.55,17.9,18.45,22100.0,406879.0
2026-07-29,1419,新紡,69.3,70.3,68.2,70.1,502025.0,34849639.0
2026-07-29,1423,利華,36.95,36.95,35.65,35.75,23722.0,852084.0
2026-07-29,1432,大魯閣,15.15,15.15,14.9,15.0,259177.0,3875042.0
2026-07-29,1434,福懋,18.2,18.2,17.2,17.6,5899741.0,103636048.0
2026-07-29,1435,中福,21.75,22.75,21.15,22.15,38382.0,838065.0
2026-07-29,1436,華友聯,36.5,36.5,35.25,35.6,842347.0,30168375.0
2026-07-29,1437,勤益控,30.9,31.2,30.6,31.1,326927.0,10128605.0
2026-07-29,1438,三地開發,22.25,22.25,21.5,22.25,80805.0,1770267.0
2026-07-29,1439,雋揚,27.3,27.5,26.85,27.45,45825.0,1248227.0
2026-07-29,1440,南紡,12.55,12.55,12.0,12.2,3686658.0,44970796.0
2026-07-29,1441,大東,9.1,9.1,8.97,9.1,30516.0,276933.0
2026-07-29,1442,名軒,29.95,30.15,28.95,29.9,588260.0,17448048.0
2026-07-29,1443,立益物流,26.4,26.55,25.5,26.2,54667.0,1425991.0
2026-07-29,1444,力麗,7.51,7.51,7.1,7.21,2485406.0,17961528.0
2026-07-29,1445,大宇,10.75,10.75,10.4,10.5,74966.0,791588.0
2026-07-29,1446,宏和,13.9,13.9,13.25,13.65,436665.0,5883051.0
2026-07-29,1447,力鵬,7.15,7.19,6.68,6.85,2974472.0,20335185.0
2026-07-29,1449,佳和,12.4,12.4,11.75,11.8,713176.0,8508299.0
2026-07-29,1451,年興,17.4,17.4,17.2,17.4,189329.0,3279262.0
2026-07-29,1452,宏益,11.5,11.5,11.1,11.3,141236.0,1587728.0
2026-07-29,1453,大將,11.4,11.4,10.9,11.05,100144.0,1103053.0
2026-07-29,1454,台富,12.8,12.8,12.5,12.75,31598.0,401279.0
2026-07-29,1455,集盛,8.96,8.97,8.55,8.66,1374090.0,11917718.0
2026-07-29,1456,怡華,14.0,14.0,13.3,14.0,79713.0,1099938.0
2026-07-29,1457,宜進,14.35,14.35,14.2,14.3,169540.0,2416185.0
2026-07-29,1460,宏遠,6.82,6.85,6.57,6.63,801515.0,5332846.0
2026-07-29,1463,強盛新,17.95,17.95,17.45,17.75,151286.0,2669393.0
2026-07-29,1464,得力,10.45,10.45,10.15,10.25,692591.0,7092121.0
2026-07-29,1465,偉全,12.6,12.6,12.25,12.4,110201.0,1363025.0
2026-07-29,1466,聚隆,16.1,16.2,15.0,15.9,944747.0,14646560.0
2026-07-29,1467,南緯,10.25,10.55,9.84,10.2,887364.0,8994593.0
2026-07-29,1468,昶和,13.15,13.45,13.15,13.45,75200.0,1001920.0
2026-07-29,1470,大統新創,22.9,23.0,22.35,22.95,20083.0,457549.0
2026-07-29,1471,首利,9.65,9.65,8.88,9.46,467870.0,4283006.0
2026-07-29,1472,三洋實業,90.0,90.0,86.6,89.0,95900.0,8448107.0
2026-07-29,1473,台南,20.0,20.0,19.4,19.75,226067.0,4440210.0
2026-07-29,1474,弘裕,10.4,10.4,10.1,10.25,92339.0,942033.0
2026-07-29,1475,業旺,27.45,27.45,26.2,27.2,24700.0,660039.0
2026-07-29,1476,儒鴻,339.5,339.5,328.0,338.5,1608357.0,538804224.0
2026-07-29,1477,聚陽,217.0,217.5,210.0,216.5,1475471.0,315792768.0
2026-07-29,1503,士電,192.5,194.5,182.0,188.5,2115645.0,394994653.0
2026-07-29,1504,東元,63.6,64.3,60.0,62.0,13686324.0,839799237.0
2026-07-29,1506,正道,10.5,10.5,10.15,10.3,325368.0,3349927.0
2026-07-29,1512,瑞利,6.71,6.84,6.5,6.74,118619.0,791441.0
2026-07-29,1513,中興電,153.0,154.0,145.5,149.5,5755291.0,851755313.0
2026-07-29,1514,亞力,102.0,103.0,96.0,98.7,3615776.0,356232525.0
2026-07-29,1515,力山,29.1,30.1,27.3,28.3,3391540.0,95705273.0
2026-07-29,1516,川飛,15.9,15.9,15.0,15.35,17105.0,261118.0
2026-07-29,1517,利奇,11.5,11.95,11.35,11.9,1855199.0,21754944.0
2026-07-29,1519,華城,679.0,680.0,640.0,668.0,2264071.0,1485842447.0
2026-07-29,1521,大億,25.8,25.8,24.65,25.1,26222.0,656110.0
2026-07-29,1522,堤維西,27.75,27.75,26.7,27.15,866481.0,23400335.0
2026-07-29,1524,耿鼎,25.95,25.95,25.0,25.55,803801.0,20409974.0
2026-07-29,1525,江申,68.7,68.7,67.5,67.9,26802.0,1820292.0
2026-07-29,1526,日馳,17.5,18.9,17.5,18.9,3340489.0,62360671.0
2026-07-29,1527,鑽全,33.9,33.9,33.2,33.5,528128.0,17625299.0
2026-07-29,1528,恩德,18.05,18.1,16.2,17.0,2365683.0,39924315.0
2026-07-29,1529,樂事綠能,17.5,17.5,16.0,16.8,947413.0,15738211.0
2026-07-29,1530,亞崴,28.45,28.85,27.25,28.15,84288.0,2352884.0
2026-07-29,1531,高林股,13.0,13.0,12.65,12.9,302305.0,3860727.0
2026-07-29,1532,勤美,22.65,22.7,21.85,22.4,1107461.0,24560707.0
2026-07-29,1533,車王電,33.2,33.2,31.05,31.65,194140.0,6140073.0
2026-07-29,1535,中宇,46.95,47.0,45.5,46.45,149164.0,6850185.0
2026-07-29,1536,和大,48.0,48.4,44.8,45.8,4010088.0,184481634.0
2026-07-29,1537,廣隆,127.5,128.0,125.0,126.5,150271.0,18952446.0
2026-07-29,1538,正峰,10.0,10.0,9.55,10.0,15049.0,148120.0
2026-07-29,1539,巨庭,16.3,16.3,15.75,16.0,166151.0,2655252.0
2026-07-29,1540,喬福,20.0,20.2,18.45,18.8,689353.0,13149392.0
2026-07-29,1541,錩泰,21.3,21.3,20.75,20.95,25378.0,533538.0
2026-07-29,1558,伸興,89.9,91.6,89.9,91.2,188206.0,17100428.0
2026-07-29,1560,中砂,625.0,634.0,573.0,594.0,1950808.0,1156398252.0
2026-07-29,1563,巧新,58.3,58.4,53.3,54.7,2758914.0,152674471.0
2026-07-29,1568,倉佑,28.35,28.35,25.95,26.65,879217.0,23290144.0
2026-07-29,1582,信錦,66.5,66.9,62.5,64.5,1662170.0,105887438.0
2026-07-29,1583,程泰,50.7,50.7,48.4,49.75,46593.0,2299532.0
2026-07-29,1587,吉茂,24.55,24.55,23.05,23.75,551685.0,13041424.0
2026-07-29,1590,亞德客-KY,1420.0,1420.0,1275.0,1325.0,1289868.0,1713207150.0
2026-07-29,1597,直得,116.0,119.5,106.0,109.5,1737996.0,190111599.0
2026-07-29,1598,岱宇,21.0,21.7,20.2,20.75,4037036.0,86248012.0
2026-07-29,1603,華電,28.4,28.7,27.35,28.0,508903.0,14134696.0
2026-07-29,1604,聲寶,23.45,23.55,23.25,23.45,633474.0,14821450.0
2026-07-29,1605,華新,30.85,30.95,28.35,29.35,42589062.0,1242893930.0
2026-07-29,1608,華榮,28.55,28.6,26.85,27.55,3353291.0,92141645.0
2026-07-29,1609,大亞,34.6,34.85,32.1,33.0,6275432.0,206937025.0
2026-07-29,1611,中電,11.65,11.75,11.15,11.45,986726.0,11248397.0
2026-07-29,1612,宏泰,30.75,30.75,29.1,29.8,1724494.0,51230628.0
2026-07-29,1614,三洋電,31.2,31.45,30.8,31.3,151351.0,4710468.0
2026-07-29,1615,大山,43.15,43.15,41.2,42.05,209213.0,8737775.0
2026-07-29,1616,億泰,18.8,18.9,17.55,18.2,852875.0,15474700.0
2026-07-29,1617,榮星,17.05,17.25,15.6,16.3,1290535.0,20928865.0
2026-07-29,1618,合機,38.25,38.4,35.85,36.7,1140039.0,41971504.0
2026-07-29,1623,大東電,215.5,216.5,206.0,209.0,381879.0,79931354.0
2026-07-29,1626,艾美特-KY,10.2,10.2,9.81,9.88,112993.0,1119672.0
2026-07-29,1702,南僑,33.4,34.15,33.2,34.0,777707.0,26200746.0
2026-07-29,1707,葡萄王,91.0,91.8,90.0,90.9,692664.0,62894339.0
2026-07-29,1708,東鹼,50.2,50.2,46.5,47.5,5458012.0,262722458.0
2026-07-29,1709,和益,24.45,24.8,23.55,24.0,3787408.0,90852495.0
2026-07-29,1710,東聯,13.95,13.95,12.7,13.15,11713504.0,154898798.0
2026-07-29,1711,永光,32.8,33.2,29.9,31.45,10318721.0,317613764.0
2026-07-29,1712,興農,39.5,39.5,38.7,39.15,958368.0,37394046.0
2026-07-29,1713,國化,47.6,47.6,46.1,46.4,323915.0,15066291.0
2026-07-29,1714,和桐,13.85,13.85,12.8,13.2,17962178.0,235271863.0
2026-07-29,1717,長興,59.0,59.8,52.8,54.8,16745735.0,922846248.0
2026-07-29,1718,中纖,9.89,9.89,8.9,9.2,43393634.0,398475237.0
2026-07-29,1720,生達,57.5,58.0,56.6,57.8,712070.0,40961936.0
2026-07-29,1721,三晃,20.2,20.2,18.0,18.9,1287185.0,24121643.0
2026-07-29,1722,台肥,46.25,46.3,45.2,45.3,5088835.0,231783388.0
2026-07-29,1723,中碳,84.4,84.4,80.5,82.3,910132.0,74736864.0
2026-07-29,1725,元禎,29.5,29.5,28.3,28.9,199880.0,5767724.0
2026-07-29,1726,永記,77.5,78.9,77.3,78.4,97452.0,7596029.0
2026-07-29,1727,中華化,71.1,71.5,64.0,65.4,3574961.0,235780743.0
2026-07-29,1730,花仙子,51.5,51.5,50.6,51.0,99634.0,5074065.0
2026-07-29,1731,美吾華,20.65,20.65,20.45,20.5,152522.0,3131364.0
2026-07-29,1732,毛寶,27.0,27.0,25.75,26.1,447860.0,11759843.0
2026-07-29,1733,五鼎,32.1,32.15,31.6,32.0,281486.0,8945284.0
2026-07-29,1734,杏輝,31.95,32.1,31.25,31.95,596265.0,18917224.0
2026-07-29,1735,日勝化,19.5,19.5,18.0,18.65,368843.0,6836996.0
2026-07-29,1736,喬山,132.5,135.0,127.5,134.5,1115590.0,145862838.0
2026-07-29,1737,臺鹽,32.2,32.2,31.9,32.15,151710.0,4866318.0
2026-07-29,1752,南光,31.85,31.85,31.1,31.75,139102.0,4364576.0
2026-07-29,1760,寶齡富錦,61.2,61.2,57.9,58.7,306912.0,18092717.0
2026-07-29,1762,中化生,33.85,33.85,31.9,32.5,253528.0,8215650.0
2026-07-29,1773,勝一,154.0,156.0,143.0,148.0,1404675.0,207067884.0
2026-07-29,1776,展宇,17.65,17.65,16.0,16.65,184479.0,3026637.0
2026-07-29,1783,和康生,40.85,40.85,39.2,39.85,117059.0,4638207.0
2026-07-29,1786,科妍,49.7,50.4,48.1,49.1,412651.0,20252189.0
2026-07-29,1789,神隆,19.65,19.85,19.1,19.45,1373310.0,26737863.0
2026-07-29,1795,美時,178.5,179.5,170.5,175.5,2059046.0,358209854.0
2026-07-29,1802,台玻,48.7,48.7,43.35,44.05,35265523.0,1575991745.0
2026-07-29,1805,寶徠,9.98,9.98,9.1,9.87,235660.0,2246003.0
2026-07-29,1806,冠軍,8.16,8.16,7.92,8.03,324324.0,2597104.0
2026-07-29,1808,潤隆,31.8,31.8,30.7,31.4,1375945.0,42949600.0
2026-07-29,1809,中釉,33.65,34.15,30.3,31.85,2873724.0,90387607.0
2026-07-29,1810,和成,25.7,25.7,23.0,23.8,13979790.0,332920204.0
2026-07-29,1817,凱撒衛,38.85,38.85,38.25,38.7,76250.0,2932701.0
2026-07-29,1903,士紙,48.5,48.65,46.9,48.0,276533.0,13164594.0
2026-07-29,1904,正隆,21.5,21.55,20.7,21.05,2674965.0,56247718.0
2026-07-29,1905,華紙,13.1,13.2,12.45,12.8,4454745.0,56647296.0
2026-07-29,1906,寶隆,11.2,11.2,10.9,11.05,74902.0,824335.0
2026-07-29,1907,永豐餘,28.2,28.9,28.2,28.45,3590839.0,102277978.0
2026-07-29,1909,榮成,10.0,10.1,9.77,9.88,3664061.0,36289692.0
2026-07-29,2002,中鋼,19.1,19.15,18.65,18.95,54262790.0,1023569998.0
2026-07-29,2006,東和鋼鐵,72.8,73.3,69.0,72.4,2318461.0,166247991.0
2026-07-29,2007,燁興,7.23,7.23,6.9,7.0,415648.0,2900801.0
2026-07-29,2008,高興昌,30.5,30.9,30.2,30.75,39533.0,1209987.0
2026-07-29,2009,第一銅,36.7,36.75,34.8,35.05,1977119.0,70035792.0
2026-07-29,2010,春源,21.1,21.25,20.7,21.0,2118102.0,44372695.0
2026-07-29,2012,春雨,16.4,16.4,15.6,16.0,100037.0,1588698.0
2026-07-29,2013,中鋼構,41.4,41.4,40.25,40.95,195289.0,7948574.0
2026-07-29,2014,中鴻,17.15,17.15,16.5,16.8,3791909.0,63430143.0
2026-07-29,2015,豐興,64.5,66.9,64.5,65.6,723047.0,47160261.0
2026-07-29,2017,官田鋼,8.79,8.84,8.52,8.8,895079.0,7753167.0
2026-07-29,2020,美亞,21.15,21.3,20.85,21.3,479655.0,10082487.0
2026-07-29,2022,聚亨,7.62,7.7,7.31,7.57,1471458.0,11072163.0
2026-07-29,2023,燁輝,13.9,13.9,13.55,13.65,2163353.0,29556077.0
2026-07-29,2024,志聯,14.05,14.05,13.65,14.0,33808.0,470426.0
2026-07-29,2025,千興,11.9,12.45,11.8,12.45,1123355.0,13573213.0
2026-07-29,2027,大成鋼,42.1,43.55,42.05,43.25,25417202.0,1092352264.0
2026-07-29,2028,威致,15.5,15.55,15.1,15.55,191258.0,2930126.0
2026-07-29,2029,盛餘,20.85,20.85,20.45,20.55,471672.0,9724591.0
2026-07-29,2030,彰源,17.25,17.3,16.6,17.05,1064168.0,17920371.0
2026-07-29,2031,新光鋼,40.05,40.25,38.55,39.5,901534.0,35373078.0
2026-07-29,2032,新鋼,15.95,15.95,15.0,15.3,342457.0,5239322.0
2026-07-29,2033,佳大,14.7,15.0,14.6,15.0,116794.0,1720084.0
2026-07-29,2034,允強,18.85,18.9,17.95,18.45,3401706.0,62364916.0
2026-07-29,2038,海光,12.7,12.7,11.9,12.15,577196.0,6996172.0
2026-07-29,2049,上銀,306.0,314.5,281.0,290.5,3939420.0,1152995619.0
2026-07-29,2059,川湖,7450.0,7595.0,6840.0,7145.0,873804.0,6203902060.0
2026-07-29,2062,橋椿,18.9,18.9,18.0,18.45,511837.0,9390867.0
2026-07-29,2069,運錩,17.9,18.1,17.55,17.85,409288.0,7278937.0
2026-07-29,2072,世紀風電,153.0,156.0,147.5,149.5,752310.0,113834112.0
2026-07-29,2101,南港,32.75,33.2,31.65,32.25,2988348.0,96719713.0
2026-07-29,2102,泰豐,19.35,19.35,18.9,19.3,391410.0,7487010.0
2026-07-29,2103,台橡,21.2,21.35,20.15,20.65,8706730.0,179303875.0
2026-07-29,2104,國際中橡,9.99,9.99,9.56,9.67,7199125.0,69611071.0
2026-07-29,2105,正新,30.95,31.05,30.0,30.4,10884836.0,330534806.0
2026-07-29,2106,建大,18.4,18.55,18.05,18.25,1973046.0,35997149.0
2026-07-29,2107,厚生,25.75,25.85,25.2,25.65,265339.0,6760522.0
2026-07-29,2108,南帝,27.4,27.55,26.1,26.6,1380492.0,36818790.0
2026-07-29,2109,華豐,14.55,14.55,14.05,14.4,211684.0,3020794.0
2026-07-29,2114,鑫永銓,88.0,88.0,86.5,87.3,60800.0,5297837.0
2026-07-29,2115,六暉-KY,21.9,21.9,21.3,21.55,82745.0,1778456.0
2026-07-29,2201,裕隆,27.45,27.65,26.65,27.0,3854848.0,104039135.0
2026-07-29,2204,中華,52.2,52.3,50.7,51.7,1294214.0,66545352.0
2026-07-29,2206,三陽工業,62.6,63.7,62.5,63.6,2262003.0,142889864.0
2026-07-29,2207,和泰車,505.0,521.0,505.0,519.0,1285462.0,662943590.0
2026-07-29,2208,台船,19.1,19.15,18.0,18.4,6102652.0,112436959.0
2026-07-29,2211,長榮鋼,88.5,88.6,86.2,88.0,882381.0,77118221.0
2026-07-29,2227,裕日車,50.7,50.8,49.35,50.8,118807.0,5981141.0
2026-07-29,2228,劍麟,78.2,78.6,75.0,77.7,248917.0,18987848.0
2026-07-29,2231,為升,92.3,92.6,86.3,88.8,615539.0,54769873.0
2026-07-29,2233,宇隆,193.5,199.5,175.5,185.5,1754208.0,321579030.0
2026-07-29,2236,百達-KY,132.5,132.5,119.0,131.0,884296.0,110897205.0
2026-07-29,2239,英利-KY,20.0,20.2,18.55,20.0,414047.0,7953410.0
2026-07-29,2241,艾姆勒,32.65,32.65,29.5,30.5,1188362.0,36047705.0
2026-07-29,2243,宏旭-KY,48.85,48.85,42.65,44.25,812457.0,35651716.0
2026-07-29,2247,汎德永業,226.0,231.0,224.5,226.0,184766.0,42067850.0
2026-07-29,2248,華勝-KY,60.0,60.0,56.6,58.5,160288.0,9297838.0
2026-07-29,2250,IKKA-KY,59.5,59.5,54.9,56.3,330342.0,18633461.0
2026-07-29,2254,巨鎧精密-創,60.5,62.0,60.5,62.0,14181.0,868736.0
2026-07-29,2258,鴻華先進-創,31.95,32.25,31.4,32.25,1277735.0,40760341.0
2026-07-29,2301,光寶科,194.5,197.5,176.5,185.0,26323410.0,4858744387.0
2026-07-29,2302,麗正,37.6,39.25,34.15,34.15,2884206.0,102190925.0
2026-07-29,2303,聯電,109.5,112.0,102.5,102.5,271683852.0,28667869043.0
2026-07-29,2305,全友,30.5,30.8,27.45,27.45,9755961.0,274543587.0
2026-07-29,2308,台達電,1560.0,1595.0,1425.0,1495.0,22356467.0,33165182656.0
2026-07-29,2312,金寶,30.05,30.8,28.0,29.1,27182399.0,787273117.0
2026-07-29,2313,華通,182.5,183.0,164.0,171.0,47322132.0,8056194281.0
2026-07-29,2314,台揚,12.25,12.25,10.8,11.3,302042.0,3386986.0
2026-07-29,2316,楠梓電,143.0,146.0,128.5,136.5,3826289.0,515816799.0
2026-07-29,2317,鴻海,240.0,246.5,231.0,237.0,84937463.0,20205542596.0
2026-07-29,2321,東訊,0.0,0.0,0.0,0.0,0,0
2026-07-29,2323,中環,10.0,10.1,9.26,9.51,11997435.0,115107124.0
2026-07-29,2324,仁寶,35.0,36.3,33.9,34.85,82704423.0,2906381888.0
2026-07-29,2327,國巨*,539.0,545.0,507.0,507.0,51708941.0,26953210861.0
2026-07-29,2328,廣宇,42.6,43.25,38.65,40.35,5595125.0,225577571.0
2026-07-29,2329,華泰,40.65,41.1,37.1,38.75,7251244.0,278483064.0
2026-07-29,2330,台積電,2260.0,2280.0,2180.0,2200.0,68139691.0,151551634905.0
2026-07-29,2331,精英,18.75,18.75,17.3,17.8,3494280.0,62067114.0
2026-07-29,2332,友訊,23.75,24.2,22.45,24.0,77015537.0,1792858219.0
2026-07-29,2337,旺宏,110.0,110.5,102.0,102.0,79625991.0,8248645602.0
2026-07-29,2338,光罩,38.8,38.8,34.3,35.15,3412683.0,120383493.0
2026-07-29,2340,台亞,28.55,28.75,25.55,26.3,5631033.0,147562376.0
2026-07-29,2342,茂矽,34.65,34.9,31.25,32.05,3802585.0,121933029.0
2026-07-29,2344,華邦電,137.0,137.5,130.0,130.0,86091045.0,11297655272.0
2026-07-29,2345,智邦,2040.0,2110.0,1840.0,1910.0,4161040.0,8092423465.0
2026-07-29,2347,聯強,88.0,88.4,83.4,85.4,3816843.0,326783296.0
2026-07-29,2348,海悅,76.4,77.0,73.5,75.2,738915.0,55340874.0
2026-07-29,2349,錸德,10.85,10.85,10.0,10.25,3113912.0,31959604.0
2026-07-29,2351,順德,145.0,145.5,130.5,130.5,4975669.0,668122038.0
2026-07-29,2352,佳世達,27.9,28.1,26.05,26.95,7807699.0,209942877.0
2026-07-29,2353,宏碁,29.1,29.55,27.7,28.65,37339190.0,1058579589.0
2026-07-29,2354,鴻準,54.6,55.3,51.2,53.0,8708993.0,459996732.0
2026-07-29,2355,敬鵬,38.05,38.5,35.05,36.0,6826042.0,246544965.0
2026-07-29,2356,英業達,60.0,61.6,58.0,60.3,52792216.0,3153018873.0
2026-07-29,2357,華碩,750.0,771.0,736.0,761.0,7000149.0,5278683452.0
2026-07-29,2359,所羅門,134.5,139.0,127.0,137.0,7971337.0,1066250872.0
2026-07-29,2360,致茂,1940.0,1960.0,1765.0,1835.0,3726482.0,6849211235.0
2026-07-29,2362,藍天,43.5,43.55,41.1,41.85,1489413.0,62771492.0
2026-07-29,2363,矽統,49.5,49.5,44.3,45.5,9591290.0,437817290.0
2026-07-29,2364,倫飛,69.1,69.7,65.3,67.9,342698.0,22857181.0
2026-07-29,2365,昆盈,28.3,28.5,25.75,26.8,2335417.0,62274515.0
2026-07-29,2367,燿華,38.65,38.95,34.6,35.85,15652651.0,559522441.0
2026-07-29,2368,金像電,805.0,813.0,729.0,729.0,8159221.0,6123678038.0
2026-07-29,2369,菱生,30.2,30.5,27.0,27.6,14029238.0,388702126.0
2026-07-29,2371,大同,24.9,25.1,23.35,24.1,16134811.0,387386771.0
2026-07-29,2373,震旦行,54.2,54.2,53.5,54.0,90259.0,4854581.0
2026-07-29,2374,佳能,64.5,65.3,59.6,62.6,5034138.0,312071135.0
2026-07-29,2375,凱美,115.0,118.5,107.0,107.5,6215546.0,691025148.0
2026-07-29,2376,技嘉,331.0,336.0,315.5,321.5,7550654.0,2443552530.0
2026-07-29,2377,微星,140.5,144.5,133.0,137.5,17643297.0,2432294116.0
2026-07-29,2379,瑞昱,742.0,777.0,715.0,738.0,5605659.0,4138656093.0
2026-07-29,2380,虹光,18.9,19.05,18.75,18.8,89201.0,1687637.0
2026-07-29,2382,廣達,319.0,322.5,301.5,309.5,28018749.0,8733032083.0
2026-07-29,2383,台光電,4380.0,4475.0,3985.0,4100.0,3501983.0,14519060545.0
2026-07-29,2385,群光,103.0,103.5,99.2,101.5,5355387.0,538319815.0
2026-07-29,2387,精元,38.0,38.1,36.7,37.6,881193.0,32846917.0
2026-07-29,2388,威盛,70.5,71.0,65.1,67.4,7735237.0,521417197.0
2026-07-29,2390,云辰,10.65,10.65,9.9,10.05,814950.0,8215849.0
2026-07-29,2392,正崴,35.0,35.1,32.85,33.6,3397522.0,114540802.0
2026-07-29,2393,億光,63.6,63.8,60.4,61.2,3514275.0,216091199.0
2026-07-29,2395,研華,549.0,565.0,529.0,550.0,5325464.0,2910658765.0
2026-07-29,2397,友通,56.9,56.9,52.5,54.0,785384.0,42354985.0
2026-07-29,2399,映泰,34.95,35.0,30.9,32.45,3873365.0,123684961.0
2026-07-29,2401,凌陽,25.95,26.1,23.3,24.15,7229079.0,174412262.0
2026-07-29,2402,毅嘉,53.3,53.6,47.75,49.8,4539988.0,225993390.0
2026-07-29,2404,漢唐,1025.0,1075.0,975.0,1015.0,3931840.0,4010486431.0
2026-07-29,2405,輔信,15.5,15.65,14.5,14.9,3063350.0,45540659.0
2026-07-29,2406,國碩,31.0,31.35,27.8,28.75,13052174.0,374824681.0
2026-07-29,2408,南亞科,378.0,378.0,353.5,353.5,56513023.0,20314447487.0
2026-07-29,2409,友達,24.8,25.15,23.05,23.65,251725370.0,6041718161.0
2026-07-29,2412,中華電,141.0,142.5,139.0,140.5,36601235.0,5157010117.0
2026-07-29,2413,環科,39.1,39.15,34.6,36.65,1349008.0,48673491.0
2026-07-29,2414,精技,56.6,56.6,53.4,55.3,480294.0,26188415.0
2026-07-29,2415,錩新,30.8,30.9,28.8,29.9,377792.0,11245383.0
2026-07-29,2417,圓剛,39.0,39.7,36.5,38.1,1487755.0,56180735.0
2026-07-29,2419,仲琦,23.7,23.85,22.0,22.9,1508089.0,34039131.0
2026-07-29,2420,新巨,54.6,55.3,52.0,53.8,1056818.0,56010190.0
2026-07-29,2421,建準,129.5,130.0,118.5,124.5,3322402.0,408138821.0
2026-07-29,2423,固緯,68.0,69.5,64.1,66.5,363845.0,24104756.0
2026-07-29,2424,隴華,7.71,7.71,7.3,7.65,66200.0,490416.0
2026-07-29,2425,承啟,44.0,44.65,41.0,44.15,4672485.0,200732395.0
2026-07-29,2426,鼎元,55.8,56.3,50.3,50.3,8413489.0,437040546.0
2026-07-29,2427,三商電,22.75,22.9,21.65,22.3,988864.0,21839052.0
2026-07-29,2428,興勤,214.0,217.0,197.0,209.0,1502480.0,307064487.0
2026-07-29,2429,銘旺科,35.15,36.0,31.2,31.2,768669.0,24677277.0
2026-07-29,2430,燦坤,17.45,17.45,17.05,17.15,154655.0,2661307.0
2026-07-29,2431,聯昌,10.5,10.5,9.9,10.0,476107.0,4795812.0
2026-07-29,2432,倚天酷碁-創,27.65,28.45,27.0,27.6,77328.0,2128103.0
2026-07-29,2433,互盛電,42.15,42.15,41.7,41.95,64282.0,2691675.0
2026-07-29,2434,統懋,59.0,59.0,53.4,53.4,118225.0,6427152.0
2026-07-29,2436,偉詮電,55.8,55.8,49.7,51.8,3972920.0,204343132.0
2026-07-29,2438,翔耀,17.15,17.2,16.0,16.6,149224.0,2457586.0
2026-07-29,2439,美律,81.7,83.1,80.0,81.3,1716332.0,139891551.0
2026-07-29,2440,太空梭,15.1,15.25,14.7,15.05,706597.0,10555528.0
2026-07-29,2441,超豐,108.5,108.5,98.6,98.6,7110604.0,715240766.0
2026-07-29,2442,新美齊,19.05,19.25,18.75,19.1,2277879.0,43276731.0
2026-07-29,2444,兆勁,11.3,11.3,10.5,10.6,502356.0,5344898.0
2026-07-29,2449,京元電子,236.0,236.0,212.5,212.5,22273293.0,4853090254.0
2026-07-29,2450,神腦,29.0,29.0,28.5,28.8,200250.0,5739907.0
2026-07-29,2451,創見,261.0,278.0,250.0,269.5,12723044.0,3330957445.0
2026-07-29,2453,凌群,51.5,51.6,49.5,50.4,676326.0,33934593.0
2026-07-29,2454,聯發科,3315.0,3335.0,2990.0,3150.0,16174122.0,50329532035.0
2026-07-29,2455,全新,304.0,304.0,272.5,272.5,5289895.0,1485578601.0
2026-07-29,2457,飛宏,22.4,22.6,20.25,21.05,4513389.0,94762993.0
2026-07-29,2458,義隆,155.0,156.5,144.0,149.5,3275538.0,483450159.0
2026-07-29,2459,敦吉,65.2,65.4,63.6,64.4,237257.0,15204279.0
2026-07-29,2460,建通,29.95,29.95,27.0,29.0,970724.0,27518648.0
2026-07-29,2461,光群雷,15.7,15.7,15.2,15.6,1079338.0,16655558.0
2026-07-29,2462,良得電,19.6,20.4,19.2,19.65,613589.0,12016543.0
2026-07-29,2464,盟立,131.0,134.0,118.0,123.0,6917988.0,847565473.0
2026-07-29,2465,麗臺,75.0,76.0,69.0,72.6,1648382.0,117680402.0
2026-07-29,2466,冠西電,94.1,95.4,86.4,89.8,2132412.0,192407595.0
2026-07-29,2467,志聖,517.0,520.0,457.5,461.0,1760542.0,834452903.0
2026-07-29,2468,華經,33.3,34.35,31.25,32.3,964282.0,31311744.0
2026-07-29,2471,資通,48.0,48.3,46.45,47.6,356159.0,16809137.0
2026-07-29,2472,立隆電,238.5,242.0,211.5,220.0,5908644.0,1307811489.0
2026-07-29,2474,可成,185.0,186.0,177.0,180.5,4657903.0,839606422.0
2026-07-29,2476,鉅祥,111.5,112.5,100.5,106.0,3979833.0,417760687.0
2026-07-29,2477,美隆電,21.6,21.6,20.9,21.2,165930.0,3511844.0
2026-07-29,2478,大毅,114.5,115.5,104.5,104.5,3046520.0,330568667.0
2026-07-29,2480,敦陽科,158.0,159.0,151.5,156.0,380299.0,58747598.0
2026-07-29,2481,強茂,124.5,124.5,112.5,112.5,14259803.0,1643097433.0
2026-07-29,2482,連宇,17.4,17.4,15.75,16.25,679071.0,11126035.0
2026-07-29,2483,百容,38.15,38.15,35.0,35.0,296802.0,10511005.0
2026-07-29,2484,希華,64.5,67.2,59.3,59.3,15212498.0,945425654.0
2026-07-29,2485,兆赫,37.5,37.55,33.4,35.45,8566215.0,298816598.0
2026-07-29,2486,一詮,200.0,200.5,184.5,184.5,7653912.0,1443160055.0
2026-07-29,2488,漢平,48.95,48.95,47.5,48.5,278779.0,13394880.0
2026-07-29,2489,瑞軒,27.45,27.8,24.8,26.1,15446599.0,397805965.0
2026-07-29,2491,吉祥全,25.4,25.4,22.9,23.55,679923.0,16018050.0
2026-07-29,2492,華新科,234.5,234.5,220.5,220.5,1649731.0,369611968.0
2026-07-29,2493,揚博,197.5,198.0,176.0,176.0,2692971.0,491005391.0
2026-07-29,2495,普安,33.9,34.45,31.25,32.5,3271302.0,105672497.0
2026-07-29,2496,卓越,58.4,59.5,57.4,58.0,86735.0,5020866.0
2026-07-29,2497,怡利電,46.3,46.6,41.5,42.8,2813285.0,120399667.0
2026-07-29,2498,宏達電,40.05,40.5,37.9,38.55,7830470.0,304074784.0
2026-07-29,2501,國建,22.55,22.7,21.9,22.15,2985742.0,66309034.0
2026-07-29,2504,國產,31.65,31.75,30.8,31.55,3151174.0,98831169.0
2026-07-29,2505,國揚,18.1,18.15,17.65,17.9,458552.0,8191247.0
2026-07-29,2506,太設,8.78,8.78,8.55,8.65,280838.0,2419241.0
2026-07-29,2509,全坤建,13.35,13.35,12.9,13.1,214004.0,2783184.0
2026-07-29,2511,太子,8.45,8.46,8.32,8.43,2997982.0,25163354.0
2026-07-29,2514,龍邦,12.8,12.8,12.55,12.75,151670.0,1925305.0
2026-07-29,2515,中工,11.75,11.8,11.3,11.65,7957472.0,91904698.0
2026-07-29,2516,新建,14.25,14.25,13.85,13.85,155689.0,2173532.0
2026-07-29,2520,冠德,35.2,35.2,34.0,34.7,1935591.0,66973698.0
2026-07-29,2524,京城,35.75,36.25,34.1,36.25,290840.0,10363777.0
2026-07-29,2527,宏璟,43.45,43.6,40.55,41.65,1386711.0,57862252.0
2026-07-29,2528,皇普,19.05,19.65,18.85,19.25,859161.0,16462085.0
2026-07-29,2530,華建,19.9,21.1,19.9,20.65,2664831.0,54955995.0
2026-07-29,2534,宏盛,17.25,17.4,16.95,17.2,977293.0,16720082.0
2026-07-29,2535,達欣工,86.7,87.3,84.2,86.3,537743.0,45946604.0
2026-07-29,2536,宏普,18.05,18.1,17.65,17.95,1191970.0,21240581.0
2026-07-29,2537,聯上發,11.0,11.05,10.7,10.85,2474133.0,26776265.0
2026-07-29,2538,基泰,10.1,10.1,9.8,10.0,1147334.0,11409924.0
2026-07-29,2539,櫻花建,41.35,43.7,41.2,42.65,4230872.0,180890460.0
2026-07-29,2540,愛山林,56.2,59.0,55.9,57.8,7932914.0,433719915.0
2026-07-29,2542,興富發,43.0,43.4,42.5,43.25,7736869.0,332717204.0
2026-07-29,2543,皇昌,38.85,39.5,35.9,36.5,2975037.0,111307868.0
2026-07-29,2545,皇翔,33.3,33.3,32.35,33.0,476084.0,15613112.0
2026-07-29,2546,根基,96.9,98.3,95.4,98.0,323172.0,31440946.0
2026-07-29,2547,日勝生,10.2,10.25,10.05,10.25,4092863.0,41477691.0
2026-07-29,2548,華固,99.3,99.3,97.0,98.0,1896388.0,185357441.0
2026-07-29,2597,潤弘,162.5,164.0,159.0,163.0,423726.0,68401192.0
2026-07-29,2601,益航,6.3,6.3,6.0,6.2,3693282.0,22686815.0
2026-07-29,2603,長榮,205.0,205.5,198.0,201.5,13258719.0,2681322989.0
2026-07-29,2605,新興,31.5,31.75,30.15,31.1,6669665.0,205617229.0
2026-07-29,2606,裕民,62.4,62.5,60.1,61.3,3628251.0,221584031.0
2026-07-29,2607,榮運,47.15,47.6,46.0,47.4,813976.0,38399102.0
2026-07-29,2608,嘉里大榮,29.5,29.95,29.45,29.75,910825.0,27033509.0
2026-07-29,2609,陽明,50.9,51.6,49.5,50.1,22690053.0,1143208183.0
2026-07-29,2610,華航,22.1,22.4,21.25,21.7,65660069.0,1433196278.0
2026-07-29,2611,志信,13.95,13.95,13.2,13.4,566672.0,7664086.0
2026-07-29,2612,中航,51.1,51.6,49.5,51.1,579791.0,29219607.0
2026-07-29,2613,中櫃,20.9,20.9,19.8,20.15,622227.0,12548104.0
2026-07-29,2614,東森,18.35,18.35,17.65,18.05,1356330.0,24366555.0
2026-07-29,2615,萬海,84.8,86.2,83.7,85.0,16363965.0,1393148531.0
2026-07-29,2616,山隆,13.75,13.75,13.35,13.55,311694.0,4198740.0
2026-07-29,2617,台航,28.75,28.8,27.85,28.45,995514.0,28089065.0
2026-07-29,2618,長榮航,43.0,43.4,40.75,41.45,47478156.0,1988921253.0
2026-07-29,2630,亞航,50.1,50.8,46.2,48.1,4513163.0,217141980.0
2026-07-29,2633,台灣高鐵,26.1,26.25,25.7,26.05,8524323.0,221646345.0
2026-07-29,2634,漢翔,61.0,62.2,58.0,60.7,47339742.0,2819626815.0
2026-07-29,2636,台驊控股,66.0,66.5,64.2,65.6,475362.0,30975977.0
2026-07-29,2637,慧洋-KY,82.9,83.4,77.8,80.4,2586396.0,207083020.0
2026-07-29,2642,宅配通,21.1,21.1,20.15,20.2,120515.0,2443491.0
2026-07-29,2645,長榮航太,187.0,189.5,174.5,182.0,3186929.0,573041549.0
2026-07-29,2646,星宇航空,21.85,22.0,21.15,21.5,8982690.0,193054803.0
2026-07-29,2701,萬企,10.75,10.8,10.6,10.75,142361.0,1525564.0
2026-07-29,2702,華園,12.95,12.95,12.2,12.45,115391.0,1436873.0
2026-07-29,2704,國賓,46.0,49.7,45.55,47.35,260385.0,12213684.0
2026-07-29,2705,六福,16.25,16.25,15.9,16.2,194096.0,3119774.0
2026-07-29,2706,第一店,12.7,12.7,12.45,12.7,298409.0,3754669.0
2026-07-29,2707,晶華,180.0,180.5,177.5,180.0,290404.0,52087405.0
2026-07-29,2712,遠雄來,14.9,14.9,14.3,14.85,19785.0,290793.0
2026-07-29,2722,夏都,21.6,21.6,20.8,21.3,107973.0,2285690.0
2026-07-29,2723,美食-KY,62.5,62.5,60.6,61.5,410122.0,25158815.0
2026-07-29,2727,王品,229.0,230.5,226.0,229.0,698643.0,159440096.0
2026-07-29,2731,雄獅,144.5,145.0,142.0,145.0,609907.0,87397082.0
2026-07-29,2739,寒舍,34.95,35.0,34.15,34.75,203841.0,7058010.0
2026-07-29,2748,雲品,40.3,40.3,38.9,39.8,331244.0,13064462.0
2026-07-29,2753,八方雲集,178.0,179.5,174.0,176.0,372161.0,65632239.0
2026-07-29,2762,世界健身-KY,87.9,88.5,86.2,88.1,227538.0,19911725.0
2026-07-29,2801,彰銀,24.7,24.8,24.0,24.45,41420959.0,1009186551.0
2026-07-29,2812,台中銀,20.75,20.85,20.4,20.65,35075598.0,724818494.0
2026-07-29,2816,旺旺保,33.7,33.7,32.8,33.25,240276.0,7955537.0
2026-07-29,2820,華票,16.6,16.65,16.35,16.6,2496218.0,41214724.0
2026-07-29,2832,台產,56.6,57.1,55.5,56.9,374731.0,21114527.0
2026-07-29,2834,臺企銀,18.1,18.15,17.7,17.95,66775863.0,1195281614.0
2026-07-29,2836,高雄銀,12.4,12.45,11.8,11.95,16936736.0,203582342.0
2026-07-29,2838,聯邦銀,20.55,20.55,20.05,20.45,4475682.0,90753951.0
2026-07-29,2845,遠東銀,13.3,13.4,13.1,13.3,15813584.0,209176795.0
2026-07-29,2849,安泰銀,14.95,15.35,14.9,15.35,1039472.0,15780233.0
2026-07-29,2850,新產,157.0,158.5,154.0,155.5,987138.0,153986448.0
2026-07-29,2851,中再保,34.85,34.85,32.95,34.05,4408506.0,148022174.0
2026-07-29,2852,第一保,26.7,26.75,26.3,26.6,484347.0,12820342.0
2026-07-29,2855,統一證,42.3,42.5,39.75,40.8,6879576.0,279342392.0
2026-07-29,2867,三商壽,9.35,9.49,9.2,9.37,40156990.0,375591875.0
2026-07-29,2880,華南金,41.45,42.5,40.7,41.8,34810991.0,1457003987.0
2026-07-29,2881,富邦金,126.5,127.0,120.5,123.0,30894629.0,3812697651.0
2026-07-29,2882,國泰金,95.0,96.6,92.5,94.1,30053057.0,2838676059.0
2026-07-29,2883,凱基金,29.65,29.95,28.5,29.15,58342967.0,1699281601.0
2026-07-29,2884,玉山金,36.4,36.9,35.85,36.5,76803920.0,2792713306.0
2026-07-29,2885,元大金,64.4,64.7,60.7,62.2,42643746.0,2673820136.0
2026-07-29,2886,兆豐金,49.45,50.5,49.05,49.9,45186173.0,2248926059.0
2026-07-29,2887,台新新光金,34.15,34.2,32.25,32.6,97375420.0,3214450661.0
2026-07-29,2889,國票金,15.6,15.6,15.15,15.4,8337721.0,128048940.0
2026-07-29,2890,永豐金,39.1,39.2,38.15,38.6,39245879.0,1518671004.0
2026-07-29,2891,中信金,63.5,63.5,60.8,62.0,54831229.0,3411300869.0
2026-07-29,2892,第一金,34.8,35.1,34.15,34.8,49837213.0,1730043184.0
2026-07-29,2897,王道銀行,10.3,10.3,10.05,10.25,10572240.0,107778729.0
2026-07-29,2901,欣欣,24.25,24.35,24.15,24.35,19566.0,474207.0
2026-07-29,2903,遠百,22.4,22.6,22.05,22.35,4189722.0,93753328.0
2026-07-29,2904,匯僑,13.6,13.65,13.45,13.55,36464.0,494308.0
2026-07-29,2905,三商,16.25,16.45,16.05,16.45,2342636.0,38109597.0
2026-07-29,2906,高林,13.45,13.45,12.8,13.15,518324.0,6752341.0
2026-07-29,2908,特力,22.0,22.15,21.8,22.15,197162.0,4337139.0
2026-07-29,2910,統領,24.9,26.0,24.7,26.0,172890.0,4380755.0
2026-07-29,2911,麗嬰房,6.98,6.98,6.38,6.74,267826.0,1766322.0
2026-07-29,2912,統一超,239.5,242.0,237.5,241.0,5008963.0,1201537285.0
2026-07-29,2913,農林,11.25,11.25,10.75,10.9,3195326.0,34933732.0
2026-07-29,2915,潤泰全,51.0,51.2,50.1,51.1,3972833.0,201446686.0
2026-07-29,2923,鼎固-KY,37.65,41.35,35.9,41.0,1062388.0,42909016.0
2026-07-29,2929,淘帝-KY,5.77,5.78,5.56,5.64,142241.0,805092.0
2026-07-29,2939,永邑-KY,19.3,19.65,18.7,19.55,64000.0,1221400.0
2026-07-29,2945,三商家購,41.85,41.85,40.9,41.45,24847.0,1025519.0
2026-07-29,3002,歐格,16.3,16.35,14.8,15.55,394748.0,6111915.0
2026-07-29,3003,健和興,57.9,57.9,52.9,54.3,1067663.0,58134322.0
2026-07-29,3004,豐達科,132.0,135.0,124.5,132.0,1253744.0,161513348.0
2026-07-29,3005,神基,110.0,111.5,104.0,107.0,5318267.0,566334210.0
2026-07-29,3006,晶豪科,185.5,185.5,172.0,172.0,8852258.0,1544722167.0
2026-07-29,3008,大立光,3905.0,4010.0,3685.0,3850.0,3408473.0,13123320120.0
2026-07-29,3010,華立,114.5,115.0,107.0,110.5,1482386.0,162866966.0
2026-07-29,3011,今皓,11.8,11.95,11.4,11.55,1356795.0,15737975.0
2026-07-29,3013,晟銘電,79.6,80.2,72.0,75.5,3227620.0,239966810.0
2026-07-29,3014,聯陽,125.0,126.0,118.5,121.0,1516071.0,183318574.0
2026-07-29,3015,全漢,52.3,52.4,49.0,50.8,1086387.0,54427656.0
2026-07-29,3016,嘉晶,83.6,83.7,76.4,77.3,5721070.0,446670192.0
2026-07-29,3017,奇鋐,2225.0,2245.0,2020.0,2095.0,6379050.0,13423426555.0
2026-07-29,3018,隆銘綠能,17.25,17.25,17.25,17.25,417537.0,7202460.0
2026-07-29,3019,亞光,126.5,128.5,118.0,123.0,5713883.0,697673742.0
2026-07-29,3021,鴻名,20.75,20.75,19.0,20.1,371837.0,7280808.0
2026-07-29,3022,威強電,91.8,92.1,85.1,88.0,2959550.0,260711987.0
2026-07-29,3023,信邦,281.0,286.0,269.0,278.0,2025788.0,556626626.0
2026-07-29,3024,憶聲,12.8,12.8,12.0,12.35,1914541.0,23492065.0
2026-07-29,3025,星通,53.4,54.0,49.6,51.4,586393.0,29880075.0
2026-07-29,3026,禾伸堂,474.5,474.5,474.5,474.5,786939.0,373402342.0
2026-07-29,3027,盛達,18.2,18.55,17.0,17.6,798715.0,13978812.0
2026-07-29,3028,增你強,60.6,61.3,56.5,58.3,2840862.0,164429844.0
2026-07-29,3029,零壹,102.0,102.5,97.7,99.3,1534722.0,153205163.0
2026-07-29,3030,德律,274.5,276.0,246.5,255.0,4294310.0,1089726558.0
2026-07-29,3031,佰鴻,21.9,22.15,19.65,19.65,2217932.0,44408559.0
2026-07-29,3032,偉訓,78.7,79.2,72.2,73.9,1003832.0,75499396.0
2026-07-29,3033,威健,45.95,46.25,41.95,43.45,10669812.0,463602269.0
2026-07-29,3034,聯詠,505.0,522.0,493.0,505.0,6245317.0,3152800261.0
2026-07-29,3035,智原,172.0,173.0,167.0,167.0,4556173.0,764712559.0
2026-07-29,3036,文曄,189.0,192.5,180.0,184.5,10864923.0,1997153483.0
2026-07-29,3037,欣興,785.0,786.0,688.0,688.0,30987156.0,22089347984.0
2026-07-29,3038,全台,20.35,20.5,19.5,19.9,521178.0,10394141.0
2026-07-29,3040,遠見,36.4,36.4,34.0,35.4,1554948.0,54859801.0
2026-07-29,3041,揚智,22.15,22.3,20.0,20.55,2410575.0,49916727.0
2026-07-29,3042,晶技,147.5,150.5,135.0,136.5,12128012.0,1684220974.0
2026-07-29,3043,科風,20.0,20.0,18.4,18.85,242421.0,4591146.0
2026-07-29,3044,健鼎,360.0,361.0,327.0,339.5,5677503.0,1920648924.0
2026-07-29,3045,台灣大,114.0,115.0,112.5,113.5,16271690.0,1848962394.0
2026-07-29,3046,建碁,53.7,53.7,50.3,51.2,656652.0,33728028.0
2026-07-29,3047,訊舟,14.5,14.6,13.15,13.6,1873522.0,25629204.0
2026-07-29,3048,益登,47.15,47.15,42.55,44.2,4073864.0,178896814.0
2026-07-29,3049,精金,10.2,10.2,9.31,9.58,4640715.0,44540004.0
2026-07-29,3050,鈺德,11.2,11.25,10.4,10.65,2078613.0,22200267.0
2026-07-29,3051,力特,22.55,22.55,20.0,20.9,1107906.0,23277263.0
2026-07-29,3052,夆典,10.75,10.75,10.4,10.5,504439.0,5291615.0
2026-07-29,3054,立萬利,51.2,51.2,45.55,48.0,132550.0,6296992.0
2026-07-29,3055,蔚華科,113.5,114.5,103.5,103.5,2026401.0,215762165.0
2026-07-29,3056,富華新,14.0,14.05,13.55,13.95,1790795.0,24682598.0
2026-07-29,3057,喬鼎,14.5,14.5,13.2,13.6,237445.0,3248866.0
2026-07-29,3058,立德,8.63,8.63,8.0,8.14,999172.0,8119696.0
2026-07-29,3059,華晶科,39.0,39.0,36.5,37.5,3163385.0,118084403.0
2026-07-29,3060,銘異,27.2,28.2,24.95,26.15,4606429.0,119635100.0
2026-07-29,3062,建漢,20.1,20.1,18.35,18.9,4149553.0,78086939.0
2026-07-29,3090,日電貿,138.0,138.0,126.5,126.5,906032.0,115498941.0
2026-07-29,3092,鴻碩,24.7,24.7,21.7,22.7,519394.0,11622789.0
2026-07-29,3094,聯傑,33.45,33.45,29.6,30.75,2012065.0,62039188.0
2026-07-29,3130,一零四,204.5,206.0,204.5,205.0,74002.0,15164590.0
2026-07-29,3135,凌航,148.0,154.0,135.0,148.0,2701018.0,385262491.0
2026-07-29,3138,耀登,90.0,91.5,81.5,86.0,1069554.0,89991536.0
2026-07-29,3149,正達,67.6,68.4,63.1,64.7,8896691.0,578501603.0
2026-07-29,3150,鈺寶-創,16.25,16.25,14.85,14.9,113865.0,1733054.0
2026-07-29,3164,景岳,16.7,16.7,16.15,16.45,79468.0,1298773.0
2026-07-29,3167,大量,536.0,536.0,482.5,482.5,739278.0,357645795.0
2026-07-29,3168,眾福科,43.75,43.75,40.4,41.4,71065.0,2933300.0
2026-07-29,3189,景碩,650.0,650.0,576.0,576.0,15851867.0,9453252975.0
2026-07-29,3209,全科,55.0,55.2,51.4,53.4,2494861.0,131599458.0
2026-07-29,3229,晟鈦,39.0,39.75,37.5,38.25,568495.0,22113874.0
2026-07-29,3231,緯創,173.0,178.5,164.0,169.5,155521276.0,26607620065.0
2026-07-29,3257,虹冠電,50.3,50.3,46.8,49.0,474265.0,22719058.0
2026-07-29,3266,昇陽,13.8,13.8,13.65,13.8,97193.0,1336089.0
2026-07-29,3296,勝德,24.85,24.85,21.75,22.7,193842.0,4414151.0
2026-07-29,3305,昇貿,101.5,102.0,91.8,94.7,3696620.0,351779657.0
2026-07-29,3308,聯德,19.25,19.25,18.25,19.05,115453.0,2158158.0
2026-07-29,3311,閎暉,33.35,33.55,31.0,32.15,555517.0,17801508.0
2026-07-29,3312,弘憶股,44.65,44.65,40.1,41.95,1791335.0,74459684.0
2026-07-29,3321,同泰,18.5,18.5,16.5,17.5,491618.0,8392590.0
2026-07-29,3338,泰碩,59.2,60.0,54.0,56.7,1148064.0,64567655.0
2026-07-29,3346,麗清,19.85,19.85,18.05,18.6,849797.0,15832377.0
2026-07-29,3356,奇偶,56.3,57.3,52.2,54.5,672361.0,36245491.0
2026-07-29,3376,新日興,178.0,181.0,164.0,169.0,6017091.0,1024152470.0
2026-07-29,3380,明泰,28.5,28.75,25.55,27.05,3833053.0,101669144.0
2026-07-29,3406,玉晶光,491.5,491.5,452.5,466.5,2576658.0,1212932955.0
2026-07-29,3413,京鼎,308.0,308.5,279.5,289.0,4404337.0,1277281907.0
2026-07-29,3416,融程電,170.0,171.0,157.5,165.5,761930.0,123739372.0
2026-07-29,3419,譁裕,12.4,12.4,11.3,11.95,451280.0,5236274.0
2026-07-29,3432,台端,15.45,15.5,14.1,15.15,62050.0,911803.0
2026-07-29,3437,榮創,16.9,16.95,15.4,15.9,952578.0,15121150.0
2026-07-29,3443,創意,3605.0,3685.0,3295.0,3295.0,2438225.0,8341289725.0
2026-07-29,3447,展達,27.45,28.05,25.15,26.7,605360.0,15893346.0
2026-07-29,3450,聯鈞,405.0,405.5,364.5,364.5,7367179.0,2777854337.0
2026-07-29,3481,群創,45.4,45.5,40.5,41.8,524232519.0,22054596904.0
2026-07-29,3494,誠研,7.17,7.24,7.0,7.11,152843.0,1081081.0
2026-07-29,3501,維熹,40.0,40.4,39.3,40.05,770947.0,30701086.0
2026-07-29,3504,揚明光,63.0,68.6,62.4,68.6,6588070.0,441093352.0
2026-07-29,3515,華擎,198.5,198.5,187.5,190.5,635610.0,122419205.0
2026-07-29,3518,柏騰,24.7,24.95,22.35,23.6,977591.0,22669875.0
2026-07-29,3528,安馳,82.0,82.5,75.4,78.5,550368.0,42893573.0
2026-07-29,3530,晶相光,53.9,54.3,50.1,51.7,276528.0,14210448.0
2026-07-29,3532,台勝科,337.0,339.5,308.0,308.0,2899952.0,916570683.0
2026-07-29,3533,嘉澤,1850.0,1865.0,1655.0,1725.0,1055452.0,1834442020.0
2026-07-29,3535,晶彩科,79.2,80.4,72.0,74.4,2928207.0,216977859.0
2026-07-29,3543,州巧,27.45,29.3,26.05,27.35,1958188.0,53825533.0
2026-07-29,3545,敦泰,47.2,49.1,44.15,45.8,2065957.0,95610098.0
2026-07-29,3550,聯穎,20.55,20.55,18.35,19.1,2071390.0,39319671.0
2026-07-29,3557,嘉威,26.4,26.4,24.0,25.5,162045.0,4026066.0
2026-07-29,3563,牧德,639.0,648.0,572.0,588.0,922046.0,546727177.0
2026-07-29,3576,聯合再生,16.85,17.0,15.5,16.0,17325260.0,278975732.0
2026-07-29,3583,辛耘,688.0,695.0,619.0,624.0,1095076.0,696063068.0
2026-07-29,3588,通嘉,50.8,50.8,45.1,46.75,754628.0,35202513.0
2026-07-29,3591,艾笛森,19.65,19.85,18.0,18.5,1340125.0,24853081.0
2026-07-29,3592,瑞鼎,236.0,236.0,220.0,225.5,459347.0,103572388.0
2026-07-29,3593,力銘,13.65,13.65,12.1,13.4,17542.0,223011.0
2026-07-29,3596,智易,179.0,179.0,163.5,169.5,1273878.0,214988695.0
2026-07-29,3605,宏致,86.0,87.4,78.8,82.5,9015616.0,746673904.0
2026-07-29,3607,谷崧,14.4,14.4,13.15,13.5,605014.0,8198315.0
2026-07-29,3617,碩天,210.5,211.0,198.5,204.5,419253.0,85468989.0
2026-07-29,3622,洋華,53.6,53.6,50.3,51.7,465910.0,23863514.0
2026-07-29,3645,達邁,64.0,64.9,59.7,61.7,3459355.0,212428162.0
2026-07-29,3652,精聯,29.9,29.9,27.8,28.8,309806.0,8849211.0
2026-07-29,3653,健策,3360.0,3510.0,3230.0,3310.0,2191298.0,7340739220.0
2026-07-29,3661,世芯-KY,3000.0,3055.0,2805.0,2805.0,3146953.0,9083551435.0
2026-07-29,3665,貿聯-KY,2230.0,2275.0,1995.0,2090.0,4293972.0,9108445555.0
2026-07-29,3669,圓展,41.0,41.9,38.3,39.6,1660350.0,66915282.0
2026-07-29,3673,TPK-KY,57.2,57.8,51.8,53.5,9993204.0,535570424.0
2026-07-29,3679,新至陞,110.5,115.0,108.5,115.0,207584.0,22986497.0
2026-07-29,3686,達能,15.05,15.05,13.8,14.4,172329.0,2452634.0
2026-07-29,3694,海華,56.1,56.1,49.95,52.0,2583891.0,134035904.0
2026-07-29,3701,大眾控,38.6,38.8,34.75,35.1,1320464.0,46625989.0
2026-07-29,3702,大聯大,110.5,110.5,102.5,106.0,8994110.0,949992466.0
2026-07-29,3703,欣陸,20.7,20.7,20.2,20.45,2889071.0,58889458.0
2026-07-29,3704,合勤控,43.65,44.1,39.25,40.9,3981867.0,161581915.0
2026-07-29,3705,永信,54.0,54.5,53.6,54.5,212748.0,11491308.0
2026-07-29,3706,神達,88.5,89.2,83.5,85.3,17394924.0,1489655184.0
2026-07-29,3708,上緯投控,91.6,91.8,85.6,88.1,1169844.0,102521225.0
2026-07-29,3711,日月光投控,538.0,547.0,499.0,499.0,23571701.0,12100806120.0
2026-07-29,3712,永崴投控,16.95,17.35,16.15,17.0,1192051.0,19889017.0
2026-07-29,3714,富采,49.45,50.2,44.55,46.1,12512877.0,578986155.0
2026-07-29,3715,定穎投控,106.0,106.0,93.6,98.0,10588104.0,1024823570.0
2026-07-29,3716,中化控股,33.3,33.3,32.4,33.15,313834.0,10299127.0
2026-07-29,3717,聯嘉投控,21.2,21.45,19.35,20.4,4267289.0,86672290.0
2026-07-29,4104,佳醫,71.4,71.5,70.4,71.3,330922.0,23509049.0
2026-07-29,4106,雃博,24.45,24.5,23.85,24.5,270580.0,6542959.0
2026-07-29,4108,懷特,11.65,11.65,11.05,11.4,323949.0,3661128.0
2026-07-29,4119,旭富,50.6,50.6,47.7,49.55,395695.0,19340965.0
2026-07-29,4133,亞諾法,21.3,21.45,20.5,21.3,385690.0,8067718.0
2026-07-29,4137,麗豐-KY,95.4,95.8,93.5,94.8,208110.0,19612518.0
2026-07-29,4142,國光生,17.05,17.05,16.4,16.6,2312248.0,38396379.0
2026-07-29,4148,全宇生技-KY,31.05,31.05,29.85,30.55,72744.0,2211072.0
2026-07-29,4155,訊映,14.9,15.1,14.5,14.6,261329.0,3850240.0
2026-07-29,4164,承業醫,26.95,27.0,25.8,26.35,881773.0,23141085.0
2026-07-29,4169,泰宗,181.0,181.0,181.0,181.0,180774.0,32720094.0
2026-07-29,4178,永笙-KY,18.2,18.2,17.2,17.4,311636.0,5477119.0
2026-07-29,4190,佐登-KY,25.45,25.55,24.6,25.3,52910.0,1329732.0
2026-07-29,4195,基米-創,16.25,16.25,15.15,15.65,144117.0,2222988.0
2026-07-29,4306,炎洲,14.2,14.35,13.8,14.05,1933486.0,27141243.0
2026-07-29,4414,如興,8.8,8.8,8.3,8.57,407827.0,3463931.0
2026-07-29,4426,利勤,8.3,8.3,7.97,7.97,265717.0,2142400.0
2026-07-29,4438,廣越,62.1,62.1,59.1,61.0,64054.0,3877077.0
2026-07-29,4439,冠星-KY,100.0,100.0,97.0,99.2,17586.0,1726687.0
2026-07-29,4440,宜新實業,17.6,17.6,17.2,17.35,74001.0,1278737.0
2026-07-29,4441,振大環球,175.0,176.5,168.5,173.0,130750.0,22454249.0
2026-07-29,4526,東台,29.15,29.3,26.3,27.55,3136138.0,85562384.0
2026-07-29,4532,瑞智,24.25,24.25,22.95,23.35,2432868.0,56704774.0
2026-07-29,4536,拓凱,166.0,169.0,165.0,167.0,532833.0,88629614.0
2026-07-29,4540,全球傳動,47.8,49.0,43.0,44.95,2076154.0,93313487.0
2026-07-29,4545,銘鈺,33.45,33.45,30.2,31.3,367766.0,11545688.0
2026-07-29,4551,智伸科,168.5,169.0,151.0,160.5,1615678.0,256019472.0
2026-07-29,4552,力達-KY,18.55,18.55,17.3,17.5,802166.0,14044350.0
2026-07-29,4555,氣立,43.85,43.85,38.7,40.25,907010.0,35907271.0
2026-07-29,4557,永新-KY,50.5,50.7,48.65,50.0,711355.0,35495567.0
2026-07-29,4560,強信-KY,31.55,31.85,30.8,31.4,328158.0,10274596.0
2026-07-29,4562,穎漢,30.55,30.55,26.85,28.25,445524.0,12538761.0
2026-07-29,4564,元翎,16.8,16.9,15.8,16.35,2340387.0,37864176.0
2026-07-29,4566,時碩工業,71.1,72.6,67.5,69.7,3636147.0,253298732.0
2026-07-29,4569,六方科-KY,155.0,155.0,142.0,150.0,211516.0,31169316.0
2026-07-29,4571,鈞興-KY,149.0,150.5,140.0,144.5,501690.0,72162974.0
2026-07-29,4572,駐龍,143.0,143.0,136.0,139.0,70921.0,9777767.0
2026-07-29,4576,大銀微系統,182.5,189.5,168.0,176.0,2552373.0,451813348.0
2026-07-29,4581,光隆精密-KY,51.9,51.9,50.0,50.8,50632.0,2548720.0
2026-07-29,4582,聚恆-創,27.3,27.75,26.2,26.85,230250.0,6183072.0
2026-07-29,4583,台灣精銳,560.0,560.0,487.0,487.0,195654.0,99039156.0
2026-07-29,4585,達明,294.5,298.0,276.5,288.5,405713.0,116045813.0
2026-07-29,4588,玖鼎電力,51.3,53.0,48.5,49.3,204909.0,10127608.0
2026-07-29,4590,富田-創,82.3,82.3,75.4,77.5,288882.0,22412609.0
2026-07-29,4720,德淵,18.9,18.9,17.6,18.25,1433297.0,25627955.0
2026-07-29,4722,國精化,185.5,189.0,166.5,166.5,1490548.0,256930848.0
2026-07-29,4736,泰博,131.0,131.0,126.5,129.5,252895.0,32462789.0
2026-07-29,4737,華廣,58.5,58.5,56.8,58.3,146565.0,8446985.0
2026-07-29,4739,康普,76.6,76.6,68.7,71.5,2798865.0,199088771.0
2026-07-29,4746,台耀,50.9,51.0,48.5,49.7,1082816.0,53678701.0
2026-07-29,4755,三福化,112.0,112.0,101.0,106.0,1047107.0,109270287.0
2026-07-29,4763,材料*-KY,48.0,48.65,45.9,47.0,11634861.0,548098429.0
2026-07-29,4764,雙鍵,281.0,284.0,253.0,253.0,3134989.0,827149426.0
2026-07-29,4766,南寶,316.0,321.0,302.0,310.0,651273.0,201305153.0
2026-07-29,4770,上品,218.5,221.0,208.0,212.5,559550.0,119598701.0
2026-07-29,4771,望隼,182.0,183.5,176.0,181.5,357047.0,63841400.0
2026-07-29,4807,日成-KY,38.1,38.1,36.65,38.0,291029.0,10841679.0
2026-07-29,4904,遠傳,108.0,108.5,105.0,106.5,19364503.0,2064734069.0
2026-07-29,4906,正文,31.8,32.15,28.65,30.25,9760557.0,288315849.0
2026-07-29,4912,聯德控股-KY,80.8,81.8,75.0,78.4,583322.0,45480541.0
2026-07-29,4915,致伸,64.9,65.6,61.8,63.0,4073199.0,257312128.0
2026-07-29,4916,事欣科,97.5,99.6,87.4,90.2,5060226.0,459407925.0
2026-07-29,4919,新唐,121.0,121.5,108.5,108.5,7753985.0,865375531.0
2026-07-29,4927,泰鼎-KY,31.2,31.55,28.0,28.4,8093379.0,232029930.0
2026-07-29,4930,燦星網,16.3,17.8,15.6,15.6,976686.0,16487809.0
2026-07-29,4934,太極,14.65,14.65,13.15,13.6,1071348.0,14615004.0
2026-07-29,4935,茂林-KY,35.1,35.2,33.65,35.0,182928.0,6286667.0
2026-07-29,4938,和碩,84.2,85.1,80.3,82.0,10809853.0,889545707.0
2026-07-29,4942,嘉彰,34.7,35.0,33.4,34.3,334911.0,11455882.0
2026-07-29,4943,康控-KY,8.96,8.96,8.0,8.29,43881.0,358398.0
2026-07-29,4949,有成精密,61.9,61.9,55.8,57.8,1161243.0,66547072.0
2026-07-29,4952,凌通,46.1,46.1,41.4,42.85,774803.0,33372805.0
2026-07-29,4956,光鋐,26.8,27.2,24.3,25.35,1819718.0,45791275.0
2026-07-29,4958,臻鼎-KY,432.0,432.0,385.0,404.5,43694602.0,17465754136.0
2026-07-29,4960,誠美材,20.0,20.0,17.95,18.7,4786365.0,88537169.0
2026-07-29,4961,天鈺,154.0,154.5,144.5,149.0,827576.0,122614652.0
2026-07-29,4967,十銓,213.0,227.5,198.0,218.5,5068421.0,1051866251.0
2026-07-29,4968,立積,92.4,93.4,84.0,87.6,1506836.0,131160084.0
2026-07-29,4976,佳凌,34.6,37.7,34.55,37.7,13072274.0,481517757.0
2026-07-29,4977,眾達-KY,123.0,125.0,112.0,112.0,2229870.0,256769189.0
2026-07-29,4989,榮科,60.2,60.4,53.6,55.5,8388349.0,464454386.0
2026-07-29,4994,傳奇,91.8,94.2,90.6,93.0,24570.0,2276518.0
2026-07-29,4999,鑫禾,19.3,19.3,18.35,18.7,148737.0,2784720.0
2026-07-29,5007,三星,56.6,56.9,56.5,56.9,108359.0,6154296.0
2026-07-29,5203,訊連,67.3,67.3,62.3,63.2,601602.0,38208194.0
2026-07-29,5215,科嘉-KY,38.9,38.9,36.55,38.1,188686.0,7048788.0
2026-07-29,5222,全訊,111.0,112.0,101.5,104.0,717514.0,75230181.0
2026-07-29,5225,東科-KY,72.0,72.2,68.9,70.7,305341.0,21374640.0
2026-07-29,5234,達興材料,309.0,314.0,283.5,298.5,777573.0,229238249.0
2026-07-29,5236,凌陽創新,142.0,142.5,133.5,137.5,442439.0,60833256.0
2026-07-29,5243,乙盛-KY,78.9,81.5,71.2,74.8,3586429.0,266119511.0
2026-07-29,5244,弘凱,30.2,30.9,27.85,29.3,514015.0,14894747.0
2026-07-29,5258,虹堡,50.2,51.9,46.9,48.55,683573.0,33527556.0
2026-07-29,5269,祥碩,1460.0,1485.0,1370.0,1450.0,1508908.0,2153431850.0
2026-07-29,5283,禾聯碩,53.8,53.9,52.4,53.6,126993.0,6739956.0
2026-07-29,5284,jpp-KY,272.5,272.5,249.0,264.0,1009049.0,259818173.0
2026-07-29,5285,界霖,71.7,71.7,64.6,66.1,1866157.0,123408250.0
2026-07-29,5288,豐祥-KY,185.5,188.0,176.5,183.0,377874.0,68983307.0
2026-07-29,5292,華懋,160.0,160.0,150.0,155.5,205084.0,31384573.0
2026-07-29,5306,桂盟,88.7,90.5,88.4,89.9,277458.0,24743326.0
2026-07-29,5388,中磊,87.6,87.8,79.2,81.9,7966935.0,656078395.0
2026-07-29,5434,崇越,520.0,523.0,480.0,491.5,1507824.0,741924860.0
2026-07-29,5469,瀚宇博,68.2,68.6,63.0,65.2,2788751.0,180869539.0
2026-07-29,5471,松翰,51.5,51.5,45.55,46.7,2500231.0,118093104.0
2026-07-29,5484,慧友,40.05,40.05,36.8,37.55,303883.0,11409488.0
2026-07-29,5515,建國,43.5,43.5,41.2,42.35,589148.0,24637482.0
2026-07-29,5519,隆大,28.1,28.1,27.2,27.65,562724.0,15513532.0
2026-07-29,5521,工信,10.0,10.05,9.63,9.78,5701712.0,55954904.0
2026-07-29,5522,遠雄,66.6,66.6,64.6,65.6,949182.0,62220744.0
2026-07-29,5525,順天,22.95,23.35,22.65,23.05,309466.0,7106488.0
2026-07-29,5531,鄉林,7.82,7.93,7.74,7.9,1120490.0,8763532.0
2026-07-29,5533,皇鼎,14.35,14.35,14.05,14.3,244875.0,3470312.0
2026-07-29,5534,長虹,78.3,78.5,76.3,78.0,1207847.0,93283039.0
2026-07-29,5538,東明-KY,34.65,34.65,33.15,33.95,47881.0,1612539.0
2026-07-29,5546,永固-KY,13.55,14.15,13.1,14.15,82180.0,1115093.0
2026-07-29,5607,遠雄港,49.5,49.7,47.8,49.1,882181.0,42872703.0
2026-07-29,5608,四維航,13.35,13.4,12.8,13.0,3072551.0,40133530.0
2026-07-29,5706,鳳凰,44.75,45.25,44.0,44.85,306800.0,13624488.0
2026-07-29,5871,中租-KY,112.0,114.5,110.5,112.5,14801364.0,1658982364.0
2026-07-29,5876,上海商銀,44.0,44.6,43.6,44.35,17309474.0,763165900.0
2026-07-29,5880,合庫金,26.0,26.2,25.7,26.1,46004728.0,1197866194.0
2026-07-29,5906,台南-KY,40.4,40.4,40.0,40.0,3098.0,124072.0
2026-07-29,5907,大洋-KY,4.7,4.85,4.6,4.67,572958.0,2661321.0
2026-07-29,6005,群益證,33.9,34.0,32.1,32.85,12980932.0,426111363.0
2026-07-29,6024,群益期,64.0,64.2,62.3,63.1,1229437.0,77804275.0
2026-07-29,6108,競國,16.85,16.85,16.1,16.35,899373.0,14712599.0
2026-07-29,6112,邁達特,39.05,39.85,37.0,38.05,970402.0,37098072.0
2026-07-29,6115,鎰勝,45.7,45.75,44.85,45.75,314639.0,14228464.0
2026-07-29,6116,彩晶,13.0,13.1,11.65,11.95,52036911.0,628808143.0
2026-07-29,6117,迎廣,66.8,67.3,62.0,65.0,816648.0,52389224.0
2026-07-29,6120,達運,12.3,12.35,11.35,11.6,5298502.0,62100464.0
2026-07-29,6128,上福,20.45,20.45,19.6,19.9,109740.0,2177655.0
2026-07-29,6133,金橋,20.15,20.3,18.65,19.25,1357721.0,26131789.0
2026-07-29,6136,富爾特,24.4,24.4,23.3,24.05,340384.0,8132647.0
2026-07-29,6139,亞翔,706.0,730.0,641.0,671.0,7797114.0,5257882416.0
2026-07-29,6141,柏承,32.45,32.7,29.25,30.7,2224680.0,68163757.0
2026-07-29,6142,友勁,9.83,9.95,9.28,9.68,1132029.0,10775286.0
2026-07-29,6152,百一,11.95,11.95,11.0,11.3,814212.0,9185549.0
2026-07-29,6153,嘉聯益,15.15,15.3,13.7,14.2,8763755.0,124466001.0
2026-07-29,6155,鈞寶,52.0,55.5,46.6,49.55,3405986.0,168854455.0
2026-07-29,6164,華興,11.5,11.55,10.55,11.05,1363562.0,14975400.0
2026-07-29,6165,浪凡,48.4,48.8,46.3,47.8,590452.0,27912173.0
2026-07-29,6166,凌華,137.5,140.0,130.0,139.0,5875445.0,792621873.0
2026-07-29,6168,宏齊,21.75,22.0,19.55,20.05,2852328.0,57368956.0
2026-07-29,6176,瑞儀,84.0,84.8,81.5,83.9,7728385.0,640395325.0
2026-07-29,6177,達麗,47.65,47.85,46.4,47.1,1770406.0,83519594.0
2026-07-29,6183,關貿,91.8,92.8,90.7,92.8,77978.0,7155174.0
2026-07-29,6184,大豐電,42.75,43.0,42.3,42.8,95463.0,4077878.0
2026-07-29,6189,豐藝,47.85,47.85,44.7,45.75,1051171.0,47979256.0
2026-07-29,6191,精成科,84.2,84.5,77.1,79.6,5662080.0,451922760.0
2026-07-29,6192,巨路,112.0,112.0,105.5,108.0,323031.0,34819836.0
2026-07-29,6196,帆宣,474.0,479.0,428.0,447.0,2410443.0,1069039070.0
2026-07-29,6197,佳必琪,293.0,295.5,266.5,277.5,3038240.0,839052717.0
2026-07-29,6201,亞弘電,50.4,50.4,48.1,49.0,48762.0,2389568.0
2026-07-29,6202,盛群,49.1,49.6,43.95,45.05,4826441.0,217347970.0
2026-07-29,6205,詮欣,54.9,56.8,51.1,53.0,1247942.0,65774586.0
2026-07-29,6206,飛捷,125.5,128.0,118.0,123.0,2328602.0,285655266.0
2026-07-29,6209,今國光,64.0,68.6,60.4,63.0,14405496.0,929007190.0
2026-07-29,6213,聯茂,275.0,277.5,249.0,249.0,11867324.0,3067584762.0
2026-07-29,6214,精誠,144.5,147.0,140.5,144.0,3366377.0,484936766.0
2026-07-29,6215,和椿,89.5,91.0,80.3,84.4,1705965.0,142791393.0
2026-07-29,6216,居易,22.4,22.4,21.35,21.6,370096.0,8003104.0
2026-07-29,6224,聚鼎,52.0,52.9,48.05,50.2,662798.0,32838954.0
2026-07-29,6225,天瀚,26.3,28.25,23.25,23.25,138595.0,3565131.0
2026-07-29,6226,光鼎,21.55,22.55,21.55,22.55,16023885.0,359140515.0
2026-07-29,6230,尼得科超眾,117.0,117.0,106.5,112.0,103373.0,11440222.0
2026-07-29,6235,華孚,36.35,37.45,34.05,35.1,1348054.0,47523199.0
2026-07-29,6239,力成,259.5,267.5,226.5,233.0,33143763.0,7952334708.0
2026-07-29,6243,迅杰,48.95,53.2,47.2,51.2,10247432.0,511457294.0
2026-07-29,6257,矽格,196.5,198.5,176.0,181.5,9055321.0,1649943232.0
2026-07-29,6269,台郡,52.0,52.5,47.2,49.0,7086469.0,343653760.0
2026-07-29,6271,同欣電,165.5,165.5,149.0,149.0,5862270.0,900190184.0
2026-07-29,6272,驊陞,25.95,25.95,24.0,24.9,400116.0,9866136.0
2026-07-29,6277,宏正,77.5,77.5,74.3,76.3,793051.0,59819973.0
2026-07-29,6278,台表科,144.5,146.5,130.5,136.5,6763743.0,920284257.0
2026-07-29,6281,全國電,52.0,52.1,51.4,52.0,85221.0,4414016.0
2026-07-29,6282,康舒,43.0,43.5,38.7,40.7,18580961.0,745782931.0
2026-07-29,6283,淳安,20.55,20.55,18.85,20.0,361912.0,7037740.0
2026-07-29,6285,啟碁,233.0,234.5,207.0,216.0,11297487.0,2424529325.0
2026-07-29,6405,悅城,36.5,36.85,32.5,33.85,1459441.0,49202707.0
2026-07-29,6409,旭隼,941.0,985.0,887.0,923.0,831426.0,775607041.0
2026-07-29,6412,群電,79.0,80.0,74.8,77.5,1410832.0,108060774.0
2026-07-29,6414,樺漢,440.0,452.5,419.5,436.5,4964554.0,2151979659.0
2026-07-29,6415,矽力*-KY,400.0,400.0,364.5,375.5,7858735.0,2958193152.0
2026-07-29,6416,瑞祺電通,95.8,96.2,89.0,92.3,1237532.0,113749255.0
2026-07-29,6426,統新,162.0,167.5,146.5,148.5,1385338.0,211778736.0
2026-07-29,6431,光麗-KY,16.75,16.9,16.15,16.4,289269.0,4738735.0
2026-07-29,6438,迅得,138.0,138.5,126.0,130.5,998133.0,129482539.0
2026-07-29,6442,光聖,1230.0,1230.0,1110.0,1110.0,1785850.0,2027839690.0
2026-07-29,6443,元晶,26.25,26.25,23.05,23.55,8920711.0,212563677.0
2026-07-29,6446,藥華藥,1120.0,1130.0,1050.0,1080.0,3830927.0,4136723445.0
2026-07-29,6449,鈺邦,220.5,222.0,195.5,202.0,2028708.0,409965964.0
2026-07-29,6451,訊芯-KY,380.5,385.5,342.5,342.5,2947941.0,1046031654.0
2026-07-29,6456,GIS-KY,58.4,58.4,51.7,53.3,5313261.0,283706038.0
2026-07-29,6464,台數科,79.2,79.5,79.0,79.5,59615.0,4727780.0
2026-07-29,6472,保瑞,384.0,387.5,367.5,378.0,924741.0,348451342.0
2026-07-29,6477,安集,36.05,36.15,32.75,34.25,3004313.0,102332820.0
2026-07-29,6491,晶碩,325.0,330.0,309.0,322.0,564631.0,179463960.0
2026-07-29,6504,南六,40.0,40.95,38.5,40.95,157304.0,6293867.0
2026-07-29,6505,台塑化,76.3,77.1,72.0,74.8,48288584.0,3586824348.0
2026-07-29,6515,穎崴,6090.0,6090.0,5355.0,5415.0,619326.0,3459208220.0
2026-07-29,6525,捷敏-KY,128.0,129.0,116.5,120.5,2708219.0,325752921.0
2026-07-29,6526,達發,540.0,541.0,486.0,507.0,807121.0,405320121.0
2026-07-29,6531,愛普*,655.0,666.0,627.0,627.0,4299365.0,2726308680.0
2026-07-29,6533,晶心科,206.5,206.5,187.5,198.0,1206210.0,234079294.0
2026-07-29,6534,正瀚-創,93.5,94.0,91.6,93.3,166034.0,15446586.0
2026-07-29,6541,泰福-KY,38.8,38.8,36.7,37.8,621063.0,23381485.0
2026-07-29,6550,北極星藥業-KY,11.75,11.8,11.3,11.55,1910566.0,22088652.0
2026-07-29,6552,易華電,24.65,24.7,22.7,23.9,339759.0,7878738.0
2026-07-29,6558,興能高,24.55,25.0,22.55,23.15,878052.0,20593502.0
2026-07-29,6573,虹揚-KY,18.25,18.25,15.1,16.55,783841.0,12490344.0
2026-07-29,6579,研揚,163.5,164.5,152.0,158.0,1112197.0,174481827.0
2026-07-29,6581,鋼聯,108.0,108.5,107.5,108.5,64420.0,6964389.0
2026-07-29,6582,申豐,32.35,32.35,31.3,32.0,79710.0,2527851.0
2026-07-29,6585,鼎基,114.0,115.5,105.0,110.0,696436.0,75178653.0
2026-07-29,6589,台康生技,46.5,46.95,45.05,45.85,895295.0,41153212.0
2026-07-29,6591,動力-KY,44.0,44.0,41.3,42.3,311033.0,13169433.0
2026-07-29,6592,和潤企業,60.9,60.9,59.0,60.1,703934.0,42059374.0
2026-07-29,6598,ABC-KY,30.2,31.3,29.15,30.95,1242106.0,37687968.0
2026-07-29,6605,帝寶,132.0,133.0,128.0,131.0,520729.0,67529186.0
2026-07-29,6606,建德工業,26.15,26.15,25.3,25.75,115020.0,2950053.0
2026-07-29,6614,資拓宏宇,39.05,39.05,36.15,37.6,176459.0,6481505.0
2026-07-29,6625,必應,74.9,74.9,72.4,73.9,167442.0,12262737.0
2026-07-29,6641,基士德-KY,17.2,17.55,16.55,17.0,59858.0,1026814.0
2026-07-29,6645,金萬林-創,13.4,13.9,13.4,13.4,60731.0,820776.0
2026-07-29,6655,科定,117.5,120.0,117.0,120.0,20387.0,2419995.0
2026-07-29,6657,華安,32.95,32.95,29.35,30.25,463844.0,13971591.0
2026-07-29,6658,聯策,145.0,147.5,132.0,138.0,811148.0,110603111.0
2026-07-29,6666,羅麗芬-KY,44.9,44.95,43.3,44.55,53820.0,2372054.0
2026-07-29,6668,中揚光,35.3,37.15,33.7,37.15,3025510.0,109692746.0
2026-07-29,6669,緯穎,5430.0,5475.0,4940.0,5135.0,2854613.0,14856018475.0
2026-07-29,6670,復盛應用,270.5,271.5,260.0,267.0,348533.0,92322857.0
2026-07-29,6671,三能-KY,23.15,23.15,22.75,23.15,32160.0,740896.0
2026-07-29,6672,騰輝電子-KY,204.0,204.0,180.0,185.5,3222466.0,598069696.0
2026-07-29,6674,鋐寶科技,15.85,15.85,14.5,15.85,61635.0,933025.0
2026-07-29,6689,伊雲谷,59.2,59.2,53.6,55.4,361077.0,19988510.0
2026-07-29,6691,洋基工程,647.0,659.0,600.0,629.0,853369.0,531308578.0
2026-07-29,6695,芯鼎,49.4,50.6,45.2,46.75,1421020.0,66630405.0
2026-07-29,6698,旭暉應材,33.0,33.0,29.3,30.4,729813.0,21851630.0
2026-07-29,6706,惠特,102.0,103.0,91.8,94.1,2097456.0,198057408.0
2026-07-29,6715,嘉基,378.0,378.0,320.5,320.5,487158.0,160114736.0
2026-07-29,6719,力智,208.5,213.5,189.0,199.0,2728795.0,537160194.0
2026-07-29,6722,輝創,34.8,34.8,31.5,33.25,122043.0,3992153.0
2026-07-29,6742,澤米,41.85,42.3,38.8,42.3,1381058.0,55497927.0
2026-07-29,6743,安普新,30.25,30.25,29.1,29.85,419212.0,12383556.0
2026-07-29,6753,龍德造船,134.0,138.5,123.5,129.5,3088977.0,396647839.0
2026-07-29,6754,匯僑設計,43.7,43.7,42.35,42.95,18671.0,804025.0
2026-07-29,6756,威鋒電子,90.6,90.8,83.0,86.3,286201.0,24709249.0
2026-07-29,6757,台灣虎航,54.5,55.7,53.7,55.2,2363061.0,129337300.0
2026-07-29,6768,志強-KY,71.3,71.6,68.0,69.5,437892.0,30501026.0
2026-07-29,6770,力積電,55.1,55.2,50.3,50.4,158698474.0,8156114402.0
2026-07-29,6771,平和環保-創,38.9,38.9,37.8,38.05,33712.0,1289073.0
2026-07-29,6776,展碁國際,53.8,53.9,50.5,51.7,321538.0,16556181.0
2026-07-29,6781,AES-KY,922.0,934.0,840.0,870.0,1063807.0,930713352.0
2026-07-29,6782,視陽,179.0,180.0,172.0,177.0,389615.0,68463243.0
2026-07-29,6789,采鈺,426.0,430.5,382.5,400.5,3336153.0,1319568011.0
2026-07-29,6790,永豐實,39.1,39.25,38.85,39.05,231351.0,9030647.0
2026-07-29,6792,詠業,50.9,51.1,48.5,49.75,156470.0,7743134.0
2026-07-29,6794,向榮生技,76.3,76.3,73.7,75.3,34865.0,2615132.0
2026-07-29,6796,晉弘,58.8,58.8,52.5,56.0,122490.0,6768470.0
2026-07-29,6799,來頡,77.5,77.6,70.1,72.2,1069419.0,77352376.0
2026-07-29,6805,富世達,1365.0,1400.0,1210.0,1265.0,1723417.0,2172308985.0
2026-07-29,6807,峰源-KY,35.2,35.2,34.5,35.0,8709.0,304414.0
2026-07-29,6830,汎銓,375.5,375.5,337.0,337.0,1833814.0,635239274.0
2026-07-29,6831,邁科,555.0,555.0,511.0,511.0,370751.0,193220341.0
2026-07-29,6834,天二科技,80.8,82.5,74.1,74.1,2126009.0,163514746.0
2026-07-29,6835,圓裕,31.1,31.1,28.45,30.6,100454.0,2988087.0
2026-07-29,6838,台新藥,25.35,25.35,23.85,24.7,222810.0,5414263.0
2026-07-29,6854,錼創科技-KY創,89.1,90.9,82.5,87.3,878471.0,75109548.0
2026-07-29,6861,睿生光電,189.0,192.5,173.5,181.0,934011.0,165622356.0
2026-07-29,6862,三集瑞-KY,129.5,132.0,117.0,120.5,525413.0,63210344.0
2026-07-29,6863,永道-KY,121.0,125.5,117.5,123.5,675677.0,81976427.0
2026-07-29,6869,雲豹能源,67.7,67.7,62.5,65.9,1155289.0,74317076.0
2026-07-29,6873,泓德能源,82.1,82.2,75.0,78.1,1109348.0,86384554.0
2026-07-29,6885,全福生技,21.1,21.15,20.4,20.7,511082.0,10595902.0
2026-07-29,6887,寶綠特-KY,37.85,37.95,36.0,37.35,46590.0,1715825.0
2026-07-29,6890,來億-KY,176.0,179.5,168.0,176.0,665842.0,115690422.0
2026-07-29,6901,鑽石投資,17.5,17.5,16.2,16.75,2674716.0,44628023.0
2026-07-29,6902,GOGOLOOK,115.5,115.5,108.5,113.5,164856.0,18285829.0
2026-07-29,6906,現觀科,70.8,70.8,63.5,68.0,209578.0,13848026.0
2026-07-29,6908,宏碁遊戲-創,35.0,35.0,32.1,32.85,26928.0,899738.0
2026-07-29,6909,創控,40.0,40.0,36.6,38.2,744920.0,28433520.0
2026-07-29,6914,阜爾運通,145.5,146.0,143.5,146.0,90554.0,13116656.0
2026-07-29,6916,華凌,18.2,18.55,16.75,17.3,248114.0,4269401.0
2026-07-29,6918,愛派司,72.8,72.8,68.3,70.1,97385.0,6790963.0
2026-07-29,6919,康霈*,104.0,106.0,98.4,102.0,8514916.0,866169677.0
2026-07-29,6921,嘉雨思-創,63.4,63.4,58.2,59.7,48089.0,2869731.0
2026-07-29,6923,中台,77.2,77.2,72.8,74.7,218124.0,16159543.0
2026-07-29,6924,榮惠-KY創,99.6,99.8,90.8,99.8,70499.0,6750875.0
2026-07-29,6928,攸泰科技,49.75,49.75,43.85,45.85,629232.0,28890035.0
2026-07-29,6931,青松健康,38.3,38.3,37.1,37.65,82251.0,3096908.0
2026-07-29,6933,AMAX-KY,159.0,161.5,142.0,148.0,530002.0,79038313.0
2026-07-29,6934,心誠鎂,78.8,78.8,71.8,74.5,75638.0,5522526.0
2026-07-29,6936,永鴻生技,32.05,32.1,31.55,31.95,76360.0,2432795.0
2026-07-29,6937,天虹,255.0,257.5,229.0,238.5,928347.0,219417282.0
2026-07-29,6944,兆聯實業,723.0,728.0,660.0,687.0,904055.0,619507972.0
2026-07-29,6947,台鎔科技,72.2,73.0,68.0,69.3,871212.0,60453807.0
2026-07-29,6949,沛爾生醫-創,891.0,891.0,802.0,802.0,224287.0,181560165.0
2026-07-29,6951,青新-創,71.4,71.4,70.3,70.9,46008.0,3259118.0
2026-07-29,6952,大武山,35.7,35.7,33.2,34.1,45435.0,1552286.0
2026-07-29,6955,邦睿生技-創,112.0,112.0,110.0,112.0,7462.0,829004.0
2026-07-29,6957,裕慶-KY,225.5,227.0,210.5,216.0,265400.0,57654364.0
2026-07-29,6958,日盛台駿,18.85,18.85,17.9,18.65,166265.0,3064030.0
2026-07-29,6962,奕力-KY,31.0,31.0,29.45,30.15,3851478.0,115569335.0
2026-07-29,6965,中傑-KY,79.7,79.7,77.4,78.5,72700.0,5708847.0
2026-07-29,6969,成信實業*-創,29.0,30.05,28.15,28.15,698820.0,19996461.0
2026-07-29,6988,威力暘-創,12.95,12.95,11.95,12.8,60000.0,734300.0
2026-07-29,6994,富威電力,40.0,40.25,37.75,38.75,647610.0,25046922.0
2026-07-29,7610,聯友金屬-創,1215.0,1215.0,1215.0,1215.0,141751.0,172227465.0
2026-07-29,7631,聚賢研發-創,130.0,130.5,119.0,130.0,145700.0,18210330.0
2026-07-29,7689,大鵬科CLMX,179.5,179.5,166.5,176.5,342635.0,59692184.0
2026-07-29,7705,三商餐飲,30.75,30.75,29.8,30.3,85157.0,2558473.0
2026-07-29,7711,永擎,287.5,293.5,270.5,282.0,317878.0,87855843.0
2026-07-29,7721,微程式,59.2,60.0,55.1,57.3,222042.0,12719734.0
2026-07-29,7722,LINEPAY,273.0,279.5,265.0,272.5,204055.0,55338862.0
2026-07-29,7730,暉盛-創,148.0,150.0,135.5,145.0,117493.0,16780167.0
2026-07-29,7732,金興精密,35.1,35.9,34.4,34.95,32000.0,1122100.0
2026-07-29,7736,虎山,70.8,72.1,69.0,70.2,389925.0,27344618.0
2026-07-29,7740,熙特爾-創,142.5,147.5,140.0,145.0,211298.0,30222326.0
2026-07-29,7749,意騰-KY,334.5,334.5,300.0,311.5,474641.0,147781010.0
2026-07-29,7750,新代,1945.0,1965.0,1800.0,1890.0,309069.0,577852880.0
2026-07-29,7760,享溫馨,34.2,34.2,33.0,33.65,140407.0,4697354.0
2026-07-29,7765,中華資安,223.5,228.0,220.0,223.5,102270.0,22800558.0
2026-07-29,7768,頌勝科技,262.0,262.0,237.0,250.0,192469.0,47472580.0
2026-07-29,7769,鴻勁,5685.0,5760.0,5175.0,5175.0,1118878.0,5950453030.0
2026-07-29,7780,大研生醫*,17.0,17.05,16.3,16.7,1884794.0,31292374.0
2026-07-29,7786,東方風能,125.0,126.5,122.0,124.0,257916.0,31995191.0
2026-07-29,7788,松川精密,199.5,199.5,180.0,186.0,1557061.0,289593587.0
2026-07-29,7791,皇家可口,61.4,61.4,59.0,60.4,232529.0,13924884.0
2026-07-29,7795,長廣,355.0,399.0,333.0,347.5,957200.0,333371745.0
2026-07-29,7799,禾榮科,365.5,371.0,333.5,343.5,1046729.0,360556293.0
2026-07-29,7803,雲象科技-創,20.0,20.15,19.1,19.7,201971.0,3990455.0
2026-07-29,7818,溢泰實業,67.0,67.0,64.1,65.4,283809.0,18431793.0
2026-07-29,7821,神數,40.2,40.2,39.1,39.85,175412.0,6953159.0
2026-07-29,7822,倍利科,845.0,849.0,761.0,768.0,270518.0,210770325.0
2026-07-29,7823,奧義賽博-KY創,82.6,82.6,76.3,76.8,44302.0,3433405.0
2026-07-29,7827,漢康-KY創,141.5,142.0,133.0,141.0,503003.0,69336315.0
2026-07-29,7835,永悅健康-創,35.2,35.2,32.0,33.0,75177.0,2506665.0
2026-07-29,8011,台通,16.1,16.1,15.3,15.6,799729.0,12475462.0
2026-07-29,8016,矽創,277.0,286.0,257.0,264.5,1666473.0,444709850.0
2026-07-29,8021,尖點,346.0,349.5,316.5,316.5,2093691.0,685353105.0
2026-07-29,8028,昇陽半導體,281.0,281.0,252.0,252.0,1257792.0,324349315.0
2026-07-29,8033,雷虎,175.0,175.0,157.0,157.0,1651083.0,263661263.0
2026-07-29,8039,台虹,180.0,181.5,175.5,175.5,7223361.0,1283608164.0
2026-07-29,8045,達運光電,55.8,56.2,50.1,53.4,393205.0,20698479.0
2026-07-29,8046,南電,994.0,995.0,879.0,879.0,13363060.0,12334338245.0
2026-07-29,8070,長華*,44.85,44.85,40.85,42.05,5714814.0,239628919.0
2026-07-29,8072,陞泰,26.0,26.75,25.0,25.85,372540.0,9557091.0
2026-07-29,8081,致新,247.0,251.5,235.5,241.5,1582192.0,380730552.0
2026-07-29,8101,華冠,12.2,12.2,12.2,12.2,4000.0,48800.0
2026-07-29,8103,瀚荃,72.4,74.1,66.5,69.1,1916355.0,131995071.0
2026-07-29,8104,錸寶,31.95,31.95,28.05,29.15,1379899.0,40049285.0
2026-07-29,8105,凌巨,16.0,16.0,14.5,15.15,5019920.0,75139978.0
2026-07-29,8110,華東,37.6,37.75,34.15,34.15,6682509.0,233702517.0
2026-07-29,8112,至上,78.7,78.7,73.5,76.7,13783602.0,1039223331.0
2026-07-29,8114,振樺電,216.5,218.0,196.5,209.5,1593324.0,329134363.0
2026-07-29,8131,福懋科,58.1,58.1,52.4,53.6,6289773.0,338294999.0
2026-07-29,8150,南茂,78.6,79.6,72.9,72.9,23399658.0,1758335224.0
2026-07-29,8162,微矽電子-創,53.1,53.6,48.0,49.0,548956.0,26887162.0
2026-07-29,8163,達方,30.0,30.15,27.9,28.95,2216670.0,63591893.0
2026-07-29,8201,無敵,11.9,11.9,11.3,11.65,64640.0,750097.0
2026-07-29,8210,勤誠,1030.0,1030.0,957.0,981.0,1500772.0,1477827659.0
2026-07-29,8213,志超,29.9,29.95,28.1,28.9,1432010.0,41232383.0
2026-07-29,8215,明基材,23.25,23.3,21.0,21.7,1409775.0,30683144.0
2026-07-29,8222,寶一,37.25,37.8,34.75,35.55,1599521.0,57526770.0
2026-07-29,8249,菱光,41.55,41.55,38.35,40.05,697894.0,27629640.0
2026-07-29,8261,富鼎,193.0,195.0,175.5,175.5,4886963.0,888200691.0
2026-07-29,8271,宇瞻,210.0,225.5,201.5,222.5,18407423.0,3941566716.0
2026-07-29,8341,日友,76.8,76.9,75.3,76.2,358791.0,27229472.0
2026-07-29,8367,建新國際,41.0,41.0,40.3,40.6,43868.0,1778697.0
2026-07-29,8374,羅昇,72.9,74.3,65.6,70.0,545179.0,37481808.0
2026-07-29,8404,百和興業-KY,16.65,16.65,16.3,16.6,427485.0,7023223.0
2026-07-29,8411,福貞-KY,13.05,13.05,12.75,12.95,151221.0,1950153.0
2026-07-29,8422,可寧衛*,24.8,25.1,24.05,24.8,12381167.0,302131737.0
2026-07-29,8429,金麗-KY,6.14,6.14,5.97,6.0,465876.0,2802176.0
2026-07-29,8438,昶昕,60.9,60.9,52.7,53.0,2233256.0,119301490.0
2026-07-29,8442,威宏-KY,45.75,45.75,43.0,44.15,128102.0,5634975.0
2026-07-29,8443,阿瘦,11.45,11.55,11.3,11.55,49918.0,572927.0
2026-07-29,8454,富邦媒,242.5,250.5,238.5,250.5,1583662.0,387384932.0
2026-07-29,8462,柏文,160.0,164.5,160.0,164.0,416666.0,67500063.0
2026-07-29,8463,潤泰材,21.4,21.4,20.9,21.2,78620.0,1659985.0
2026-07-29,8464,億豐,381.5,381.5,370.5,378.5,790677.0,297463087.0
2026-07-29,8466,美吉吉-KY,17.8,17.8,16.35,16.7,101429.0,1698111.0
2026-07-29,8467,波力-KY,105.0,105.0,99.0,101.0,26332.0,2666460.0
2026-07-29,8473,山林水,42.45,42.45,39.7,40.4,1376110.0,55709075.0
2026-07-29,8476,台境*,20.35,20.35,19.0,19.75,885065.0,17167208.0
2026-07-29,8478,東哥遊艇,152.5,153.0,147.0,151.0,291212.0,43453119.0
2026-07-29,8481,政伸,40.2,40.45,40.05,40.45,14260.0,575454.0
2026-07-29,8482,商億-KY,50.3,50.3,48.85,49.7,22289.0,1104354.0
2026-07-29,8487,愛爾達-創,76.0,76.0,74.1,74.5,31375.0,2332938.0
2026-07-29,8488,吉源-KY,10.15,10.25,10.15,10.2,14130.0,144226.0
2026-07-29,8499,鼎炫-KY,248.0,253.5,236.0,242.0,99370.0,24155458.0
2026-07-29,8926,台汽電,62.0,62.6,59.0,60.8,6315766.0,380461490.0
2026-07-29,8940,新天地,16.2,16.25,15.95,16.0,145844.0,2337043.0
2026-07-29,8996,高力,932.0,948.0,830.0,859.0,4770970.0,4149678309.0
2026-07-29,9103,美德醫療-DR,5.35,5.44,5.07,5.13,1788971.0,9272672.0
2026-07-29,9105,泰金寶-DR,7.8,7.89,7.17,7.38,36322405.0,270619493.0
2026-07-29,9110,越南控-DR,3.14,3.16,3.04,3.14,61000.0,192310.0
2026-07-29,9136,巨騰-DR,11.8,12.05,10.7,10.8,1565238.0,17348647.0
2026-07-29,9802,鈺齊-KY,72.8,73.7,70.5,72.7,1216296.0,87338592.0
2026-07-29,9902,台火,14.1,14.1,13.4,13.65,223509.0,3048238.0
2026-07-29,9904,寶成,24.1,24.35,23.7,24.1,27992665.0,672171241.0
2026-07-29,9905,大華,20.75,20.75,20.5,20.6,149818.0,3085582.0
2026-07-29,9906,欣巴巴,40.8,40.8,38.0,38.45,198506.0,7779368.0
2026-07-29,9907,統一實,15.2,15.25,14.95,15.25,4532217.0,68340131.0
2026-07-29,9908,大台北,29.45,29.45,29.05,29.35,489612.0,14345423.0
2026-07-29,9910,豐泰,69.8,71.7,69.6,70.8,3175526.0,224533515.0
2026-07-29,9911,櫻花,83.2,83.2,81.3,82.3,623224.0,51042131.0
2026-07-29,9912,偉聯,12.65,12.7,12.55,12.65,78647.0,991952.0
2026-07-29,9914,美利達,78.4,80.9,77.5,79.2,4375797.0,346163834.0
2026-07-29,9917,中保科,111.0,111.0,109.0,111.0,1185650.0,130661489.0
2026-07-29,9918,欣天然,43.5,43.5,42.5,43.0,74503.0,3194399.0
2026-07-29,9919,康那香,14.2,14.2,13.5,13.7,826053.0,11366712.0
2026-07-29,9921,巨大,85.8,87.5,85.5,87.4,2766053.0,239492446.0
2026-07-29,9924,福興,39.8,39.8,38.55,39.4,291502.0,11332381.0
2026-07-29,9925,新保,40.4,40.65,40.2,40.5,1327600.0,53662656.0
2026-07-29,9926,新海,49.45,49.8,49.3,49.8,83436.0,4137710.0
2026-07-29,9927,泰銘,70.3,70.3,68.2,69.3,178191.0,12266833.0
2026-07-29,9928,中視,18.5,18.5,17.8,17.95,96723.0,1743535.0
2026-07-29,9929,秋雨,11.7,11.75,11.35,11.55,71842.0,821967.0
2026-07-29,9930,中聯資源,64.1,64.3,62.7,63.9,330758.0,21022200.0
2026-07-29,9931,欣高,33.95,33.95,33.55,33.95,70358.0,2380028.0
2026-07-29,9933,中鼎,38.55,38.9,35.2,36.3,7805254.0,284320103.0
2026-07-29,9934,成霖,10.5,10.5,10.1,10.35,1176874.0,12064497.0
2026-07-29,9935,慶豐富,19.4,19.4,18.8,19.2,518732.0,9952063.0
2026-07-29,9937,全國,55.9,56.6,55.7,56.3,117238.0,6582130.0
2026-07-29,9938,百和,47.1,47.25,46.4,46.6,2924474.0,136570752.0
2026-07-29,9939,宏全,130.0,130.5,125.0,130.0,3544446.0,452617615.0
2026-07-29,9940,信義,20.4,20.8,20.35,20.8,1756407.0,36153210.0
2026-07-29,9941,裕融,82.5,83.0,80.6,82.0,1638981.0,133680638.0
2026-07-29,9942,茂順,121.5,121.5,119.0,120.0,324571.0,38975660.0
2026-07-29,9943,好樂迪,53.1,53.1,52.1,52.8,191229.0,10036047.0
2026-07-29,9944,新麗,17.85,17.95,17.55,17.7,50610.0,898854.0
2026-07-29,9945,潤泰新,26.2,26.4,25.55,26.05,9749702.0,252932812.0
2026-07-29,9946,三發地產,17.75,18.25,17.5,17.95,396266.0,7044433.0
2026-07-29,9955,佳龍,23.85,23.85,22.2,22.85,440238.0,10001927.0
2026-07-29,9958,世紀鋼,104.5,106.0,100.5,104.0,2191838.0,224763672.0
2026-07-29,_TAIEX,加權指數,40039.18,40039.18,40039.18,40039.18,0,0
2026-07-30,0050,元大台灣50,93.4,96.0,92.0,93.5,297963128.0,28012249404.0
2026-07-30,0051,元大中型100,126.6,127.85,123.4,124.45,120401.0,15134349.0
2026-07-30,0052,富邦科技,53.8,55.85,53.5,54.3,34926028.0,1909620812.0
2026-07-30,0053,元大電子,204.1,213.05,203.8,206.7,173423.0,36240713.0
2026-07-30,0055,元大MSCI金融,42.08,42.51,41.4,42.51,240563.0,10139839.0
2026-07-30,0056,元大高股息,46.18,47.58,45.84,46.29,75807217.0,3541160278.0
2026-07-30,0057,富邦摩台,282.8,285.4,279.3,280.45,41616.0,11869148.0
2026-07-30,0061,元大寶滬深,24.41,24.73,24.11,24.19,135231.0,3282840.0
2026-07-30,1101,台泥,24.45,24.5,24.0,24.05,26765346.0,647825236.0
2026-07-30,1102,亞泥,33.0,33.4,32.75,33.2,11167397.0,369482959.0
2026-07-30,1103,嘉泥,13.35,13.35,13.15,13.15,528202.0,6982860.0
2026-07-30,1104,環泥,26.8,27.25,26.6,27.2,1158673.0,31336177.0
2026-07-30,1108,幸福,12.0,12.05,11.85,11.85,355985.0,4261798.0
2026-07-30,1109,信大,13.9,13.9,13.7,13.8,129806.0,1787010.0
2026-07-30,1110,東泥,16.1,16.15,15.9,16.1,275378.0,4421663.0
2026-07-30,1201,味全,12.35,12.4,12.2,12.4,410012.0,5045027.0
2026-07-30,1203,味王,50.8,50.8,48.95,48.95,68203.0,3399214.0
2026-07-30,1210,大成,57.7,57.8,57.0,57.4,1285915.0,73845351.0
2026-07-30,1213,大飲,7.11,7.11,7.1,7.11,5000.0,35540.0
2026-07-30,1215,卜蜂,106.5,108.0,105.5,107.0,485597.0,51970363.0
2026-07-30,1216,統一,76.8,76.8,73.7,75.6,37472807.0,2801299842.0
2026-07-30,1217,愛之味,9.99,10.0,9.93,9.94,494205.0,4922827.0
2026-07-30,1218,泰山,16.05,16.3,16.0,16.25,1308129.0,21150744.0
2026-07-30,1219,福壽,11.65,11.7,11.55,11.65,514171.0,5986459.0
2026-07-30,1220,台榮,11.25,11.25,11.15,11.2,44582.0,498315.0
2026-07-30,1225,福懋油,27.3,27.3,26.2,26.25,467786.0,12421428.0
2026-07-30,1227,佳格,30.0,30.1,29.75,29.95,1752198.0,52489293.0
2026-07-30,1229,聯華,41.0,41.2,40.25,40.45,1544744.0,62887623.0
2026-07-30,1231,聯華食,81.0,83.9,80.4,82.0,994200.0,81909524.0
2026-07-30,1232,大統益,158.0,158.0,153.5,156.0,283657.0,43993355.0
2026-07-30,1233,天仁,29.0,29.0,28.8,28.95,21000.0,607300.0
2026-07-30,1234,黑松,34.45,34.45,33.9,34.15,140198.0,4787412.0
2026-07-30,1235,興泰,37.45,37.45,36.75,37.0,14532.0,537993.0
2026-07-30,1236,宏亞,24.1,24.1,23.35,23.85,49657.0,1176063.0
2026-07-30,1256,鮮活果汁-KY,175.5,176.5,172.0,173.5,26421.0,4594998.0
2026-07-30,1301,台塑,55.6,56.1,53.5,54.0,38478943.0,2112418331.0
2026-07-30,1303,南亞,135.5,155.5,135.5,145.0,140138555.0,20776545603.0
2026-07-30,1304,台聚,11.45,11.45,11.0,11.05,4139944.0,46328717.0
2026-07-30,1305,華夏,11.1,11.1,10.7,10.8,2246957.0,24401475.0
2026-07-30,1307,三芳,30.7,30.9,30.3,30.65,629564.0,19279779.0
2026-07-30,1308,亞聚,12.6,12.7,12.4,12.45,2214497.0,27847291.0
2026-07-30,1309,台達化,12.85,12.85,12.15,12.15,2315909.0,28658889.0
2026-07-30,1310,台苯,7.33,7.38,7.04,7.06,12683105.0,90370219.0
2026-07-30,1312,國喬,10.95,11.25,10.8,10.9,7450038.0,81863266.0
2026-07-30,1313,聯成,10.75,10.75,10.2,10.25,4817242.0,50188708.0
2026-07-30,1314,中石化,7.53,7.58,7.35,7.37,25381487.0,189280280.0
2026-07-30,1315,達新,63.4,63.4,62.8,63.4,26347.0,1661565.0
2026-07-30,1316,上曜,9.62,9.76,9.56,9.68,1008524.0,9743059.0
2026-07-30,1319,東陽,70.6,71.9,70.0,71.4,3283516.0,232393102.0
2026-07-30,1321,大洋,32.35,32.35,31.85,32.15,141722.0,4548253.0
2026-07-30,1323,永裕,19.8,19.95,19.6,19.65,27258.0,539500.0
2026-07-30,1324,地球,10.0,10.1,9.94,9.94,79392.0,792686.0
2026-07-30,1325,恆大,26.25,26.5,25.7,25.7,402280.0,10473745.0
2026-07-30,1326,台化,59.5,59.8,55.8,56.4,44369647.0,2573442969.0
2026-07-30,1337,再生-KY,4.56,4.6,4.52,4.55,290265.0,1324273.0
2026-07-30,1338,廣華-KY,15.35,15.35,14.9,15.15,120549.0,1814968.0
2026-07-30,1339,昭輝,43.8,44.1,42.95,43.6,99909.0,4337701.0
2026-07-30,1340,勝悅-KY,5.15,5.15,4.99,5.02,279992.0,1412542.0
2026-07-30,1341,富林-KY,58.0,58.0,58.0,58.0,1018.0,59029.0
2026-07-30,1342,八貫,100.5,103.5,100.5,102.5,261339.0,26608917.0
2026-07-30,1402,遠東新,27.4,27.4,26.8,27.15,13948622.0,377520660.0
2026-07-30,1409,新纖,20.25,20.7,19.9,20.2,11665308.0,236254514.0
2026-07-30,1410,南染,25.25,26.0,25.0,25.3,29004.0,733550.0
2026-07-30,1413,宏洲,9.38,9.62,9.3,9.52,87719.0,835303.0
2026-07-30,1414,東和,18.5,18.5,17.9,18.1,376066.0,6787255.0
2026-07-30,1416,廣豐,10.7,10.75,10.65,10.7,133559.0,1427600.0
2026-07-30,1417,嘉裕,8.28,8.28,8.13,8.18,158583.0,1298820.0
2026-07-30,1418,東華,18.6,18.6,17.9,17.95,14045.0,254411.0
2026-07-30,1419,新紡,69.9,70.0,68.2,68.4,206349.0,14271775.0
2026-07-30,1423,利華,37.5,37.5,35.35,35.35,10953.0,390478.0
2026-07-30,1432,大魯閣,14.95,15.15,14.9,15.05,213611.0,3209264.0
2026-07-30,1434,福懋,17.75,17.75,17.2,17.35,3248571.0,56693512.0
2026-07-30,1435,中福,22.15,23.85,21.1,21.1,17456.0,391940.0
2026-07-30,1436,華友聯,35.95,35.95,34.95,35.5,369539.0,13016056.0
2026-07-30,1437,勤益控,31.15,31.65,30.95,31.45,279429.0,8762518.0
2026-07-30,1438,三地開發,22.15,24.45,22.1,23.2,288687.0,6784218.0
2026-07-30,1439,雋揚,27.45,27.5,26.55,27.05,32772.0,893564.0
2026-07-30,1440,南紡,12.35,12.35,12.05,12.15,1240556.0,15099019.0
2026-07-30,1441,大東,9.1,9.1,8.85,8.85,21040.0,187886.0
2026-07-30,1442,名軒,30.05,30.5,29.25,29.85,765752.0,23014244.0
2026-07-30,1443,立益物流,26.35,26.35,25.4,25.7,17002.0,436502.0
2026-07-30,1444,力麗,7.13,7.2,6.99,7.02,1444504.0,10211410.0
2026-07-30,1445,大宇,10.7,10.75,10.5,10.55,22001.0,231910.0
2026-07-30,1446,宏和,13.6,13.85,13.5,13.6,156401.0,2136917.0
2026-07-30,1447,力鵬,6.85,6.85,6.62,6.71,2161679.0,14550653.0
2026-07-30,1449,佳和,11.95,12.1,11.8,11.8,478609.0,5697299.0
2026-07-30,1451,年興,17.4,17.4,17.3,17.4,105374.0,1827654.0
2026-07-30,1452,宏益,11.4,11.4,11.2,11.3,49159.0,554679.0
2026-07-30,1453,大將,11.0,11.0,10.85,11.0,123983.0,1355716.0
2026-07-30,1454,台富,12.8,13.15,12.55,12.8,17594.0,223685.0
2026-07-30,1455,集盛,8.68,8.78,8.53,8.58,799498.0,6889765.0
2026-07-30,1456,怡華,13.95,14.05,13.65,13.85,47074.0,653092.0
2026-07-30,1457,宜進,14.35,14.35,14.15,14.25,110875.0,1578324.0
2026-07-30,1460,宏遠,6.83,6.83,6.61,6.61,334216.0,2228662.0
2026-07-30,1463,強盛新,17.9,17.9,17.55,17.9,331364.0,5884450.0
2026-07-30,1464,得力,10.35,10.4,10.25,10.3,509211.0,5251367.0
2026-07-30,1465,偉全,12.45,12.6,12.3,12.4,102882.0,1275809.0
2026-07-30,1466,聚隆,15.75,15.85,15.25,15.65,343655.0,5328854.0
2026-07-30,1467,南緯,10.2,10.2,9.43,9.43,953609.0,9284058.0
2026-07-30,1468,昶和,13.45,13.85,13.25,13.7,56000.0,759550.0
2026-07-30,1470,大統新創,22.4,23.0,22.4,22.95,18000.0,411000.0
2026-07-30,1471,首利,9.12,9.56,9.12,9.2,167662.0,1562102.0
2026-07-30,1472,三洋實業,0.0,0.0,0.0,0.0,17.0,1511.0
2026-07-30,1473,台南,19.75,19.8,19.55,19.7,52997.0,1042318.0
2026-07-30,1474,弘裕,10.2,10.25,10.0,10.05,141245.0,1429771.0
2026-07-30,1475,業旺,27.15,27.15,26.5,27.1,3000.0,80750.0
2026-07-30,1476,儒鴻,338.5,355.5,334.5,352.0,4057671.0,1423311749.0
2026-07-30,1477,聚陽,217.0,222.0,214.5,221.0,1963801.0,431950395.0
2026-07-30,1503,士電,182.5,189.5,181.0,183.0,1821846.0,336007443.0
2026-07-30,1504,東元,61.3,62.7,60.1,60.5,6876647.0,421563547.0
2026-07-30,1506,正道,10.4,10.5,10.2,10.35,169573.0,1752168.0
2026-07-30,1512,瑞利,6.74,6.81,6.63,6.64,64413.0,432382.0
2026-07-30,1513,中興電,147.5,151.5,146.0,147.0,2755943.0,408883951.0
2026-07-30,1514,亞力,92.0,95.3,90.2,92.0,1944728.0,180690757.0
2026-07-30,1515,力山,28.2,28.3,27.25,27.4,2182020.0,60479770.0
2026-07-30,1516,川飛,15.0,15.0,14.85,14.9,6861.0,102509.0
2026-07-30,1517,利奇,11.95,12.1,11.15,11.2,1355849.0,15617944.0
2026-07-30,1519,華城,643.0,674.0,636.0,663.0,1274452.0,839063119.0
2026-07-30,1521,大億,25.2,25.2,24.55,24.75,39405.0,978351.0
2026-07-30,1522,堤維西,27.45,27.45,26.5,27.0,440355.0,11853878.0
2026-07-30,1524,耿鼎,25.95,25.95,25.35,25.4,417839.0,10730694.0
2026-07-30,1525,江申,67.9,68.0,67.3,68.0,60484.0,4097572.0
2026-07-30,1526,日馳,18.9,20.7,18.55,18.55,6782109.0,131108064.0
2026-07-30,1527,鑽全,33.75,33.85,33.15,33.65,456054.0,15236057.0
2026-07-30,1528,恩德,16.7,17.15,16.2,16.3,1764107.0,29236110.0
2026-07-30,1529,樂事綠能,16.2,17.3,16.2,16.65,741703.0,12425960.0
2026-07-30,1530,亞崴,28.1,28.1,27.0,27.0,58061.0,1594026.0
2026-07-30,1531,高林股,12.9,12.9,12.8,12.85,138095.0,1773561.0
2026-07-30,1532,勤美,22.5,22.7,22.1,22.55,1038253.0,23413682.0
2026-07-30,1533,車王電,31.95,32.3,30.4,31.45,181201.0,5700647.0
2026-07-30,1535,中宇,46.8,46.8,45.55,45.55,83450.0,3850171.0
2026-07-30,1536,和大,45.5,46.5,44.9,45.0,1674355.0,76127825.0
2026-07-30,1537,廣隆,127.0,127.0,126.0,126.0,76497.0,9689302.0
2026-07-30,1538,正峰,10.2,10.2,10.2,10.2,1001.0,10209.0
2026-07-30,1539,巨庭,16.0,16.1,15.65,15.85,122355.0,1940539.0
2026-07-30,1540,喬福,18.55,19.2,18.3,18.8,764332.0,14289335.0
2026-07-30,1541,錩泰,20.7,20.7,20.6,20.6,9159.0,189402.0
2026-07-30,1558,伸興,91.5,92.5,88.9,91.9,209716.0,19240302.0
2026-07-30,1560,中砂,574.0,614.0,568.0,582.0,2462224.0,1455783465.0
2026-07-30,1563,巧新,55.5,55.5,51.9,52.9,1025369.0,54669897.0
2026-07-30,1568,倉佑,26.85,26.9,25.75,25.9,630224.0,16524272.0
2026-07-30,1582,信錦,63.3,64.6,62.0,62.5,1044612.0,66034450.0
2026-07-30,1583,程泰,50.6,50.6,48.95,49.6,22275.0,1101366.0
2026-07-30,1587,吉茂,23.75,23.9,23.0,23.25,436938.0,10169392.0
2026-07-30,1590,亞德客-KY,1360.0,1405.0,1315.0,1340.0,1253398.0,1696326340.0
2026-07-30,1597,直得,109.0,112.0,102.0,104.0,1102988.0,117658998.0
2026-07-30,1598,岱宇,20.65,21.1,19.8,19.8,1166098.0,23667640.0
2026-07-30,1603,華電,28.05,28.45,27.2,28.4,258883.0,7282450.0
2026-07-30,1604,聲寶,23.5,23.55,23.3,23.5,958940.0,22426306.0
2026-07-30,1605,華新,29.0,29.8,28.35,28.6,21256398.0,616153654.0
2026-07-30,1608,華榮,27.5,27.75,26.7,26.95,1443282.0,39299370.0
2026-07-30,1609,大亞,32.8,33.4,32.1,32.5,3433877.0,112282492.0
2026-07-30,1611,中電,11.4,11.5,11.3,11.35,538081.0,6131281.0
2026-07-30,1612,宏泰,30.0,30.3,29.55,29.6,1116065.0,33316461.0
2026-07-30,1614,三洋電,31.25,31.25,30.9,30.95,49006.0,1522387.0
2026-07-30,1615,大山,42.9,42.9,41.6,41.75,168743.0,7078257.0
2026-07-30,1616,億泰,17.9,18.35,17.9,18.0,409683.0,7395435.0
2026-07-30,1617,榮星,16.35,16.35,15.5,15.5,592511.0,9361221.0
2026-07-30,1618,合機,36.65,37.2,36.05,36.5,556755.0,20390033.0
2026-07-30,1623,大東電,211.5,211.5,205.0,205.0,164393.0,34044554.0
2026-07-30,1626,艾美特-KY,9.88,9.88,9.54,9.57,72534.0,700914.0
2026-07-30,1702,南僑,33.8,34.25,33.8,34.2,532661.0,18161470.0
2026-07-30,1707,葡萄王,91.7,91.8,90.9,91.1,325437.0,29731012.0
2026-07-30,1708,東鹼,46.7,47.7,46.1,46.2,3058347.0,142910225.0
2026-07-30,1709,和益,23.9,24.0,22.55,22.55,3087218.0,71533292.0
2026-07-30,1710,東聯,13.0,13.3,12.5,12.7,7376259.0,94748870.0
2026-07-30,1711,永光,31.45,31.8,28.8,29.2,7032513.0,212292118.0
2026-07-30,1712,興農,39.35,39.75,39.05,39.75,1002153.0,39663211.0
2026-07-30,1713,國化,46.45,46.95,46.1,46.15,127865.0,5934923.0
2026-07-30,1714,和桐,13.0,13.25,12.45,12.6,13790296.0,176908338.0
2026-07-30,1717,長興,53.7,57.8,53.7,55.7,14590146.0,818736177.0
2026-07-30,1718,中纖,9.0,9.09,8.59,8.64,27493578.0,242571543.0
2026-07-30,1720,生達,58.0,58.3,57.3,57.5,432677.0,25036099.0
2026-07-30,1721,三晃,18.75,19.1,18.0,18.1,650647.0,12102845.0
2026-07-30,1722,台肥,45.7,46.25,45.35,45.8,1764030.0,80660867.0
2026-07-30,1723,中碳,83.1,85.8,81.0,84.2,785691.0,66190685.0
2026-07-30,1725,元禎,29.75,29.85,28.75,28.75,103107.0,3020056.0
2026-07-30,1726,永記,79.1,79.1,77.1,77.8,58138.0,4543081.0
2026-07-30,1727,中華化,64.1,67.7,61.7,62.3,2113978.0,136257346.0
2026-07-30,1730,花仙子,51.3,51.3,50.7,51.0,36335.0,1852419.0
2026-07-30,1731,美吾華,20.55,20.6,20.4,20.5,95866.0,1961776.0
2026-07-30,1732,毛寶,26.0,26.3,25.95,26.0,294355.0,7684046.0
2026-07-30,1733,五鼎,32.3,32.3,31.55,31.75,150052.0,4764164.0
2026-07-30,1734,杏輝,32.0,32.25,31.7,31.7,336691.0,10781421.0
2026-07-30,1735,日勝化,18.45,19.0,18.1,18.2,299323.0,5513915.0
2026-07-30,1736,喬山,137.0,137.0,127.5,127.5,530950.0,69658000.0
2026-07-30,1737,臺鹽,32.35,32.35,32.0,32.05,111319.0,3573455.0
2026-07-30,1752,南光,31.4,31.7,31.25,31.6,34117.0,1073476.0
2026-07-30,1760,寶齡富錦,58.9,59.1,58.0,58.0,147596.0,8643090.0
2026-07-30,1762,中化生,33.15,33.15,31.0,32.2,219333.0,7024010.0
2026-07-30,1773,勝一,148.0,153.0,145.0,146.5,823926.0,122767784.0
2026-07-30,1776,展宇,16.2,16.9,16.15,16.7,110812.0,1830976.0
2026-07-30,1783,和康生,40.1,40.2,39.55,39.8,54256.0,2164602.0
2026-07-30,1786,科妍,49.05,49.85,48.3,48.5,114499.0,5595954.0
2026-07-30,1789,神隆,19.75,19.8,19.0,19.1,611772.0,11853468.0
2026-07-30,1795,美時,175.5,175.5,171.0,173.0,1152018.0,199080926.0
2026-07-30,1802,台玻,43.5,45.85,42.05,42.6,26070179.0,1143733664.0
2026-07-30,1805,寶徠,9.7,10.0,9.7,10.0,119549.0,1167890.0
2026-07-30,1806,冠軍,8.03,8.03,7.93,7.94,212366.0,1691918.0
2026-07-30,1808,潤隆,31.55,32.8,31.0,32.45,2424662.0,77871503.0
2026-07-30,1809,中釉,31.35,32.3,29.3,29.8,2500923.0,76923183.0
2026-07-30,1810,和成,23.35,24.75,23.1,23.5,8888584.0,211073149.0
2026-07-30,1817,凱撒衛,38.5,38.55,38.35,38.55,18359.0,704499.0
2026-07-30,1903,士紙,48.1,48.55,47.4,47.4,161616.0,7759597.0
2026-07-30,1904,正隆,21.2,21.35,20.85,21.25,1979026.0,41746444.0
2026-07-30,1905,華紙,12.9,12.9,12.4,12.5,2426278.0,30534993.0
2026-07-30,1906,寶隆,10.9,10.95,10.8,10.95,40151.0,435381.0
2026-07-30,1907,永豐餘,28.5,29.0,28.3,29.0,2463461.0,70792779.0
2026-07-30,1909,榮成,9.83,10.1,9.83,10.05,2158926.0,21526386.0
2026-07-30,2002,中鋼,18.8,19.15,18.8,18.95,38307438.0,726113260.0
2026-07-30,2006,東和鋼鐵,73.0,73.5,71.7,73.4,3259199.0,237776231.0
2026-07-30,2007,燁興,7.07,7.07,6.9,7.0,258354.0,1797596.0
2026-07-30,2008,高興昌,31.85,31.85,30.55,31.0,26970.0,844418.0
2026-07-30,2009,第一銅,35.05,35.25,34.3,34.3,1152190.0,39975653.0
2026-07-30,2010,春源,21.0,21.15,20.9,20.9,846276.0,17774379.0
2026-07-30,2012,春雨,16.5,16.5,15.5,15.65,66906.0,1062450.0
2026-07-30,2013,中鋼構,41.25,41.25,40.5,40.5,162910.0,6650694.0
2026-07-30,2014,中鴻,16.6,16.75,16.55,16.6,2808453.0,46790106.0
2026-07-30,2015,豐興,65.9,66.7,65.5,66.5,683367.0,45346324.0
2026-07-30,2017,官田鋼,8.97,8.97,8.47,8.64,543279.0,4751819.0
2026-07-30,2020,美亞,21.25,21.35,21.05,21.2,282487.0,5991492.0
2026-07-30,2022,聚亨,7.67,7.67,7.51,7.54,488179.0,3698650.0
2026-07-30,2023,燁輝,13.7,13.75,13.6,13.65,1439157.0,19673557.0
2026-07-30,2024,志聯,14.2,14.2,13.5,13.55,15492.0,211951.0
2026-07-30,2025,千興,12.8,12.8,11.8,12.0,637943.0,7813005.0
2026-07-30,2027,大成鋼,43.25,44.25,42.55,43.7,24041541.0,1050841367.0
2026-07-30,2028,威致,15.8,15.8,15.15,15.15,96188.0,1483433.0
2026-07-30,2029,盛餘,20.65,20.75,20.55,20.65,298101.0,6156682.0
2026-07-30,2030,彰源,17.05,17.15,16.8,16.95,511051.0,8667037.0
2026-07-30,2031,新光鋼,39.9,39.9,38.5,38.5,443950.0,17273225.0
2026-07-30,2032,新鋼,15.3,15.65,15.2,15.55,284222.0,4398200.0
2026-07-30,2033,佳大,14.95,15.0,14.65,14.65,73001.0,1084664.0
2026-07-30,2034,允強,18.45,18.65,18.3,18.55,804353.0,14862948.0
2026-07-30,2038,海光,12.15,12.5,12.0,12.1,251387.0,3058804.0
2026-07-30,2049,上銀,294.0,299.0,279.0,283.0,2426478.0,699100676.0
2026-07-30,2059,川湖,7035.0,7410.0,6840.0,7140.0,732344.0,5245474310.0
2026-07-30,2062,橋椿,18.0,18.45,18.0,18.3,287431.0,5240342.0
2026-07-30,2069,運錩,17.9,18.05,17.7,17.95,247674.0,4414594.0
2026-07-30,2072,世紀風電,152.0,152.0,147.0,147.0,441750.0,65714145.0
2026-07-30,2101,南港,32.5,32.9,32.25,32.45,1840340.0,59803746.0
2026-07-30,2102,泰豐,19.3,19.35,19.05,19.15,126037.0,2414067.0
2026-07-30,2103,台橡,20.65,21.25,20.25,20.5,4212198.0,87169474.0
2026-07-30,2104,國際中橡,9.8,9.8,9.56,9.65,3343186.0,32249064.0
2026-07-30,2105,正新,30.5,30.7,30.05,30.55,8792026.0,267331792.0
2026-07-30,2106,建大,18.5,18.5,18.0,18.3,1097155.0,20012960.0
2026-07-30,2107,厚生,25.65,25.75,25.5,25.55,280485.0,7192362.0
2026-07-30,2108,南帝,26.9,27.1,26.3,26.55,623634.0,16656314.0
2026-07-30,2109,華豐,14.5,14.5,14.2,14.2,106881.0,1528510.0
2026-07-30,2114,鑫永銓,88.0,88.1,86.9,87.0,48762.0,4257241.0
2026-07-30,2115,六暉-KY,21.8,21.85,21.35,21.7,156620.0,3398782.0
2026-07-30,2201,裕隆,27.35,27.35,26.7,27.15,2629640.0,70950224.0
2026-07-30,2204,中華,51.8,52.5,51.5,52.2,981697.0,51054872.0
2026-07-30,2206,三陽工業,63.9,64.8,63.1,64.7,1869057.0,120406104.0
2026-07-30,2207,和泰車,523.0,555.0,518.0,551.0,1726129.0,933447723.0
2026-07-30,2208,台船,18.4,18.55,18.1,18.2,2927975.0,53535983.0
2026-07-30,2211,長榮鋼,88.0,88.7,87.6,88.4,656570.0,57933918.0
2026-07-30,2227,裕日車,50.8,50.8,49.65,50.2,76432.0,3826277.0
2026-07-30,2228,劍麟,79.3,79.3,76.5,76.9,121898.0,9440854.0
2026-07-30,2231,為升,89.0,91.0,87.4,90.0,323476.0,28904897.0
2026-07-30,2233,宇隆,178.5,184.5,172.0,173.5,875340.0,155929694.0
2026-07-30,2236,百達-KY,129.0,131.5,122.5,131.5,1137203.0,144558724.0
2026-07-30,2239,英利-KY,19.7,19.9,19.2,19.6,70389.0,1369027.0
2026-07-30,2241,艾姆勒,29.4,31.15,29.4,30.45,644982.0,19637049.0
2026-07-30,2243,宏旭-KY,45.3,45.9,39.85,39.85,1053415.0,43395987.0
2026-07-30,2247,汎德永業,229.0,234.0,226.0,230.5,165598.0,38253862.0
2026-07-30,2248,華勝-KY,58.5,58.7,56.8,57.5,55861.0,3216049.0
2026-07-30,2250,IKKA-KY,57.0,57.7,54.9,55.0,126802.0,7127254.0
2026-07-30,2254,巨鎧精密-創,61.4,61.9,61.3,61.9,5001.0,307360.0
2026-07-30,2258,鴻華先進-創,32.5,32.55,31.35,31.35,448768.0,14319591.0
2026-07-30,2301,光寶科,185.0,198.0,179.0,190.0,31283657.0,5936987755.0
2026-07-30,2302,麗正,33.7,35.8,32.85,33.45,3438826.0,118010273.0
2026-07-30,2303,聯電,107.5,112.5,105.0,110.0,376328814.0,41844845209.0
2026-07-30,2305,全友,26.9,28.55,26.4,27.55,11011317.0,305192205.0
2026-07-30,2308,台達電,1505.0,1625.0,1475.0,1530.0,22598605.0,34792498435.0
2026-07-30,2312,金寶,28.8,29.3,27.3,27.65,19084247.0,540099965.0
2026-07-30,2313,華通,165.5,169.5,154.0,154.0,40573893.0,6552380309.0
2026-07-30,2314,台揚,11.3,11.55,11.3,11.35,131413.0,1501610.0
2026-07-30,2316,楠梓電,137.0,139.0,127.0,129.5,2717711.0,360292218.0
2026-07-30,2317,鴻海,236.0,237.5,226.5,229.5,77132664.0,17818235582.0
2026-07-30,2321,東訊,14.8,14.8,14.8,14.8,1022.0,15123.0
2026-07-30,2323,中環,9.5,9.74,9.32,9.38,5188984.0,49195165.0
2026-07-30,2324,仁寶,35.0,35.0,33.2,33.75,62497775.0,2115954698.0
2026-07-30,2327,國巨*,479.5,527.0,456.5,456.5,106828585.0,52070434544.0
2026-07-30,2328,廣宇,39.45,40.7,38.7,38.8,3112329.0,123186605.0
2026-07-30,2329,華泰,38.5,39.7,37.15,37.55,4371890.0,168212774.0
2026-07-30,2330,台積電,2205.0,2260.0,2190.0,2205.0,51372177.0,114098819878.0
2026-07-30,2331,精英,17.35,18.0,17.2,17.45,1704960.0,29783018.0
2026-07-30,2332,友訊,23.65,23.9,21.6,21.6,47598600.0,1066150677.0
2026-07-30,2337,旺宏,95.8,103.0,91.8,91.8,94668252.0,9238786057.0
2026-07-30,2338,光罩,35.0,36.05,33.05,33.5,2671390.0,92346479.0
2026-07-30,2340,台亞,25.8,26.65,24.8,25.05,3100040.0,79582332.0
2026-07-30,2342,茂矽,32.05,32.7,29.45,29.95,2804247.0,87197448.0
2026-07-30,2344,華邦電,123.5,133.0,117.0,118.5,211417971.0,26393850492.0
2026-07-30,2345,智邦,1910.0,2050.0,1855.0,1935.0,3309765.0,6466321220.0
2026-07-30,2347,聯強,87.0,87.4,84.6,86.1,3562370.0,306669777.0
2026-07-30,2348,海悅,74.9,77.0,74.1,76.3,367815.0,27742916.0
2026-07-30,2349,錸德,10.1,10.35,9.85,10.1,2097326.0,21329764.0
2026-07-30,2351,順德,124.0,142.5,124.0,133.5,4941710.0,668740384.0
2026-07-30,2352,佳世達,26.65,27.1,26.3,26.45,5687780.0,151646000.0
2026-07-30,2353,宏碁,28.5,28.55,27.65,27.9,22870925.0,640159316.0
2026-07-30,2354,鴻準,53.6,54.2,52.4,53.1,4966572.0,265211183.0
2026-07-30,2355,敬鵬,36.0,36.9,34.3,34.5,4524096.0,160745754.0
2026-07-30,2356,英業達,59.3,59.6,56.8,57.5,37894567.0,2193565299.0
2026-07-30,2357,華碩,762.0,762.0,722.0,737.0,5046040.0,3717044769.0
2026-07-30,2359,所羅門,134.5,135.0,123.5,123.5,6318671.0,807186086.0
2026-07-30,2360,致茂,1800.0,2015.0,1765.0,1910.0,5148465.0,10019165375.0
2026-07-30,2362,藍天,42.7,42.7,41.0,41.45,1106337.0,45997917.0
2026-07-30,2363,矽統,45.35,47.6,44.5,44.8,10242511.0,472972124.0
2026-07-30,2364,倫飛,67.9,68.1,66.6,67.7,119784.0,8059619.0
2026-07-30,2365,昆盈,26.5,27.45,26.0,26.0,2074717.0,55205921.0
2026-07-30,2367,燿華,35.0,36.05,33.05,33.4,9280420.0,318849898.0
2026-07-30,2368,金像電,717.0,779.0,705.0,721.0,9520890.0,7015289589.0
2026-07-30,2369,菱生,27.05,28.75,26.45,26.9,10545225.0,291830011.0
2026-07-30,2371,大同,24.0,24.1,23.3,23.5,8057881.0,190764937.0
2026-07-30,2373,震旦行,54.0,54.0,53.4,53.8,31781.0,1706130.0
2026-07-30,2374,佳能,62.0,62.8,59.0,59.6,3098746.0,189106700.0
2026-07-30,2375,凱美,106.5,114.5,103.5,106.0,8178253.0,886973337.0
2026-07-30,2376,技嘉,322.5,323.5,312.0,318.5,5338506.0,1699385872.0
2026-07-30,2377,微星,137.0,138.0,134.0,136.0,10176145.0,1380454134.0
2026-07-30,2379,瑞昱,730.0,745.0,686.0,697.0,5860385.0,4171278796.0
2026-07-30,2380,虹光,18.8,19.0,18.8,18.8,27045.0,509581.0
2026-07-30,2382,廣達,288.0,288.0,279.0,279.0,60476779.0,17091554682.0
2026-07-30,2383,台光電,4005.0,4510.0,3930.0,4315.0,5459758.0,23409386575.0
2026-07-30,2385,群光,101.5,105.0,100.5,104.5,4293075.0,444161838.0
2026-07-30,2387,精元,37.6,37.8,37.2,37.4,313586.0,11755450.0
2026-07-30,2388,威盛,66.8,70.2,64.7,65.3,5638857.0,378656494.0
2026-07-30,2390,云辰,9.9,10.25,9.9,10.05,713481.0,7170197.0
2026-07-30,2392,正崴,33.55,33.6,32.6,32.85,2038618.0,67387405.0
2026-07-30,2393,億光,61.8,62.4,60.8,61.4,3042396.0,187942862.0
2026-07-30,2395,研華,553.0,555.0,535.0,547.0,4281013.0,2332360568.0
2026-07-30,2397,友通,54.0,54.0,52.5,52.7,626787.0,33314728.0
2026-07-30,2399,映泰,32.45,32.85,30.0,30.4,2728898.0,85627383.0
2026-07-30,2401,凌陽,23.7,24.9,23.2,23.45,4080784.0,97754515.0
2026-07-30,2402,毅嘉,48.5,50.9,48.25,48.4,1600481.0,79001681.0
2026-07-30,2404,漢唐,1000.0,1065.0,981.0,1010.0,2190114.0,2229533976.0
2026-07-30,2405,輔信,14.9,15.0,14.55,14.8,1654350.0,24546860.0
2026-07-30,2406,國碩,28.1,29.9,27.9,28.35,7121738.0,206009260.0
2026-07-30,2408,南亞科,325.5,375.0,322.0,328.0,120154208.0,41454444816.0
2026-07-30,2409,友達,22.95,25.1,22.1,22.2,223971560.0,5262979816.0
2026-07-30,2412,中華電,141.0,141.0,138.5,140.5,18568927.0,2592766158.0
2026-07-30,2413,環科,35.95,37.2,34.5,34.6,765803.0,27175943.0
2026-07-30,2414,精技,55.9,56.1,54.0,54.7,326907.0,17984232.0
2026-07-30,2415,錩新,29.9,30.25,29.2,29.35,261258.0,7757017.0
2026-07-30,2417,圓剛,37.8,38.45,36.9,37.0,808464.0,30302611.0
2026-07-30,2419,仲琦,22.9,22.9,22.0,22.2,1006341.0,22504068.0
2026-07-30,2420,新巨,53.8,53.9,52.7,53.1,838944.0,44696540.0
2026-07-30,2421,建準,123.5,126.0,119.5,120.5,1702810.0,207871301.0
2026-07-30,2423,固緯,67.0,67.8,65.3,66.9,225624.0,15026663.0
2026-07-30,2424,隴華,7.65,7.69,7.32,7.69,16000.0,118170.0
2026-07-30,2425,承啟,43.15,44.8,41.95,42.7,3556340.0,154387860.0
2026-07-30,2426,鼎元,45.3,51.1,45.3,47.45,8960234.0,433541281.0
2026-07-30,2427,三商電,22.45,22.45,21.85,21.9,464144.0,10258794.0
2026-07-30,2428,興勤,203.5,209.0,196.0,199.0,1099856.0,222718203.0
2026-07-30,2429,銘旺科,31.2,31.9,29.6,29.6,903239.0,27636360.0
2026-07-30,2430,燦坤,17.1,17.1,16.9,16.95,160042.0,2716357.0
2026-07-30,2431,聯昌,9.8,10.25,9.65,9.96,243050.0,2409637.0
2026-07-30,2432,倚天酷碁-創,27.55,28.2,27.55,28.1,44056.0,1223129.0
2026-07-30,2433,互盛電,41.95,41.95,41.6,41.6,54032.0,2253493.0
2026-07-30,2434,統懋,48.1,56.5,48.1,51.5,169573.0,8564390.0
2026-07-30,2436,偉詮電,51.3,53.2,50.0,50.5,1971829.0,101448048.0
2026-07-30,2438,翔耀,16.6,16.8,16.2,16.45,76408.0,1257332.0
2026-07-30,2439,美律,82.0,82.8,80.6,80.9,1169437.0,95279061.0
2026-07-30,2440,太空梭,15.0,15.25,14.5,14.5,381830.0,5650005.0
2026-07-30,2441,超豐,95.0,99.8,92.0,93.6,5661268.0,542399751.0
2026-07-30,2442,新美齊,19.0,19.35,19.0,19.2,1747623.0,33556766.0
2026-07-30,2444,兆勁,10.6,10.8,10.5,10.5,364462.0,3883231.0
2026-07-30,2449,京元電子,196.0,220.5,195.0,203.5,37892844.0,7927159858.0
2026-07-30,2450,神腦,28.95,28.95,28.55,28.65,106833.0,3061809.0
2026-07-30,2451,創見,265.5,280.0,260.0,269.5,17438591.0,4731688434.0
2026-07-30,2453,凌群,50.4,51.4,50.2,50.6,408625.0,20747206.0
2026-07-30,2454,聯發科,3145.0,3410.0,3060.0,3235.0,14125689.0,46068575790.0
2026-07-30,2455,全新,264.0,287.0,255.0,265.5,9596471.0,2624644816.0
2026-07-30,2457,飛宏,20.9,21.3,19.9,20.15,4537819.0,92623169.0
2026-07-30,2458,義隆,149.0,153.0,146.0,148.0,2276929.0,339385473.0
2026-07-30,2459,敦吉,64.4,64.4,63.6,63.6,78158.0,4988563.0
2026-07-30,2460,建通,28.15,29.65,27.9,28.25,392693.0,11179006.0
2026-07-30,2461,光群雷,15.6,15.75,15.3,15.6,1279411.0,19921120.0
2026-07-30,2462,良得電,19.5,19.55,19.0,19.15,415407.0,7975654.0
2026-07-30,2464,盟立,121.0,135.0,118.5,122.5,6168269.0,771366191.0
2026-07-30,2465,麗臺,71.5,73.0,67.4,67.6,1208160.0,84231844.0
2026-07-30,2466,冠西電,91.3,97.1,89.1,92.7,2094584.0,194721913.0
2026-07-30,2467,志聖,435.0,468.0,430.0,443.0,2035215.0,910024715.0
2026-07-30,2468,華經,31.6,32.85,31.4,31.4,445521.0,14223044.0
2026-07-30,2471,資通,46.7,48.45,46.7,47.2,202160.0,9622093.0
2026-07-30,2472,立隆電,218.0,225.0,198.5,203.0,5650250.0,1196838440.0
2026-07-30,2474,可成,180.5,182.5,177.0,178.5,2752905.0,493305692.0
2026-07-30,2476,鉅祥,105.0,109.0,102.5,105.5,1760534.0,186229492.0
2026-07-30,2477,美隆電,21.0,21.6,21.0,21.4,149996.0,3189530.0
2026-07-30,2478,大毅,102.5,108.5,97.9,99.9,4867009.0,500267263.0
2026-07-30,2480,敦陽科,157.5,159.0,155.0,158.5,259506.0,40984670.0
2026-07-30,2481,強茂,107.0,115.0,105.5,107.0,19351651.0,2130699095.0
2026-07-30,2482,連宇,16.35,16.8,16.0,16.0,269944.0,4391052.0
2026-07-30,2483,百容,31.5,34.75,31.5,32.05,370139.0,12330851.0
2026-07-30,2484,希華,58.3,63.0,56.7,57.6,25659736.0,1537911523.0
2026-07-30,2485,兆赫,34.05,35.25,32.3,32.5,6077866.0,204183285.0
2026-07-30,2486,一詮,166.5,187.5,166.5,171.0,14132972.0,2475398188.0
2026-07-30,2488,漢平,49.1,49.4,48.5,48.7,145886.0,7126997.0
2026-07-30,2489,瑞軒,25.2,26.6,24.05,24.5,10446822.0,263984398.0
2026-07-30,2491,吉祥全,22.4,23.7,21.8,22.15,714776.0,16186246.0
2026-07-30,2492,華新科,204.0,220.5,198.5,198.5,4859472.0,992990206.0
2026-07-30,2493,揚博,161.5,184.0,161.5,165.5,3910044.0,667357562.0
2026-07-30,2495,普安,32.5,33.45,31.45,31.85,1802853.0,58319944.0
2026-07-30,2496,卓越,58.0,58.1,57.5,58.1,20858.0,1207423.0
2026-07-30,2497,怡利電,47.05,47.05,43.7,44.45,2660595.0,121335451.0
2026-07-30,2498,宏達電,38.25,39.05,37.7,37.85,4476275.0,171498091.0
2026-07-30,2501,國建,22.4,22.45,22.0,22.4,1429897.0,31832041.0
2026-07-30,2504,國產,31.7,32.05,31.25,31.85,1768334.0,55993337.0
2026-07-30,2505,國揚,18.0,18.0,17.55,17.6,364454.0,6460459.0
2026-07-30,2506,太設,8.72,8.72,8.52,8.53,204238.0,1754147.0
2026-07-30,2509,全坤建,13.1,13.1,12.85,13.05,142895.0,1847728.0
2026-07-30,2511,太子,8.14,8.29,8.12,8.22,2141297.0,17526895.0
2026-07-30,2514,龍邦,12.85,12.85,12.6,12.7,64375.0,820269.0
2026-07-30,2515,中工,11.65,11.85,11.5,11.65,3863964.0,45106091.0
2026-07-30,2516,新建,13.95,13.95,13.8,13.9,84041.0,1161708.0
2026-07-30,2520,冠德,35.0,35.3,34.05,35.1,1643899.0,57182650.0
2026-07-30,2524,京城,36.55,36.55,35.2,35.3,93128.0,3327512.0
2026-07-30,2527,宏璟,41.8,41.8,40.2,40.55,1105834.0,45069368.0
2026-07-30,2528,皇普,19.5,19.5,19.05,19.3,386660.0,7444585.0
2026-07-30,2530,華建,20.7,21.1,20.4,21.1,1227305.0,25543877.0
2026-07-30,2534,宏盛,17.2,17.35,16.95,17.2,842222.0,14461055.0
2026-07-30,2535,達欣工,86.8,86.8,85.3,86.4,279700.0,24083898.0
2026-07-30,2536,宏普,17.95,18.35,17.8,18.35,550455.0,10006448.0
2026-07-30,2537,聯上發,10.85,11.05,10.75,11.0,954812.0,10458821.0
2026-07-30,2538,基泰,9.59,9.63,9.4,9.56,430952.0,4099074.0
2026-07-30,2539,櫻花建,42.75,43.05,41.9,42.95,1426883.0,60844753.0
2026-07-30,2540,愛山林,58.0,59.9,57.4,58.9,3478821.0,204524325.0
2026-07-30,2542,興富發,43.45,44.6,42.8,44.35,10231086.0,449739330.0
2026-07-30,2543,皇昌,37.0,37.0,35.45,35.55,1719660.0,62010377.0
2026-07-30,2545,皇翔,33.5,33.5,32.6,32.7,196319.0,6452722.0
2026-07-30,2546,根基,98.7,98.9,97.1,98.5,331397.0,32572937.0
2026-07-30,2547,日勝生,10.25,10.4,10.15,10.35,2849658.0,29323372.0
2026-07-30,2548,華固,98.4,99.1,97.3,99.1,1056590.0,103991911.0
2026-07-30,2597,潤弘,164.0,164.0,160.5,161.5,210527.0,34068666.0
2026-07-30,2601,益航,6.18,6.2,6.0,6.09,2302876.0,13966608.0
2026-07-30,2603,長榮,202.5,202.5,199.5,201.0,6941425.0,1395015033.0
2026-07-30,2605,新興,31.3,31.3,29.65,29.95,4786354.0,145146802.0
2026-07-30,2606,裕民,61.4,61.4,59.9,60.7,4734258.0,286217507.0
2026-07-30,2607,榮運,48.0,48.0,47.0,47.15,253654.0,12005036.0
2026-07-30,2608,嘉里大榮,30.0,30.0,29.35,29.55,414305.0,12260485.0
2026-07-30,2609,陽明,50.3,50.5,49.5,50.0,13511856.0,675527323.0
2026-07-30,2610,華航,21.95,21.95,21.25,21.7,36322396.0,783617240.0
2026-07-30,2611,志信,13.4,13.5,13.1,13.1,238830.0,3176109.0
2026-07-30,2612,中航,50.8,50.8,49.8,50.0,226324.0,11351857.0
2026-07-30,2613,中櫃,20.3,20.45,20.0,20.15,452458.0,9142015.0
2026-07-30,2614,東森,18.0,18.2,17.85,17.85,539039.0,9682532.0
2026-07-30,2615,萬海,86.2,86.2,83.9,84.4,6280888.0,531403190.0
2026-07-30,2616,山隆,13.6,13.6,13.45,13.6,224826.0,3040268.0
2026-07-30,2617,台航,28.5,28.5,28.0,28.1,351062.0,9896483.0
2026-07-30,2618,長榮航,41.6,41.85,41.05,41.75,52861405.0,2188520954.0
2026-07-30,2630,亞航,47.45,48.7,45.7,45.95,2691716.0,126094616.0
2026-07-30,2633,台灣高鐵,26.2,26.35,26.0,26.3,9435899.0,247377413.0
2026-07-30,2634,漢翔,60.2,60.9,58.2,58.6,23315604.0,1383470960.0
2026-07-30,2636,台驊控股,65.3,65.6,64.7,65.2,191326.0,12458811.0
2026-07-30,2637,慧洋-KY,80.9,80.9,77.7,78.1,1789108.0,140753502.0
2026-07-30,2642,宅配通,20.1,20.2,20.0,20.15,71574.0,1438700.0
2026-07-30,2645,長榮航太,181.5,184.0,174.5,176.0,2241868.0,399833678.0
2026-07-30,2646,星宇航空,21.5,21.6,21.3,21.55,4454388.0,95419330.0
2026-07-30,2701,萬企,10.85,10.85,10.5,10.6,188608.0,2004379.0
2026-07-30,2702,華園,12.55,12.55,12.3,12.4,68016.0,845619.0
2026-07-30,2704,國賓,48.75,48.75,47.0,48.0,176059.0,8401786.0
2026-07-30,2705,六福,16.2,16.25,16.0,16.05,118298.0,1902500.0
2026-07-30,2706,第一店,12.7,12.7,12.5,12.55,196970.0,2477285.0
2026-07-30,2707,晶華,180.0,181.5,179.5,180.5,508179.0,91831349.0
2026-07-30,2712,遠雄來,14.8,14.8,14.4,14.45,4015.0,58329.0
2026-07-30,2722,夏都,21.3,21.35,20.9,20.9,60449.0,1270283.0
2026-07-30,2723,美食-KY,62.0,62.0,60.9,61.3,328561.0,20162442.0
2026-07-30,2727,王品,229.5,235.0,228.5,232.0,1242401.0,288748940.0
2026-07-30,2731,雄獅,145.0,146.5,143.5,144.5,441286.0,63944060.0
2026-07-30,2739,寒舍,35.1,35.2,34.5,34.85,145526.0,5078306.0
2026-07-30,2748,雲品,38.1,38.4,37.5,38.1,186225.0,7104938.0
2026-07-30,2753,八方雲集,177.5,182.0,176.5,179.0,447468.0,80181929.0
2026-07-30,2762,世界健身-KY,88.8,88.8,86.7,88.0,81933.0,7186046.0
2026-07-30,2801,彰銀,24.55,24.8,24.2,24.8,39504464.0,974774310.0
2026-07-30,2812,台中銀,20.5,20.7,20.35,20.65,21309720.0,439160562.0
2026-07-30,2816,旺旺保,33.2,33.4,32.9,33.0,177323.0,5873219.0
2026-07-30,2820,華票,16.6,16.7,16.5,16.65,1780605.0,29613210.0
2026-07-30,2832,台產,56.9,57.7,56.6,57.4,302833.0,17311496.0
2026-07-30,2834,臺企銀,17.95,18.1,17.8,18.1,52794048.0,952673598.0
2026-07-30,2836,高雄銀,12.0,12.25,11.95,12.15,4481165.0,54470185.0
2026-07-30,2838,聯邦銀,20.7,20.7,20.3,20.6,2462642.0,50578074.0
2026-07-30,2845,遠東銀,13.35,13.45,13.25,13.45,12525816.0,167490443.0
2026-07-30,2849,安泰銀,15.35,15.45,15.2,15.3,255537.0,3916250.0
2026-07-30,2850,新產,157.5,159.5,154.5,157.0,621949.0,97469680.0
2026-07-30,2851,中再保,33.95,34.15,33.3,34.0,2644697.0,89510502.0
2026-07-30,2852,第一保,26.6,26.75,26.5,26.6,437727.0,11647935.0
2026-07-30,2855,統一證,40.7,41.25,39.7,40.1,3985638.0,161227559.0
2026-07-30,2867,三商壽,9.45,9.7,9.3,9.58,40486177.0,385928899.0
2026-07-30,2880,華南金,41.9,42.65,41.15,42.65,30475841.0,1289295043.0
2026-07-30,2881,富邦金,125.0,125.0,121.0,124.0,22959532.0,2827336398.0
2026-07-30,2882,國泰金,94.9,95.2,92.5,95.2,27925831.0,2631875944.0
2026-07-30,2883,凱基金,29.25,29.25,28.35,28.95,43927116.0,1266850511.0
2026-07-30,2884,玉山金,36.8,37.8,36.35,37.7,69134548.0,2571533946.0
2026-07-30,2885,元大金,62.3,63.6,60.9,63.1,33132734.0,2082916394.0
2026-07-30,2886,兆豐金,50.1,51.7,49.4,51.5,46806718.0,2378607040.0
2026-07-30,2887,台新新光金,32.65,33.25,31.85,33.15,60169914.0,1978172501.0
2026-07-30,2889,國票金,15.45,15.7,15.3,15.65,8908918.0,138543018.0
2026-07-30,2890,永豐金,39.1,39.1,38.0,38.85,40014220.0,1546185180.0
2026-07-30,2891,中信金,62.7,63.2,61.0,63.1,43842809.0,2738582821.0
2026-07-30,2892,第一金,34.85,35.65,34.45,35.5,63262743.0,2223491913.0
2026-07-30,2897,王道銀行,10.25,10.25,10.15,10.25,4219274.0,43099778.0
2026-07-30,2901,欣欣,24.0,24.35,23.75,23.75,5185.0,124503.0
2026-07-30,2903,遠百,22.45,22.6,22.25,22.55,2755869.0,61992700.0
2026-07-30,2904,匯僑,13.5,13.5,13.25,13.3,34883.0,466350.0
2026-07-30,2905,三商,16.35,16.65,16.1,16.6,1451830.0,23907205.0
2026-07-30,2906,高林,13.3,13.3,13.0,13.2,162465.0,2131198.0
2026-07-30,2908,特力,22.15,22.2,21.8,22.0,302229.0,6641079.0
2026-07-30,2910,統領,27.15,28.55,26.15,26.65,276858.0,7555622.0
2026-07-30,2911,麗嬰房,6.68,6.71,6.53,6.63,96520.0,639938.0
2026-07-30,2912,統一超,232.5,235.0,224.0,230.0,7018570.0,1604396882.0
2026-07-30,2913,農林,10.8,11.1,10.8,11.05,3647007.0,40064731.0
2026-07-30,2915,潤泰全,51.0,51.9,50.6,51.4,2092859.0,107275246.0
2026-07-30,2923,鼎固-KY,42.5,44.15,36.9,36.9,498182.0,19675140.0
2026-07-30,2929,淘帝-KY,5.63,5.68,5.52,5.59,110090.0,617987.0
2026-07-30,2939,永邑-KY,19.5,19.5,19.1,19.1,12000.0,230050.0
2026-07-30,2945,三商家購,40.6,41.35,40.6,41.35,9020.0,367985.0
2026-07-30,3002,歐格,15.55,16.0,15.1,15.1,214189.0,3330308.0
2026-07-30,3003,健和興,54.3,55.2,53.1,53.5,506620.0,27334654.0
2026-07-30,3004,豐達科,130.5,131.5,125.5,125.5,585010.0,74634689.0
2026-07-30,3005,神基,106.0,110.5,105.5,110.0,4161316.0,452014689.0
2026-07-30,3006,晶豪科,166.0,177.0,161.0,164.0,11408491.0,1929831289.0
2026-07-30,3008,大立光,3865.0,4030.0,3670.0,3715.0,2897129.0,11194223445.0
2026-07-30,3010,華立,109.0,112.0,107.0,108.0,659373.0,72154513.0
2026-07-30,3011,今皓,11.4,11.7,11.25,11.3,693359.0,7899854.0
2026-07-30,3013,晟銘電,71.2,75.8,70.5,71.9,2094701.0,152484867.0
2026-07-30,3014,聯陽,121.0,123.0,118.0,119.5,1190764.0,142956275.0
2026-07-30,3015,全漢,50.7,50.9,48.8,48.9,772356.0,38315425.0
2026-07-30,3016,嘉晶,74.9,80.5,72.7,74.4,5621832.0,426352806.0
2026-07-30,3017,奇鋐,2055.0,2200.0,2030.0,2110.0,4483632.0,9511034280.0
2026-07-30,3018,隆銘綠能,17.0,18.9,15.55,16.0,932551.0,15639420.0
2026-07-30,3019,亞光,122.0,125.5,118.5,119.0,3082160.0,374325532.0
2026-07-30,3021,鴻名,19.45,20.05,18.9,19.1,354840.0,6881493.0
2026-07-30,3022,威強電,88.0,88.0,82.0,83.5,2369326.0,198495406.0
2026-07-30,3023,信邦,271.0,279.5,270.0,273.0,1312877.0,361042479.0
2026-07-30,3024,憶聲,12.0,12.4,11.85,11.85,1626277.0,19624141.0
2026-07-30,3025,星通,50.2,51.9,50.1,50.2,269098.0,13646387.0
2026-07-30,3026,禾伸堂,427.5,442.0,427.5,427.5,3974280.0,1723763678.0
2026-07-30,3027,盛達,17.5,17.6,17.2,17.5,343981.0,5981051.0
2026-07-30,3028,增你強,57.8,59.2,56.5,57.1,1553773.0,89631866.0
2026-07-30,3029,零壹,99.3,103.0,99.1,101.5,1068134.0,108250803.0
2026-07-30,3030,德律,252.0,261.0,245.0,249.0,2030682.0,512021826.0
2026-07-30,3031,佰鴻,19.5,20.95,19.5,19.95,1290134.0,25934911.0
2026-07-30,3032,偉訓,73.9,75.0,71.9,71.9,683384.0,49901077.0
2026-07-30,3033,威健,43.05,43.85,41.85,42.1,6357321.0,271818134.0
2026-07-30,3034,聯詠,501.0,512.0,486.5,491.0,4259195.0,2119036009.0
2026-07-30,3035,智原,160.0,165.0,150.5,150.5,11081627.0,1718202667.0
2026-07-30,3036,文曄,184.5,188.5,180.5,183.5,10202197.0,1876238285.0
2026-07-30,3037,欣興,670.0,756.0,653.0,716.0,51045032.0,37220306886.0
2026-07-30,3038,全台,19.9,20.1,19.7,19.85,241491.0,4812645.0
2026-07-30,3040,遠見,35.1,35.4,33.5,35.4,414548.0,14162311.0
2026-07-30,3041,揚智,20.3,21.0,19.9,20.15,1349198.0,27503471.0
2026-07-30,3042,晶技,136.5,146.5,134.0,137.0,12238064.0,1710783749.0
2026-07-30,3043,科風,18.5,19.35,18.35,18.65,136737.0,2570962.0
2026-07-30,3044,健鼎,345.0,359.0,332.0,342.0,2826978.0,976500870.0
2026-07-30,3045,台灣大,114.0,114.0,112.5,114.0,12036320.0,1365402790.0
2026-07-30,3046,建碁,50.6,51.2,50.3,50.9,367900.0,18670941.0
2026-07-30,3047,訊舟,13.35,13.65,13.15,13.2,1262071.0,16859755.0
2026-07-30,3048,益登,43.9,45.25,42.1,42.75,2173798.0,94838274.0
2026-07-30,3049,精金,9.57,9.68,9.21,9.33,3684443.0,34901904.0
2026-07-30,3050,鈺德,10.5,10.85,10.4,10.8,768111.0,8150451.0
2026-07-30,3051,力特,20.5,21.3,20.2,20.35,613445.0,12670926.0
2026-07-30,3052,夆典,10.5,10.6,10.4,10.45,550264.0,5746528.0
2026-07-30,3054,立萬利,49.2,49.2,45.0,45.55,96241.0,4452441.0
2026-07-30,3055,蔚華科,94.0,103.0,93.2,93.2,3947033.0,376103852.0
2026-07-30,3056,富華新,13.95,14.15,13.75,14.0,1244259.0,17386166.0
2026-07-30,3057,喬鼎,13.45,14.45,13.2,13.5,261848.0,3537707.0
2026-07-30,3058,立德,8.14,8.2,8.0,8.05,330156.0,2675013.0
2026-07-30,3059,華晶科,37.25,37.9,36.15,36.25,2076444.0,76833170.0
2026-07-30,3060,銘異,26.05,26.5,25.15,25.4,1988928.0,51314462.0
2026-07-30,3062,建漢,18.9,19.0,18.15,18.35,2189140.0,40516450.0
2026-07-30,3090,日電貿,118.0,123.5,114.0,114.0,3924670.0,461539482.0
2026-07-30,3092,鴻碩,22.6,23.05,21.6,21.65,388200.0,8636468.0
2026-07-30,3094,聯傑,30.3,33.8,29.95,31.7,5513347.0,181582077.0
2026-07-30,3130,一零四,205.5,205.5,203.5,203.5,51168.0,10468055.0
2026-07-30,3135,凌航,147.5,153.0,139.0,139.5,2052733.0,299877074.0
2026-07-30,3138,耀登,86.0,86.0,78.8,81.8,632492.0,52074505.0
2026-07-30,3149,正達,64.2,67.4,61.5,61.7,7110555.0,457781987.0
2026-07-30,3150,鈺寶-創,14.9,15.2,14.9,15.0,51051.0,767131.0
2026-07-30,3164,景岳,16.4,16.4,16.2,16.3,19274.0,313724.0
2026-07-30,3167,大量,434.5,472.0,434.5,442.0,3135566.0,1382780434.0
2026-07-30,3168,眾福科,41.35,41.4,40.3,40.3,26120.0,1070922.0
2026-07-30,3189,景碩,550.0,633.0,541.0,578.0,30600261.0,18415149507.0
2026-07-30,3209,全科,53.0,53.7,51.7,52.3,1730809.0,91041353.0
2026-07-30,3229,晟鈦,38.25,41.45,38.0,39.25,546120.0,21485636.0
2026-07-30,3231,緯創,170.0,170.5,157.5,160.0,82602193.0,13441184391.0
2026-07-30,3257,虹冠電,48.9,48.95,46.65,46.85,411893.0,19645519.0
2026-07-30,3266,昇陽,14.0,14.0,13.8,13.9,56063.0,780648.0
2026-07-30,3296,勝德,22.4,23.25,21.65,21.65,210751.0,4697898.0
2026-07-30,3305,昇貿,94.7,96.3,89.9,90.5,1932231.0,179085864.0
2026-07-30,3308,聯德,19.05,20.6,18.55,18.55,167051.0,3159809.0
2026-07-30,3311,閎暉,31.75,32.6,31.5,31.55,252614.0,8062393.0
2026-07-30,3312,弘憶股,41.15,42.0,39.2,39.65,1431626.0,57975190.0
2026-07-30,3321,同泰,18.2,18.2,16.85,16.9,310784.0,5403910.0
2026-07-30,3338,泰碩,56.3,57.5,54.5,54.8,727239.0,40513310.0
2026-07-30,3346,麗清,18.4,18.8,18.1,18.2,330879.0,6099419.0
2026-07-30,3356,奇偶,54.5,55.1,53.8,54.0,297916.0,16180432.0
2026-07-30,3376,新日興,169.0,172.0,159.0,160.0,5591662.0,915804216.0
2026-07-30,3380,明泰,27.1,27.35,25.9,25.9,1992786.0,52665749.0
2026-07-30,3406,玉晶光,459.5,474.0,442.0,447.5,2004656.0,917370634.0
2026-07-30,3413,京鼎,285.0,293.0,280.0,282.5,1958498.0,560355573.0
2026-07-30,3416,融程電,160.0,165.0,159.0,159.5,480685.0,77512000.0
2026-07-30,3419,譁裕,11.65,11.95,11.5,11.6,170564.0,1993559.0
2026-07-30,3432,台端,15.45,15.45,14.5,14.85,34100.0,509500.0
2026-07-30,3437,榮創,15.55,16.15,15.3,15.35,654233.0,10236176.0
2026-07-30,3443,創意,3175.0,3620.0,3175.0,3460.0,3078508.0,10711506305.0
2026-07-30,3447,展達,25.7,26.55,25.6,25.75,312030.0,8110272.0
2026-07-30,3450,聯鈞,345.5,377.0,330.0,338.5,10490110.0,3697221455.0
2026-07-30,3481,群創,40.7,45.95,40.65,41.4,510925571.0,22031789724.0
2026-07-30,3494,誠研,7.11,7.34,7.0,7.12,72164.0,509967.0
2026-07-30,3501,維熹,40.65,40.65,39.7,39.9,262767.0,10494919.0
2026-07-30,3504,揚明光,70.7,75.4,62.1,62.3,10775275.0,748217789.0
2026-07-30,3515,華擎,189.5,192.0,188.0,189.5,295515.0,56041691.0
2026-07-30,3518,柏騰,23.05,24.2,22.95,23.4,369160.0,8681972.0
2026-07-30,3528,安馳,79.7,80.5,77.5,78.0,222949.0,17580564.0
2026-07-30,3530,晶相光,50.0,52.0,49.75,50.1,217411.0,10980740.0
2026-07-30,3532,台勝科,277.5,294.0,277.5,277.5,6889612.0,1943649774.0
2026-07-30,3533,嘉澤,1725.0,1770.0,1665.0,1690.0,1328612.0,2264581645.0
2026-07-30,3535,晶彩科,74.8,74.9,68.7,70.1,1685881.0,120789297.0
2026-07-30,3543,州巧,27.5,30.05,27.05,30.05,2195412.0,65201412.0
2026-07-30,3545,敦泰,46.2,46.5,44.3,44.5,1083261.0,48982685.0
2026-07-30,3550,聯穎,19.35,19.6,18.4,18.5,1389292.0,26452067.0
2026-07-30,3557,嘉威,25.9,25.9,24.6,25.0,33156.0,832420.0
2026-07-30,3563,牧德,579.0,605.0,552.0,561.0,674502.0,388496773.0
2026-07-30,3576,聯合再生,16.0,16.35,15.45,15.65,9799860.0,155528408.0
2026-07-30,3583,辛耘,580.0,638.0,573.0,594.0,788149.0,478758034.0
2026-07-30,3588,通嘉,46.65,47.95,45.6,46.3,545486.0,25296061.0
2026-07-30,3591,艾笛森,18.3,18.75,18.0,18.05,908255.0,16695366.0
2026-07-30,3592,瑞鼎,221.0,228.5,219.0,219.5,367996.0,82167586.0
2026-07-30,3593,力銘,12.45,12.9,12.45,12.85,13007.0,164589.0
2026-07-30,3596,智易,170.0,172.5,166.5,168.5,734803.0,124028000.0
2026-07-30,3605,宏致,82.0,83.4,77.5,78.3,5477347.0,440182891.0
2026-07-30,3607,谷崧,13.45,13.85,13.3,13.5,358511.0,4873192.0
2026-07-30,3617,碩天,206.5,206.5,198.0,200.0,288833.0,58198194.0
2026-07-30,3622,洋華,51.6,52.0,50.7,50.8,268961.0,13796051.0
2026-07-30,3645,達邁,61.0,64.5,59.3,60.1,2671320.0,164503472.0
2026-07-30,3652,精聯,28.35,29.5,28.2,28.4,231248.0,6598855.0
2026-07-30,3653,健策,3150.0,3330.0,3100.0,3135.0,1698046.0,5432385445.0
2026-07-30,3661,世芯-KY,2680.0,2975.0,2630.0,2785.0,3156750.0,8935334985.0
2026-07-30,3665,貿聯-KY,2070.0,2125.0,1885.0,1910.0,4316971.0,8550512870.0
2026-07-30,3669,圓展,40.0,40.4,37.0,37.55,1105817.0,42678415.0
2026-07-30,3673,TPK-KY,53.1,54.6,50.1,50.6,6384359.0,332536904.0
2026-07-30,3679,新至陞,116.0,116.0,109.5,109.5,82550.0,9238675.0
2026-07-30,3686,達能,14.35,14.5,13.9,13.95,232205.0,3300687.0
2026-07-30,3694,海華,50.8,52.0,48.85,49.0,1631047.0,81897476.0
2026-07-30,3701,大眾控,34.75,35.15,33.0,33.5,970036.0,32828652.0
2026-07-30,3702,大聯大,105.0,108.0,102.0,105.5,11099586.0,1168204954.0
2026-07-30,3703,欣陸,20.55,20.75,20.4,20.6,2097600.0,43214501.0
2026-07-30,3704,合勤控,40.75,41.3,39.75,39.9,1456674.0,59068327.0
2026-07-30,3705,永信,54.6,54.8,53.7,54.0,296755.0,16092596.0
2026-07-30,3706,神達,84.4,86.5,83.8,84.1,7562017.0,641318589.0
2026-07-30,3708,上緯投控,86.4,88.8,86.4,87.8,499823.0,43736967.0
2026-07-30,3711,日月光投控,465.5,533.0,465.5,505.0,31004999.0,15629910580.0
2026-07-30,3712,永崴投控,16.65,16.8,16.35,16.4,709221.0,11717825.0
2026-07-30,3714,富采,46.0,47.4,45.0,45.55,6783370.0,312330056.0
2026-07-30,3715,定穎投控,98.0,101.0,89.5,90.9,8149741.0,770950297.0
2026-07-30,3716,中化控股,33.45,33.45,32.85,32.95,367525.0,12124661.0
2026-07-30,3717,聯嘉投控,20.4,21.5,20.1,20.3,1791679.0,37162443.0
2026-07-30,4104,佳醫,71.4,71.7,70.9,71.0,249747.0,17799333.0
2026-07-30,4106,雃博,23.5,23.5,22.95,23.15,175548.0,4058971.0
2026-07-30,4108,懷特,11.5,11.5,11.15,11.15,159560.0,1796386.0
2026-07-30,4119,旭富,50.8,50.8,48.0,48.0,182025.0,8914239.0
2026-07-30,4133,亞諾法,21.3,21.4,20.5,20.9,173610.0,3647592.0
2026-07-30,4137,麗豐-KY,94.8,95.2,93.3,93.9,298332.0,28069257.0
2026-07-30,4142,國光生,16.7,17.0,16.55,16.55,1133052.0,18890324.0
2026-07-30,4148,全宇生技-KY,30.35,30.35,29.4,30.35,60100.0,1789950.0
2026-07-30,4155,訊映,14.45,14.6,14.3,14.4,135013.0,1954010.0
2026-07-30,4164,承業醫,26.6,26.6,25.9,26.0,691888.0,18050501.0
2026-07-30,4169,泰宗,163.0,180.0,163.0,163.0,1199362.0,197007593.0
2026-07-30,4178,永笙-KY,17.4,17.5,17.0,17.0,233355.0,3987789.0
2026-07-30,4190,佐登-KY,24.8,25.45,24.8,25.45,27363.0,689277.0
2026-07-30,4195,基米-創,15.65,15.65,14.9,15.1,116683.0,1786668.0
2026-07-30,4306,炎洲,14.25,14.25,14.05,14.05,783538.0,11069092.0
2026-07-30,4414,如興,8.56,8.65,8.37,8.37,149591.0,1266121.0
2026-07-30,4426,利勤,7.98,8.05,7.88,7.96,138201.0,1094397.0
2026-07-30,4438,廣越,61.2,61.2,59.8,60.7,40397.0,2441399.0
2026-07-30,4439,冠星-KY,99.5,100.5,99.5,100.0,51131.0,5120359.0
2026-07-30,4440,宜新實業,17.5,17.5,17.25,17.35,46001.0,796767.0
2026-07-30,4441,振大環球,173.0,173.0,169.0,170.0,59502.0,10164327.0
2026-07-30,4526,東台,26.0,26.7,25.15,25.2,1926017.0,49902359.0
2026-07-30,4532,瑞智,23.45,23.7,23.2,23.5,966422.0,22675874.0
2026-07-30,4536,拓凱,168.0,168.0,164.5,164.5,228853.0,37930417.0
2026-07-30,4540,全球傳動,43.25,45.2,42.2,42.2,1204506.0,52351382.0
2026-07-30,4545,銘鈺,31.4,31.75,30.3,30.5,147294.0,4512286.0
2026-07-30,4551,智伸科,156.5,157.0,146.5,148.5,753366.0,113759877.0
2026-07-30,4552,力達-KY,17.35,17.6,17.1,17.25,237205.0,4119302.0
2026-07-30,4555,氣立,39.95,40.55,38.0,38.35,230721.0,9045757.0
2026-07-30,4557,永新-KY,50.5,50.5,49.5,50.1,22373.0,1118894.0
2026-07-30,4560,強信-KY,31.3,31.85,31.25,31.45,285050.0,8966625.0
2026-07-30,4562,穎漢,29.55,29.55,27.5,27.8,247833.0,7018178.0
2026-07-30,4564,元翎,16.2,16.4,15.8,15.9,1004744.0,16108531.0
2026-07-30,4566,時碩工業,69.3,69.6,62.8,62.8,3171764.0,207478762.0
2026-07-30,4569,六方科-KY,152.0,152.0,146.5,150.0,100636.0,14976797.0
2026-07-30,4571,鈞興-KY,144.0,145.5,138.5,138.5,282384.0,39818138.0
2026-07-30,4572,駐龍,142.5,142.5,136.0,138.5,33157.0,4570827.0
2026-07-30,4576,大銀微系統,176.0,178.5,162.0,164.5,1635733.0,277372910.0
2026-07-30,4581,光隆精密-KY,50.1,50.5,49.9,50.0,10239.0,513537.0
2026-07-30,4582,聚恆-創,26.5,27.35,26.45,26.7,106312.0,2828001.0
2026-07-30,4583,台灣精銳,493.0,493.0,438.5,450.5,1183259.0,543806399.0
2026-07-30,4585,達明,288.5,288.5,269.5,270.0,414704.0,115111872.0
2026-07-30,4588,玖鼎電力,49.0,50.0,48.85,49.0,77974.0,3847565.0
2026-07-30,4590,富田-創,75.2,77.9,75.2,77.5,148327.0,11418894.0
2026-07-30,4720,德淵,18.1,18.35,17.5,17.5,638265.0,11411441.0
2026-07-30,4722,國精化,151.0,168.0,151.0,160.5,1351444.0,218111680.0
2026-07-30,4736,泰博,129.0,129.0,127.0,127.0,123729.0,15807023.0
2026-07-30,4737,華廣,59.1,59.1,55.9,56.2,88001.0,5003058.0
2026-07-30,4739,康普,71.5,73.2,68.8,69.1,1549358.0,109601390.0
2026-07-30,4746,台耀,49.0,50.2,49.0,49.35,380920.0,18890741.0
2026-07-30,4755,三福化,104.0,105.5,102.0,103.5,368064.0,38171007.0
2026-07-30,4763,材料*-KY,47.2,49.35,47.15,47.6,10744289.0,518980288.0
2026-07-30,4764,雙鍵,228.0,268.0,228.0,236.5,4351338.0,1087208997.0
2026-07-30,4766,南寶,310.0,315.0,306.5,308.5,195474.0,60589640.0
2026-07-30,4770,上品,214.5,215.0,208.0,212.0,426793.0,89883023.0
2026-07-30,4771,望隼,182.5,183.0,178.5,181.5,111413.0,20152613.0
2026-07-30,4807,日成-KY,37.25,37.65,36.6,37.0,215724.0,7987936.0
2026-07-30,4904,遠傳,106.5,106.5,104.0,105.5,15031332.0,1578482996.0
2026-07-30,4906,正文,29.95,30.6,28.65,28.95,5021270.0,147541913.0
2026-07-30,4912,聯德控股-KY,78.4,80.5,77.6,79.0,291893.0,23031751.0
2026-07-30,4915,致伸,63.0,64.3,62.9,63.6,2688056.0,171225526.0
2026-07-30,4916,事欣科,90.0,94.4,88.0,88.5,3452652.0,313692716.0
2026-07-30,4919,新唐,100.5,115.0,100.5,106.5,10714077.0,1161683717.0
2026-07-30,4927,泰鼎-KY,26.35,28.95,26.35,26.9,4704999.0,129944682.0
2026-07-30,4930,燦星網,15.6,16.0,15.4,15.8,75469.0,1179524.0
2026-07-30,4934,太極,13.65,13.95,13.25,13.35,452868.0,6170904.0
2026-07-30,4935,茂林-KY,35.3,35.3,33.7,33.7,145541.0,4993940.0
2026-07-30,4938,和碩,81.1,81.5,79.1,80.5,11096830.0,891156939.0
2026-07-30,4942,嘉彰,34.5,34.5,33.9,34.3,138836.0,4744519.0
2026-07-30,4943,康控-KY,8.69,8.69,7.95,8.37,32161.0,258459.0
2026-07-30,4949,有成精密,56.2,57.8,54.0,55.0,825016.0,46043545.0
2026-07-30,4952,凌通,43.1,44.6,42.0,43.0,493438.0,21382440.0
2026-07-30,4956,光鋐,25.35,25.5,23.5,24.25,2828749.0,69237549.0
2026-07-30,4958,臻鼎-KY,395.0,420.5,368.0,376.0,64944972.0,25758385227.0
2026-07-30,4960,誠美材,18.65,18.95,17.8,17.95,2877468.0,52885274.0
2026-07-30,4961,天鈺,146.5,150.0,142.5,143.0,586003.0,84963144.0
2026-07-30,4967,十銓,214.5,221.0,208.5,212.5,4528044.0,979666228.0
2026-07-30,4968,立積,86.0,92.0,86.0,88.6,937253.0,83756393.0
2026-07-30,4976,佳凌,38.0,41.0,33.95,33.95,20536998.0,772009768.0
2026-07-30,4977,眾達-KY,111.0,114.0,105.0,106.5,2353986.0,256853450.0
2026-07-30,4989,榮科,54.8,56.8,50.1,51.0,5818674.0,311630341.0
2026-07-30,4994,傳奇,93.9,93.9,92.1,93.4,10004.0,934169.0
2026-07-30,4999,鑫禾,18.65,18.65,18.35,18.35,58981.0,1087750.0
2026-07-30,5007,三星,56.9,56.9,56.2,56.5,28076.0,1589416.0
2026-07-30,5203,訊連,63.7,63.9,62.0,62.5,232136.0,14548854.0
2026-07-30,5215,科嘉-KY,37.75,38.1,37.0,37.55,59571.0,2233718.0
2026-07-30,5222,全訊,104.0,106.0,102.5,104.0,373163.0,38889598.0
2026-07-30,5225,東科-KY,70.7,71.1,69.5,70.7,279818.0,19764553.0
2026-07-30,5234,達興材料,300.0,302.0,289.5,293.5,312696.0,92791547.0
2026-07-30,5236,凌陽創新,139.0,139.0,133.5,134.0,228044.0,30995549.0
2026-07-30,5243,乙盛-KY,74.0,75.9,71.2,71.9,1651914.0,121383289.0
2026-07-30,5244,弘凱,28.85,29.6,28.75,28.8,150264.0,4386682.0
2026-07-30,5258,虹堡,48.55,49.25,47.25,49.0,752120.0,36465357.0
2026-07-30,5269,祥碩,1425.0,1425.0,1305.0,1305.0,1375024.0,1873541675.0
2026-07-30,5283,禾聯碩,54.0,54.0,52.7,53.1,70462.0,3752769.0
2026-07-30,5284,jpp-KY,255.0,266.5,251.0,251.5,511097.0,131419312.0
2026-07-30,5285,界霖,66.4,68.8,64.1,64.8,1298693.0,86047265.0
2026-07-30,5288,豐祥-KY,183.0,187.0,180.0,185.5,156427.0,28795315.0
2026-07-30,5292,華懋,162.0,162.0,151.0,151.0,88402.0,13750910.0
2026-07-30,5306,桂盟,89.9,89.9,88.0,89.0,113887.0,10134074.0
2026-07-30,5388,中磊,81.4,82.1,78.8,79.1,4462046.0,358347804.0
2026-07-30,5434,崇越,488.0,496.0,473.0,475.5,1459047.0,704894981.0
2026-07-30,5469,瀚宇博,64.5,66.3,62.0,62.8,2236436.0,142863417.0
2026-07-30,5471,松翰,46.2,48.9,45.4,46.8,1642438.0,77616644.0
2026-07-30,5484,慧友,38.35,38.5,36.3,36.5,260414.0,9752431.0
2026-07-30,5515,建國,42.65,43.15,41.6,42.9,429950.0,18206244.0
2026-07-30,5519,隆大,28.05,28.05,27.45,27.9,286911.0,7975377.0
2026-07-30,5521,工信,9.79,9.82,9.6,9.6,2824174.0,27337137.0
2026-07-30,5522,遠雄,66.5,66.5,65.0,65.4,333623.0,21834665.0
2026-07-30,5525,順天,23.15,23.15,22.55,22.7,90124.0,2052535.0
2026-07-30,5531,鄉林,7.96,7.96,7.75,7.75,429400.0,3354847.0
2026-07-30,5533,皇鼎,14.3,14.3,14.1,14.3,135100.0,1922970.0
2026-07-30,5534,長虹,78.1,78.9,77.4,78.4,468560.0,36668761.0
2026-07-30,5538,東明-KY,34.8,34.8,33.5,33.5,28000.0,954600.0
2026-07-30,5546,永固-KY,14.8,14.8,13.7,14.0,31000.0,445450.0
2026-07-30,5607,遠雄港,47.3,48.2,46.6,47.2,423540.0,20069901.0
2026-07-30,5608,四維航,13.05,13.1,12.8,12.9,1117441.0,14478554.0
2026-07-30,5706,鳳凰,45.55,45.55,44.5,44.7,242619.0,10914587.0
2026-07-30,5871,中租-KY,112.5,112.5,109.5,110.5,11056217.0,1223539060.0
2026-07-30,5876,上海商銀,44.4,45.0,43.9,44.8,15409413.0,686188536.0
2026-07-30,5880,合庫金,26.1,27.0,25.8,27.0,70684510.0,1876699620.0
2026-07-30,5906,台南-KY,42.5,42.5,36.7,39.7,10000.0,399900.0
2026-07-30,5907,大洋-KY,4.63,4.7,4.59,4.6,229999.0,1068115.0
2026-07-30,6005,群益證,32.75,33.35,32.15,32.75,6888687.0,225582401.0
2026-07-30,6024,群益期,63.0,63.8,62.6,62.9,1423569.0,89799949.0
2026-07-30,6108,競國,16.4,16.7,16.25,16.25,993068.0,16217857.0
2026-07-30,6112,邁達特,38.9,39.0,37.3,37.9,371113.0,14187179.0
2026-07-30,6115,鎰勝,45.85,45.85,45.05,45.15,188637.0,8564498.0
2026-07-30,6116,彩晶,11.65,12.8,11.55,11.8,39052598.0,475029528.0
2026-07-30,6117,迎廣,65.0,65.0,62.0,62.0,324938.0,20547144.0
2026-07-30,6120,達運,12.0,12.75,11.95,12.4,9555434.0,120531342.0
2026-07-30,6128,上福,19.9,20.05,19.65,19.85,39796.0,788008.0
2026-07-30,6133,金橋,19.0,19.65,18.85,18.95,606980.0,11684036.0
2026-07-30,6136,富爾特,24.05,24.1,23.75,24.1,131401.0,3143875.0
2026-07-30,6139,亞翔,655.0,698.0,633.0,643.0,4990330.0,3308110236.0
2026-07-30,6141,柏承,27.7,31.05,27.7,29.25,1397186.0,40765046.0
2026-07-30,6142,友勁,9.55,9.56,9.19,9.2,1463593.0,13671807.0
2026-07-30,6152,百一,11.3,11.55,11.0,11.0,491981.0,5508506.0
2026-07-30,6153,嘉聯益,14.15,14.3,13.5,13.5,5675959.0,78686414.0
2026-07-30,6155,鈞寶,49.55,52.5,45.0,46.6,4225434.0,208551716.0
2026-07-30,6164,華興,11.1,11.2,10.7,10.9,661586.0,7217500.0
2026-07-30,6165,浪凡,47.5,48.25,46.95,47.3,329697.0,15746133.0
2026-07-30,6166,凌華,136.5,136.5,125.5,125.5,2944854.0,376958221.0
2026-07-30,6168,宏齊,20.05,20.9,19.6,19.8,2007369.0,40617636.0
2026-07-30,6176,瑞儀,82.9,87.1,82.9,84.8,5860925.0,499681377.0
2026-07-30,6177,達麗,47.55,48.15,46.8,47.45,1501072.0,71332364.0
2026-07-30,6183,關貿,93.5,93.5,91.3,91.3,25657.0,2364030.0
2026-07-30,6184,大豐電,42.6,42.9,42.05,42.3,48641.0,2059901.0
2026-07-30,6189,豐藝,46.1,46.1,44.85,44.95,590871.0,26779221.0
2026-07-30,6191,精成科,79.0,81.4,76.9,77.4,2469882.0,195414782.0
2026-07-30,6192,巨路,108.5,108.5,105.0,107.0,297512.0,31716994.0
2026-07-30,6196,帆宣,445.0,464.0,427.0,436.0,1267067.0,564546159.0
2026-07-30,6197,佳必琪,274.5,282.0,260.0,265.5,2103320.0,571231411.0
2026-07-30,6201,亞弘電,49.0,49.0,48.25,48.35,21575.0,1045775.0
2026-07-30,6202,盛群,45.4,49.55,44.8,48.6,7787732.0,377469164.0
2026-07-30,6205,詮欣,51.7,53.0,50.1,50.5,792779.0,40824338.0
2026-07-30,6206,飛捷,121.0,122.0,116.0,118.0,1711105.0,202766382.0
2026-07-30,6209,今國光,62.4,66.0,56.7,57.9,7187187.0,443393069.0
2026-07-30,6213,聯茂,239.0,266.0,237.0,239.5,20665200.0,5166930752.0
2026-07-30,6214,精誠,144.0,146.0,142.0,143.5,1773074.0,254616554.0
2026-07-30,6215,和椿,82.4,84.8,79.5,80.2,1058121.0,86611058.0
2026-07-30,6216,居易,21.5,21.85,21.5,21.55,171756.0,3716546.0
2026-07-30,6224,聚鼎,50.3,51.0,47.7,48.2,436623.0,21480241.0
2026-07-30,6225,天瀚,24.0,25.0,22.75,23.2,25304.0,602385.0
2026-07-30,6226,光鼎,23.7,24.5,20.3,20.3,40652847.0,900780801.0
2026-07-30,6230,尼得科超眾,101.0,108.0,101.0,105.5,216717.0,22571516.0
2026-07-30,6235,華孚,35.3,35.75,34.55,34.85,495280.0,17326226.0
2026-07-30,6239,力成,221.5,230.0,210.0,214.5,24864427.0,5505650537.0
2026-07-30,6243,迅杰,50.1,51.1,46.1,46.1,3821820.0,182894510.0
2026-07-30,6257,矽格,178.0,186.5,171.5,173.5,7139712.0,1277351329.0
2026-07-30,6269,台郡,48.85,49.05,46.0,46.0,4665923.0,220237985.0
2026-07-30,6271,同欣電,146.5,154.5,142.0,149.0,9176548.0,1377416058.0
2026-07-30,6272,驊陞,22.8,24.85,22.8,23.6,429639.0,10305416.0
2026-07-30,6277,宏正,75.5,75.9,74.2,74.7,289689.0,21695598.0
2026-07-30,6278,台表科,134.0,140.5,128.0,130.5,4205312.0,562655162.0
2026-07-30,6281,全國電,52.1,52.1,51.6,51.8,49038.0,2540844.0
2026-07-30,6282,康舒,40.3,41.3,38.4,38.85,13113096.0,521332207.0
2026-07-30,6283,淳安,19.75,20.1,19.2,19.75,231632.0,4538431.0
2026-07-30,6285,啟碁,213.5,217.0,199.5,204.0,9826228.0,2044947176.0
2026-07-30,6405,悅城,33.65,34.4,31.65,32.1,997221.0,32861596.0
2026-07-30,6409,旭隼,928.0,942.0,869.0,888.0,594477.0,535933453.0
2026-07-30,6412,群電,78.1,78.8,74.9,75.4,1210480.0,92723185.0
2026-07-30,6414,樺漢,428.0,428.0,393.0,403.0,4346132.0,1765272888.0
2026-07-30,6415,矽力*-KY,376.0,394.0,362.0,375.5,6257777.0,2358182394.0
2026-07-30,6416,瑞祺電通,91.4,92.9,86.0,86.5,812567.0,72120034.0
2026-07-30,6426,統新,147.5,152.0,135.5,137.5,852332.0,121793863.0
2026-07-30,6431,光麗-KY,16.4,16.4,15.55,16.3,515063.0,8108929.0
2026-07-30,6438,迅得,130.5,132.5,126.5,126.5,436283.0,56302700.0
2026-07-30,6442,光聖,1010.0,1145.0,1000.0,1050.0,2964502.0,3185443265.0
2026-07-30,6443,元晶,23.15,23.6,22.15,22.25,8371293.0,190216043.0
2026-07-30,6446,藥華藥,1065.0,1075.0,1015.0,1025.0,2848411.0,2970337425.0
2026-07-30,6449,鈺邦,200.5,210.0,187.0,191.5,1186229.0,235303450.0
2026-07-30,6451,訊芯-KY,308.5,351.5,308.5,322.0,4829234.0,1586183575.0
2026-07-30,6456,GIS-KY,54.8,54.8,50.8,51.2,2539157.0,134338454.0
2026-07-30,6464,台數科,79.6,79.6,78.4,78.4,17091.0,1349764.0
2026-07-30,6472,保瑞,383.0,395.0,378.0,384.0,894925.0,346226752.0
2026-07-30,6477,安集,34.2,35.2,32.35,32.6,2626699.0,87688222.0
2026-07-30,6491,晶碩,317.5,324.0,314.0,321.5,485800.0,154947902.0
2026-07-30,6504,南六,41.0,41.0,39.35,39.6,70597.0,2815775.0
2026-07-30,6505,台塑化,77.0,78.0,71.0,71.6,38960875.0,2867916641.0
2026-07-30,6515,穎崴,5260.0,5535.0,5155.0,5290.0,565636.0,3020615835.0
2026-07-30,6525,捷敏-KY,119.5,122.5,110.0,112.0,2628170.0,306051909.0
2026-07-30,6526,達發,507.0,517.0,485.0,493.0,540018.0,269097512.0
2026-07-30,6531,愛普*,570.0,672.0,570.0,607.0,9513602.0,5901049987.0
2026-07-30,6533,晶心科,197.5,211.5,194.5,202.0,988434.0,201925407.0
2026-07-30,6534,正瀚-創,93.2,94.0,93.1,93.8,138114.0,12921020.0
2026-07-30,6541,泰福-KY,37.85,38.05,36.5,36.6,412336.0,15276683.0
2026-07-30,6550,北極星藥業-KY,11.6,11.6,11.0,11.1,1228862.0,13723085.0
2026-07-30,6552,易華電,22.95,23.65,22.8,22.95,216667.0,5013747.0
2026-07-30,6558,興能高,23.0,23.9,22.55,22.6,532015.0,12333325.0
2026-07-30,6573,虹揚-KY,15.5,16.5,15.0,15.05,418521.0,6514780.0
2026-07-30,6579,研揚,156.0,157.5,147.5,149.0,1241849.0,187692765.0
2026-07-30,6581,鋼聯,108.0,108.5,107.0,108.0,22161.0,2387927.0
2026-07-30,6582,申豐,32.6,32.6,31.9,32.0,34776.0,1118348.0
2026-07-30,6585,鼎基,108.5,110.5,105.0,107.5,294801.0,31697871.0
2026-07-30,6589,台康生技,46.35,46.35,45.05,45.05,494857.0,22499610.0
2026-07-30,6591,動力-KY,42.3,44.0,42.0,42.55,162287.0,6913521.0
2026-07-30,6592,和潤企業,60.6,61.0,59.6,60.9,449203.0,27149957.0
2026-07-30,6598,ABC-KY,30.95,30.95,28.0,28.75,910459.0,26381934.0
2026-07-30,6605,帝寶,131.5,133.0,130.0,131.5,421719.0,55533782.0
2026-07-30,6606,建德工業,25.55,25.95,25.5,25.75,110010.0,2827706.0
2026-07-30,6614,資拓宏宇,36.95,37.0,36.3,36.3,73303.0,2694941.0
2026-07-30,6625,必應,73.5,74.7,72.9,72.9,151577.0,11148295.0
2026-07-30,6641,基士德-KY,16.8,17.25,16.8,17.2,3500.0,59662.0
2026-07-30,6645,金萬林-創,14.1,14.1,13.2,13.2,27512.0,367911.0
2026-07-30,6655,科定,124.0,124.0,119.0,119.5,7105.0,861065.0
2026-07-30,6657,華安,30.85,30.85,29.0,29.4,310507.0,9129980.0
2026-07-30,6658,聯策,137.0,139.5,128.5,130.0,596086.0,79963380.0
2026-07-30,6666,羅麗芬-KY,44.5,44.5,44.5,44.5,1000.0,44500.0
2026-07-30,6668,中揚光,36.75,39.05,33.45,33.45,4510985.0,163318470.0
2026-07-30,6669,緯穎,5055.0,5185.0,4865.0,4900.0,2283686.0,11354649146.0
2026-07-30,6670,復盛應用,267.5,269.0,261.0,261.5,226569.0,59982210.0
2026-07-30,6671,三能-KY,23.3,23.45,22.8,22.95,227025.0,5293125.0
2026-07-30,6672,騰輝電子-KY,179.5,193.0,178.0,181.0,2854432.0,529530107.0
2026-07-30,6674,鋐寶科技,15.45,15.95,15.25,15.3,17000.0,262100.0
2026-07-30,6689,伊雲谷,56.8,56.9,55.0,55.7,137976.0,7726330.0
2026-07-30,6691,洋基工程,622.0,642.0,602.0,607.0,777643.0,481141111.0
2026-07-30,6695,芯鼎,45.75,47.1,45.0,45.85,683075.0,31531983.0
2026-07-30,6698,旭暉應材,30.3,31.8,29.5,29.5,205555.0,6198437.0
2026-07-30,6706,惠特,89.0,94.7,87.8,88.5,1648075.0,150389011.0
2026-07-30,6715,嘉基,291.0,323.5,290.0,294.5,1002456.0,307125855.0
2026-07-30,6719,力智,198.0,202.5,185.0,188.0,1682728.0,325919231.0
2026-07-30,6722,輝創,33.5,33.5,31.8,32.9,67468.0,2189212.0
2026-07-30,6742,澤米,41.5,45.0,39.35,39.5,900247.0,37568301.0
2026-07-30,6743,安普新,30.0,30.0,29.4,29.6,300779.0,8942546.0
2026-07-30,6753,龍德造船,126.0,129.5,123.0,123.0,1435274.0,180148473.0
2026-07-30,6754,匯僑設計,42.95,42.95,41.95,41.95,19482.0,820424.0
2026-07-30,6756,威鋒電子,86.2,88.8,83.4,84.5,190356.0,16304780.0
2026-07-30,6757,台灣虎航,54.9,55.4,54.0,54.9,1122093.0,61279299.0
2026-07-30,6768,志強-KY,69.9,69.9,68.0,69.0,503520.0,34614530.0
2026-07-30,6770,力積電,48.0,54.7,48.0,49.55,192111911.0,9903359928.0
2026-07-30,6771,平和環保-創,38.35,38.35,38.05,38.05,5020.0,191770.0
2026-07-30,6776,展碁國際,51.4,52.6,51.2,51.7,216563.0,11200859.0
2026-07-30,6781,AES-KY,853.0,886.0,838.0,842.0,594951.0,511110164.0
2026-07-30,6782,視陽,178.5,179.5,177.0,179.0,123882.0,22043583.0
2026-07-30,6789,采鈺,400.0,416.5,383.0,385.0,2061319.0,820586451.0
2026-07-30,6790,永豐實,39.3,39.3,38.8,38.95,176912.0,6907562.0
2026-07-30,6792,詠業,49.75,52.0,49.25,52.0,84098.0,4294784.0
2026-07-30,6794,向榮生技,76.0,76.0,73.6,75.8,34100.0,2553310.0
2026-07-30,6796,晉弘,54.5,57.2,54.2,54.7,64200.0,3557040.0
2026-07-30,6799,來頡,71.0,73.8,70.8,71.5,356349.0,25617966.0
2026-07-30,6805,富世達,1240.0,1295.0,1205.0,1230.0,1070886.0,1332408910.0
2026-07-30,6807,峰源-KY,34.65,34.65,34.65,34.65,1000.0,34650.0
2026-07-30,6830,汎銓,314.0,343.5,307.0,316.0,2436292.0,789787902.0
2026-07-30,6831,邁科,460.0,530.0,460.0,477.5,1941503.0,945933298.0
2026-07-30,6834,天二科技,70.2,78.8,70.2,72.6,3403786.0,253179831.0
2026-07-30,6835,圓裕,30.2,30.35,29.6,30.0,31077.0,930975.0
2026-07-30,6838,台新藥,24.3,24.4,23.4,23.4,178030.0,4243761.0
2026-07-30,6854,錼創科技-KY創,88.0,88.2,82.0,82.9,492961.0,41732630.0
2026-07-30,6861,睿生光電,181.0,186.0,168.0,174.0,457923.0,81370678.0
2026-07-30,6862,三集瑞-KY,120.0,124.0,115.5,117.0,373206.0,44330572.0
2026-07-30,6863,永道-KY,121.5,128.5,119.0,124.5,832343.0,102288642.0
2026-07-30,6869,雲豹能源,63.5,66.0,63.5,65.1,490815.0,31948725.0
2026-07-30,6873,泓德能源,78.2,79.6,76.7,77.0,352263.0,27462567.0
2026-07-30,6885,全福生技,20.7,21.05,20.35,20.35,291222.0,6017950.0
2026-07-30,6887,寶綠特-KY,37.65,38.5,36.05,36.05,21168.0,782564.0
2026-07-30,6890,來億-KY,176.0,176.0,165.5,168.0,432506.0,73199033.0
2026-07-30,6901,鑽石投資,16.75,16.75,15.75,15.75,2410321.0,38729880.0
2026-07-30,6902,GOGOLOOK,111.0,120.0,110.0,120.0,78150.0,8784759.0
2026-07-30,6906,現觀科,68.0,68.9,65.6,67.9,67653.0,4526110.0
2026-07-30,6908,宏碁遊戲-創,32.85,32.85,32.85,32.85,2000.0,65700.0
2026-07-30,6909,創控,38.1,39.15,37.15,37.5,350394.0,13391697.0
2026-07-30,6914,阜爾運通,146.0,149.0,145.5,147.0,198756.0,29268336.0
2026-07-30,6916,華凌,18.0,18.0,17.0,17.0,36001.0,623716.0
2026-07-30,6918,愛派司,70.6,70.6,68.6,68.8,46606.0,3231061.0
2026-07-30,6919,康霈*,102.0,103.0,99.0,103.0,5196661.0,523724035.0
2026-07-30,6921,嘉雨思-創,55.0,57.2,55.0,57.1,6140.0,345729.0
2026-07-30,6923,中台,77.1,77.1,74.1,75.8,119080.0,8903627.0
2026-07-30,6924,榮惠-KY創,97.6,99.4,94.8,97.0,45152.0,4367347.0
2026-07-30,6928,攸泰科技,45.65,46.6,44.3,44.8,179463.0,8118328.0
2026-07-30,6931,青松健康,37.5,37.65,36.1,36.2,85181.0,3152689.0
2026-07-30,6933,AMAX-KY,146.5,148.5,135.0,137.5,409585.0,57995870.0
2026-07-30,6934,心誠鎂,74.5,74.5,70.2,73.5,49130.0,3506325.0
2026-07-30,6936,永鴻生技,31.9,31.9,31.6,31.6,11054.0,350966.0
2026-07-30,6937,天虹,241.0,242.0,231.0,235.0,397475.0,94027968.0
2026-07-30,6944,兆聯實業,676.0,692.0,658.0,659.0,810883.0,546684122.0
2026-07-30,6947,台鎔科技,68.3,70.8,68.3,68.6,400016.0,27708171.0
2026-07-30,6949,沛爾生醫-創,796.0,840.0,757.0,790.0,238392.0,190739488.0
2026-07-30,6951,青新-創,70.4,70.7,70.1,70.5,18316.0,1292780.0
2026-07-30,6952,大武山,34.4,34.9,33.75,33.75,12105.0,413246.0
2026-07-30,6955,邦睿生技-創,113.0,113.0,113.0,113.0,1005.0,113560.0
2026-07-30,6957,裕慶-KY,222.0,222.0,207.0,208.0,133450.0,28453912.0
2026-07-30,6958,日盛台駿,19.15,19.15,18.45,18.65,77445.0,1445469.0
2026-07-30,6962,奕力-KY,29.15,29.8,28.6,29.0,1721177.0,50315817.0
2026-07-30,6965,中傑-KY,79.4,79.4,76.9,76.9,33302.0,2596403.0
2026-07-30,6969,成信實業*-創,28.15,30.5,28.15,29.25,280124.0,8360523.0
2026-07-30,6988,威力暘-創,12.6,12.6,11.95,11.95,37000.0,449350.0
2026-07-30,6994,富威電力,38.65,38.75,37.5,37.5,465330.0,17665538.0
2026-07-30,7610,聯友金屬-創,1095.0,1305.0,1095.0,1095.0,1259699.0,1451165175.0
2026-07-30,7631,聚賢研發-創,130.0,133.5,121.5,129.5,31186.0,4003524.0
2026-07-30,7689,大鵬科CLMX,178.0,179.0,172.0,177.5,244476.0,43139272.0
2026-07-30,7705,三商餐飲,30.2,30.2,29.95,29.95,18514.0,556426.0
2026-07-30,7711,永擎,279.5,284.0,273.0,277.5,183515.0,50872013.0
2026-07-30,7721,微程式,56.2,58.5,55.2,55.7,141116.0,7963430.0
2026-07-30,7722,LINEPAY,279.0,279.0,264.5,267.0,104514.0,28145794.0
2026-07-30,7730,暉盛-創,146.5,148.5,135.5,137.5,114093.0,16016438.0
2026-07-30,7732,金興精密,34.75,35.2,34.0,34.55,30000.0,1029300.0
2026-07-30,7736,虎山,71.0,71.0,68.3,70.3,32105.0,2221070.0
2026-07-30,7740,熙特爾-創,145.0,145.0,140.0,140.5,140019.0,19836925.0
2026-07-30,7749,意騰-KY,312.0,316.0,302.0,305.0,230486.0,71045635.0
2026-07-30,7750,新代,1905.0,2000.0,1825.0,1850.0,228491.0,431686875.0
2026-07-30,7760,享溫馨,35.0,35.0,33.3,34.0,70114.0,2357131.0
2026-07-30,7765,中華資安,223.5,224.5,221.5,223.0,27081.0,6042632.0
2026-07-30,7768,頌勝科技,246.0,249.5,232.0,234.0,153559.0,37214706.0
2026-07-30,7769,鴻勁,5235.0,5620.0,5060.0,5620.0,1628115.0,8988859930.0
2026-07-30,7780,大研生醫*,16.7,16.75,16.35,16.55,980151.0,16200635.0
2026-07-30,7786,東方風能,125.0,125.0,121.5,122.5,205655.0,25322048.0
2026-07-30,7788,松川精密,184.5,188.5,171.5,173.5,1413971.0,253246118.0
2026-07-30,7791,皇家可口,60.2,60.2,59.8,60.0,42737.0,2564205.0
2026-07-30,7795,長廣,335.0,371.5,329.0,332.0,964628.0,335150117.0
2026-07-30,7799,禾榮科,343.5,353.0,335.0,340.0,428532.0,146613178.0
2026-07-30,7803,雲象科技-創,19.1,19.7,19.0,19.05,85120.0,1640975.0
2026-07-30,7818,溢泰實業,66.9,66.9,64.4,65.6,98383.0,6416518.0
2026-07-30,7821,神數,40.5,40.5,39.25,39.9,117632.0,4666114.0
2026-07-30,7822,倍利科,768.0,783.0,710.0,729.0,188400.0,139543645.0
2026-07-30,7823,奧義賽博-KY創,76.8,78.2,76.1,76.7,15476.0,1191760.0
2026-07-30,7827,漢康-KY創,138.0,141.0,136.0,140.0,352464.0,49075207.0
2026-07-30,7835,永悅健康-創,34.7,34.7,29.0,30.6,118646.0,3580623.0
2026-07-30,8011,台通,15.45,16.1,15.45,15.6,804317.0,12708047.0
2026-07-30,8016,矽創,262.5,266.0,251.0,254.5,1140365.0,294225787.0
2026-07-30,8021,尖點,290.5,320.0,285.0,294.0,8605059.0,2589975920.0
2026-07-30,8028,昇陽半導體,227.0,251.0,227.0,227.5,2357629.0,549497316.0
2026-07-30,8033,雷虎,145.0,158.0,145.0,150.0,1582387.0,241414270.0
2026-07-30,8039,台虹,158.0,177.0,158.0,158.0,36623427.0,5999765771.0
2026-07-30,8045,達運光電,55.5,55.5,52.4,52.4,192252.0,10267888.0
2026-07-30,8046,南電,817.0,954.0,792.0,837.0,40319290.0,35890175163.0
2026-07-30,8070,長華*,42.05,43.15,41.2,41.55,3663131.0,154312789.0
2026-07-30,8072,陞泰,25.45,26.0,25.15,25.7,183204.0,4674336.0
2026-07-30,8081,致新,242.0,245.0,231.5,232.0,906006.0,214988219.0
2026-07-30,8101,華冠,12.8,12.8,12.8,12.8,1187.0,15153.0
2026-07-30,8103,瀚荃,68.5,70.7,66.3,67.7,1535941.0,104444499.0
2026-07-30,8104,錸寶,29.15,29.5,28.05,28.1,766277.0,21999973.0
2026-07-30,8105,凌巨,14.9,15.35,14.5,14.6,3884022.0,57845531.0
2026-07-30,8110,華東,33.2,36.25,33.1,33.75,8185668.0,284107704.0
2026-07-30,8112,至上,76.2,78.9,73.6,75.6,10179462.0,776528109.0
2026-07-30,8114,振樺電,203.0,204.5,189.0,191.5,2245380.0,430044992.0
2026-07-30,8131,福懋科,52.9,54.8,50.8,51.1,5087798.0,268137022.0
2026-07-30,8150,南茂,66.2,72.3,65.7,66.0,43913300.0,3005727932.0
2026-07-30,8162,微矽電子-創,48.65,49.6,44.7,45.5,413566.0,19459019.0
2026-07-30,8163,達方,28.9,29.4,28.3,28.6,1298901.0,37385888.0
2026-07-30,8201,無敵,11.7,11.9,11.0,11.5,75190.0,866076.0
2026-07-30,8210,勤誠,970.0,1010.0,942.0,951.0,914481.0,888411550.0
2026-07-30,8213,志超,29.2,29.4,28.35,28.5,846411.0,24270363.0
2026-07-30,8215,明基材,21.7,22.65,21.0,21.7,928171.0,20272707.0
2026-07-30,8222,寶一,35.2,35.95,34.0,34.1,817613.0,28469877.0
2026-07-30,8249,菱光,40.5,40.5,39.0,39.5,373881.0,14838630.0
2026-07-30,8261,富鼎,164.5,175.5,158.0,158.0,8071883.0,1338482435.0
2026-07-30,8271,宇瞻,217.5,229.0,200.5,204.0,18618466.0,4012621586.0
2026-07-30,8341,日友,76.2,76.6,75.3,75.4,190798.0,14508794.0
2026-07-30,8367,建新國際,40.4,40.4,40.15,40.25,13062.0,525911.0
2026-07-30,8374,羅昇,70.0,70.5,65.9,66.8,375402.0,25491506.0
2026-07-30,8404,百和興業-KY,16.65,16.65,16.35,16.35,193334.0,3176856.0
2026-07-30,8411,福貞-KY,12.95,12.95,12.8,12.95,68295.0,880381.0
2026-07-30,8422,可寧衛*,24.55,24.65,24.2,24.35,6085380.0,148391737.0
2026-07-30,8429,金麗-KY,6.0,6.03,5.98,6.01,231780.0,1393240.0
2026-07-30,8438,昶昕,55.6,56.8,52.8,53.7,779366.0,42548456.0
2026-07-30,8442,威宏-KY,43.95,44.7,43.2,43.25,61204.0,2670027.0
2026-07-30,8443,阿瘦,11.25,11.45,11.25,11.45,21832.0,247116.0
2026-07-30,8454,富邦媒,251.0,251.5,230.0,246.5,2148966.0,520268601.0
2026-07-30,8462,柏文,164.0,173.5,163.0,172.0,577687.0,97544847.0
2026-07-30,8463,潤泰材,21.15,21.25,20.7,20.8,133404.0,2773882.0
2026-07-30,8464,億豐,380.0,385.0,374.5,382.5,778106.0,296887686.0
2026-07-30,8466,美吉吉-KY,16.6,16.8,16.3,16.35,57000.0,938800.0
2026-07-30,8467,波力-KY,104.0,104.0,99.7,99.7,7024.0,710050.0
2026-07-30,8473,山林水,40.4,40.9,39.7,40.0,663428.0,26663421.0
2026-07-30,8476,台境*,19.7,19.8,18.95,19.6,494453.0,9594901.0
2026-07-30,8478,東哥遊艇,151.5,151.5,148.5,149.0,135506.0,20336611.0
2026-07-30,8481,政伸,40.55,40.55,39.9,39.9,21034.0,842324.0
2026-07-30,8482,商億-KY,51.7,52.0,51.4,51.4,7120.0,368148.0
2026-07-30,8487,愛爾達-創,74.5,74.5,74.0,74.1,14712.0,1090923.0
2026-07-30,8488,吉源-KY,9.91,9.98,9.91,9.98,2000.0,19890.0
2026-07-30,8499,鼎炫-KY,248.0,248.0,227.0,227.0,94945.0,22079004.0
2026-07-30,8926,台汽電,60.5,61.0,58.3,58.8,4464228.0,265854996.0
2026-07-30,8940,新天地,16.0,16.1,15.6,15.65,78256.0,1237766.0
2026-07-30,8996,高力,845.0,875.0,774.0,778.0,4186280.0,3397023436.0
2026-07-30,9103,美德醫療-DR,5.13,5.17,5.0,5.06,1456897.0,7358753.0
2026-07-30,9105,泰金寶-DR,7.22,7.65,7.16,7.44,27304721.0,202342970.0
2026-07-30,9110,越南控-DR,3.01,3.15,3.0,3.15,38000.0,119060.0
2026-07-30,9136,巨騰-DR,10.8,10.9,10.55,10.7,289124.0,3104038.0
2026-07-30,9802,鈺齊-KY,72.5,72.5,71.2,71.5,257231.0,18459633.0
2026-07-30,9902,台火,13.65,13.65,13.25,13.25,270365.0,3626220.0
2026-07-30,9904,寶成,24.15,24.2,23.95,24.0,20134289.0,484278720.0
2026-07-30,9905,大華,20.75,20.75,20.5,20.55,121475.0,2495760.0
2026-07-30,9906,欣巴巴,38.45,39.05,37.9,38.0,97326.0,3744437.0
2026-07-30,9907,統一實,15.25,15.35,15.05,15.35,3514014.0,53670573.0
2026-07-30,9908,大台北,29.45,29.45,29.2,29.35,170928.0,5010640.0
2026-07-30,9910,豐泰,71.4,71.4,69.3,70.4,1675173.0,117652342.0
2026-07-30,9911,櫻花,83.0,83.0,82.0,82.1,334890.0,27582232.0
2026-07-30,9912,偉聯,12.45,12.75,12.45,12.65,38509.0,486233.0
2026-07-30,9914,美利達,79.2,79.5,75.5,78.4,4075802.0,316009688.0
2026-07-30,9917,中保科,111.0,111.0,110.0,111.0,438055.0,48441833.0
2026-07-30,9918,欣天然,43.0,43.8,42.3,42.3,56629.0,2411813.0
2026-07-30,9919,康那香,13.8,13.8,13.55,13.6,259963.0,3545775.0
2026-07-30,9921,巨大,87.5,87.7,84.4,86.1,2685876.0,231055665.0
2026-07-30,9924,福興,39.95,39.95,38.55,39.2,531474.0,20743801.0
2026-07-30,9925,新保,40.55,40.75,40.45,40.6,847421.0,34400358.0
2026-07-30,9926,新海,49.95,49.95,49.2,49.6,11134.0,551044.0
2026-07-30,9927,泰銘,69.3,69.5,68.8,68.8,58041.0,4007758.0
2026-07-30,9928,中視,18.15,18.15,17.8,17.95,46000.0,826450.0
2026-07-30,9929,秋雨,11.3,11.3,11.0,11.0,2000.0,22300.0
2026-07-30,9930,中聯資源,64.3,64.3,63.1,63.1,196506.0,12468244.0
2026-07-30,9931,欣高,34.3,34.3,33.6,33.6,35336.0,1194821.0
2026-07-30,9933,中鼎,36.3,36.6,35.55,35.75,2104152.0,75763974.0
2026-07-30,9934,成霖,10.35,10.4,10.2,10.35,566844.0,5838624.0
2026-07-30,9935,慶豐富,19.2,19.4,19.05,19.35,238935.0,4584386.0
2026-07-30,9937,全國,56.8,56.8,55.5,55.5,38376.0,2160144.0
2026-07-30,9938,百和,46.7,46.75,45.0,45.3,1736942.0,80188796.0
2026-07-30,9939,宏全,130.0,130.0,127.0,129.0,2140097.0,274661207.0
2026-07-30,9940,信義,21.0,21.0,20.55,20.85,619435.0,12885570.0
2026-07-30,9941,裕融,82.0,82.4,81.0,81.4,791257.0,64417032.0
2026-07-30,9942,茂順,112.5,114.5,111.0,112.0,296303.0,33439148.0
2026-07-30,9943,好樂迪,53.0,53.1,52.5,52.8,116728.0,6158216.0
2026-07-30,9944,新麗,17.7,17.85,17.5,17.7,42029.0,740847.0
2026-07-30,9945,潤泰新,26.05,26.85,25.85,26.7,9336569.0,246575521.0
2026-07-30,9946,三發地產,18.1,18.1,17.75,18.05,225487.0,4051280.0
2026-07-30,9955,佳龍,22.1,23.0,21.9,22.45,337698.0,7574778.0
2026-07-30,9958,世紀鋼,103.5,105.0,101.0,101.5,1244117.0,127682791.0
2026-07-30,_TAIEX,加權指數,39933.3,39933.3,39933.3,39933.3,0,0
